-- MySQL dump 10.13  Distrib 8.0.40, for macos15.0 (arm64)
--
-- Host: 127.0.1    Database: strapi
-- ------------------------------------------------------
-- Server version	8.0.37

/*!40101 SET @OLD_CHARACTER_SET_CLIENT=@@CHARACTER_SET_CLIENT */;
/*!40101 SET @OLD_CHARACTER_SET_RESULTS=@@CHARACTER_SET_RESULTS */;
/*!40101 SET @OLD_COLLATION_CONNECTION=@@COLLATION_CONNECTION */;
/*!50503 SET NAMES utf8mb4 */;
/*!40103 SET @OLD_TIME_ZONE=@@TIME_ZONE */;
/*!40103 SET TIME_ZONE='+00:00' */;
/*!40014 SET @OLD_UNIQUE_CHECKS=@@UNIQUE_CHECKS, UNIQUE_CHECKS=0 */;
/*!40014 SET @OLD_FOREIGN_KEY_CHECKS=@@FOREIGN_KEY_CHECKS, FOREIGN_KEY_CHECKS=0 */;
/*!40101 SET @OLD_SQL_MODE=@@SQL_MODE, SQL_MODE='NO_AUTO_VALUE_ON_ZERO' */;
/*!40111 SET @OLD_SQL_NOTES=@@SQL_NOTES, SQL_NOTES=0 */;

--
-- Table structure for table `abouts`
--

DROP TABLE IF EXISTS `abouts`;
/*!40101 SET @saved_cs_client     = @@character_set_client */;
/*!50503 SET character_set_client = utf8mb4 */;
CREATE TABLE `abouts` (
  `id` int unsigned NOT NULL AUTO_INCREMENT,
  `document_id` varchar(255) DEFAULT NULL,
  `title` varchar(255) DEFAULT NULL,
  `created_at` datetime(6) DEFAULT NULL,
  `updated_at` datetime(6) DEFAULT NULL,
  `published_at` datetime(6) DEFAULT NULL,
  `created_by_id` int unsigned DEFAULT NULL,
  `updated_by_id` int unsigned DEFAULT NULL,
  `locale` varchar(255) DEFAULT NULL,
  PRIMARY KEY (`id`),
  KEY `abouts_documents_idx` (`document_id`,`locale`,`published_at`),
  KEY `abouts_created_by_id_fk` (`created_by_id`),
  KEY `abouts_updated_by_id_fk` (`updated_by_id`),
  CONSTRAINT `abouts_created_by_id_fk` FOREIGN KEY (`created_by_id`) REFERENCES `admin_users` (`id`) ON DELETE SET NULL,
  CONSTRAINT `abouts_updated_by_id_fk` FOREIGN KEY (`updated_by_id`) REFERENCES `admin_users` (`id`) ON DELETE SET NULL
) ENGINE=InnoDB AUTO_INCREMENT=2 DEFAULT CHARSET=utf8mb4 COLLATE=utf8mb4_0900_ai_ci;
/*!40101 SET character_set_client = @saved_cs_client */;

--
-- Dumping data for table `abouts`
--

LOCK TABLES `abouts` WRITE;
/*!40000 ALTER TABLE `abouts` DISABLE KEYS */;
INSERT INTO `abouts` VALUES (1,'bkzd3j4qrcdmp86up7ngc8gg','About the strapi blog','2024-11-15 15:42:17.523000','2024-11-15 15:42:17.523000','2024-11-15 15:42:17.513000',NULL,NULL,NULL);
/*!40000 ALTER TABLE `abouts` ENABLE KEYS */;
UNLOCK TABLES;

--
-- Table structure for table `abouts_cmps`
--

DROP TABLE IF EXISTS `abouts_cmps`;
/*!40101 SET @saved_cs_client     = @@character_set_client */;
/*!50503 SET character_set_client = utf8mb4 */;
CREATE TABLE `abouts_cmps` (
  `id` int unsigned NOT NULL AUTO_INCREMENT,
  `entity_id` int unsigned DEFAULT NULL,
  `cmp_id` int unsigned DEFAULT NULL,
  `component_type` varchar(255) DEFAULT NULL,
  `field` varchar(255) DEFAULT NULL,
  `order` double unsigned DEFAULT NULL,
  PRIMARY KEY (`id`),
  UNIQUE KEY `abouts_uq` (`entity_id`,`cmp_id`,`field`,`component_type`),
  KEY `abouts_field_idx` (`field`),
  KEY `abouts_component_type_idx` (`component_type`),
  KEY `abouts_entity_fk` (`entity_id`),
  CONSTRAINT `abouts_entity_fk` FOREIGN KEY (`entity_id`) REFERENCES `abouts` (`id`) ON DELETE CASCADE
) ENGINE=InnoDB AUTO_INCREMENT=4 DEFAULT CHARSET=utf8mb4 COLLATE=utf8mb4_0900_ai_ci;
/*!40101 SET character_set_client = @saved_cs_client */;

--
-- Dumping data for table `abouts_cmps`
--

LOCK TABLES `abouts_cmps` WRITE;
/*!40000 ALTER TABLE `abouts_cmps` DISABLE KEYS */;
INSERT INTO `abouts_cmps` VALUES (1,1,6,'shared.quote','blocks',NULL),(2,1,11,'shared.rich-text','blocks',NULL),(3,1,6,'shared.media','blocks',NULL);
/*!40000 ALTER TABLE `abouts_cmps` ENABLE KEYS */;
UNLOCK TABLES;

--
-- Table structure for table `admin_permissions`
--

DROP TABLE IF EXISTS `admin_permissions`;
/*!40101 SET @saved_cs_client     = @@character_set_client */;
/*!50503 SET character_set_client = utf8mb4 */;
CREATE TABLE `admin_permissions` (
  `id` int unsigned NOT NULL AUTO_INCREMENT,
  `document_id` varchar(255) DEFAULT NULL,
  `action` varchar(255) DEFAULT NULL,
  `action_parameters` json DEFAULT NULL,
  `subject` varchar(255) DEFAULT NULL,
  `properties` json DEFAULT NULL,
  `conditions` json DEFAULT NULL,
  `created_at` datetime(6) DEFAULT NULL,
  `updated_at` datetime(6) DEFAULT NULL,
  `published_at` datetime(6) DEFAULT NULL,
  `created_by_id` int unsigned DEFAULT NULL,
  `updated_by_id` int unsigned DEFAULT NULL,
  `locale` varchar(255) DEFAULT NULL,
  PRIMARY KEY (`id`),
  KEY `admin_permissions_documents_idx` (`document_id`,`locale`,`published_at`),
  KEY `admin_permissions_created_by_id_fk` (`created_by_id`),
  KEY `admin_permissions_updated_by_id_fk` (`updated_by_id`),
  CONSTRAINT `admin_permissions_created_by_id_fk` FOREIGN KEY (`created_by_id`) REFERENCES `admin_users` (`id`) ON DELETE SET NULL,
  CONSTRAINT `admin_permissions_updated_by_id_fk` FOREIGN KEY (`updated_by_id`) REFERENCES `admin_users` (`id`) ON DELETE SET NULL
) ENGINE=InnoDB AUTO_INCREMENT=141 DEFAULT CHARSET=utf8mb4 COLLATE=utf8mb4_0900_ai_ci;
/*!40101 SET character_set_client = @saved_cs_client */;

--
-- Dumping data for table `admin_permissions`
--

LOCK TABLES `admin_permissions` WRITE;
/*!40000 ALTER TABLE `admin_permissions` DISABLE KEYS */;
INSERT INTO `admin_permissions` VALUES (1,'vbn4acs1ewzdgduu23415dhi','plugin::content-manager.explorer.create','{}','api::about.about','{\"fields\": [\"title\", \"blocks\"]}','[]','2024-11-15 15:42:09.563000','2024-11-15 15:42:09.563000','2024-11-15 15:42:09.564000',NULL,NULL,NULL),(2,'edyxadogsib2awignkgumgfi','plugin::content-manager.explorer.create','{}','api::article.article','{\"fields\": [\"title\", \"description\", \"slug\", \"cover\", \"author\", \"category\", \"blocks\"]}','[]','2024-11-15 15:42:09.572000','2024-11-15 15:42:09.572000','2024-11-15 15:42:09.572000',NULL,NULL,NULL),(3,'ymzoxymqronow0yx1tm5vm9s','plugin::content-manager.explorer.create','{}','api::author.author','{\"fields\": [\"name\", \"avatar\", \"email\", \"articles\"]}','[]','2024-11-15 15:42:09.580000','2024-11-15 15:42:09.580000','2024-11-15 15:42:09.580000',NULL,NULL,NULL),(4,'o8hyh2f5twzehsudf7qsry2p','plugin::content-manager.explorer.create','{}','api::category.category','{\"fields\": [\"name\", \"slug\", \"articles\", \"description\"]}','[]','2024-11-15 15:42:09.584000','2024-11-15 15:42:09.584000','2024-11-15 15:42:09.584000',NULL,NULL,NULL),(5,'ym99emdurjrqkgltjwaiaggt','plugin::content-manager.explorer.create','{}','api::global.global','{\"fields\": [\"siteName\", \"favicon\", \"siteDescription\", \"defaultSeo.metaTitle\", \"defaultSeo.metaDescription\", \"defaultSeo.shareImage\"]}','[]','2024-11-15 15:42:09.588000','2024-11-15 15:42:09.588000','2024-11-15 15:42:09.588000',NULL,NULL,NULL),(6,'ecdh4hr506m9zxim4g85ekje','plugin::content-manager.explorer.read','{}','api::about.about','{\"fields\": [\"title\", \"blocks\"]}','[]','2024-11-15 15:42:09.591000','2024-11-15 15:42:09.591000','2024-11-15 15:42:09.591000',NULL,NULL,NULL),(7,'oj2wtv4jmjgzroy09yu6lpi8','plugin::content-manager.explorer.read','{}','api::article.article','{\"fields\": [\"title\", \"description\", \"slug\", \"cover\", \"author\", \"category\", \"blocks\"]}','[]','2024-11-15 15:42:09.594000','2024-11-15 15:42:09.594000','2024-11-15 15:42:09.594000',NULL,NULL,NULL),(8,'ca2pjpe9opqhezbkk3gqikgy','plugin::content-manager.explorer.read','{}','api::author.author','{\"fields\": [\"name\", \"avatar\", \"email\", \"articles\"]}','[]','2024-11-15 15:42:09.596000','2024-11-15 15:42:09.596000','2024-11-15 15:42:09.596000',NULL,NULL,NULL),(9,'e55y3a9rc7l3dgz8nslugh75','plugin::content-manager.explorer.read','{}','api::category.category','{\"fields\": [\"name\", \"slug\", \"articles\", \"description\"]}','[]','2024-11-15 15:42:09.599000','2024-11-15 15:42:09.599000','2024-11-15 15:42:09.599000',NULL,NULL,NULL),(10,'ypxw5n7yyrua6qejrm234wx8','plugin::content-manager.explorer.read','{}','api::global.global','{\"fields\": [\"siteName\", \"favicon\", \"siteDescription\", \"defaultSeo.metaTitle\", \"defaultSeo.metaDescription\", \"defaultSeo.shareImage\"]}','[]','2024-11-15 15:42:09.604000','2024-11-15 15:42:09.604000','2024-11-15 15:42:09.604000',NULL,NULL,NULL),(11,'b7yv4wbxqk5vvyceggupizoo','plugin::content-manager.explorer.update','{}','api::about.about','{\"fields\": [\"title\", \"blocks\"]}','[]','2024-11-15 15:42:09.607000','2024-11-15 15:42:09.607000','2024-11-15 15:42:09.607000',NULL,NULL,NULL),(12,'ahpczrs7u5hjaecgtwnkqcw6','plugin::content-manager.explorer.update','{}','api::article.article','{\"fields\": [\"title\", \"description\", \"slug\", \"cover\", \"author\", \"category\", \"blocks\"]}','[]','2024-11-15 15:42:09.609000','2024-11-15 15:42:09.609000','2024-11-15 15:42:09.609000',NULL,NULL,NULL),(13,'ulr4foavyo29od1ubzi6egbw','plugin::content-manager.explorer.update','{}','api::author.author','{\"fields\": [\"name\", \"avatar\", \"email\", \"articles\"]}','[]','2024-11-15 15:42:09.616000','2024-11-15 15:42:09.616000','2024-11-15 15:42:09.616000',NULL,NULL,NULL),(14,'pnzqww96xguwvcunagbtdt1u','plugin::content-manager.explorer.update','{}','api::category.category','{\"fields\": [\"name\", \"slug\", \"articles\", \"description\"]}','[]','2024-11-15 15:42:09.619000','2024-11-15 15:42:09.619000','2024-11-15 15:42:09.619000',NULL,NULL,NULL),(15,'x4qpyg52bc0rg22p05u6ndym','plugin::content-manager.explorer.update','{}','api::global.global','{\"fields\": [\"siteName\", \"favicon\", \"siteDescription\", \"defaultSeo.metaTitle\", \"defaultSeo.metaDescription\", \"defaultSeo.shareImage\"]}','[]','2024-11-15 15:42:09.622000','2024-11-15 15:42:09.622000','2024-11-15 15:42:09.622000',NULL,NULL,NULL),(16,'n74abm0cveztqwns9tizys2b','plugin::content-manager.explorer.delete','{}','api::about.about','{}','[]','2024-11-15 15:42:09.625000','2024-11-15 15:42:09.625000','2024-11-15 15:42:09.626000',NULL,NULL,NULL),(17,'qf47a4yig1puu4s85v149izc','plugin::content-manager.explorer.delete','{}','api::article.article','{}','[]','2024-11-15 15:42:09.629000','2024-11-15 15:42:09.629000','2024-11-15 15:42:09.629000',NULL,NULL,NULL),(18,'xgmrh7z7pvrlw8mep1q94p03','plugin::content-manager.explorer.delete','{}','api::author.author','{}','[]','2024-11-15 15:42:09.632000','2024-11-15 15:42:09.632000','2024-11-15 15:42:09.632000',NULL,NULL,NULL),(19,'nj4stht0t2ek9biklcw6pzcs','plugin::content-manager.explorer.delete','{}','api::category.category','{}','[]','2024-11-15 15:42:09.635000','2024-11-15 15:42:09.635000','2024-11-15 15:42:09.635000',NULL,NULL,NULL),(20,'s5nhj4lbc7i8nzlbvx91dchi','plugin::content-manager.explorer.delete','{}','api::global.global','{}','[]','2024-11-15 15:42:09.638000','2024-11-15 15:42:09.638000','2024-11-15 15:42:09.638000',NULL,NULL,NULL),(21,'hsecwg2j1cbxfkyws3p2v1je','plugin::content-manager.explorer.publish','{}','api::about.about','{}','[]','2024-11-15 15:42:09.640000','2024-11-15 15:42:09.640000','2024-11-15 15:42:09.640000',NULL,NULL,NULL),(22,'jpoxo5skovux4rgvlpivcu5a','plugin::content-manager.explorer.publish','{}','api::article.article','{}','[]','2024-11-15 15:42:09.643000','2024-11-15 15:42:09.643000','2024-11-15 15:42:09.643000',NULL,NULL,NULL),(23,'iab26wpkaouynwkgsfc81ivl','plugin::content-manager.explorer.publish','{}','api::author.author','{}','[]','2024-11-15 15:42:09.646000','2024-11-15 15:42:09.646000','2024-11-15 15:42:09.646000',NULL,NULL,NULL),(24,'oqpoo7trfh99his2asp27y89','plugin::content-manager.explorer.publish','{}','api::category.category','{}','[]','2024-11-15 15:42:09.649000','2024-11-15 15:42:09.649000','2024-11-15 15:42:09.649000',NULL,NULL,NULL),(25,'q2ycacy48k6uzqqolupyp0w6','plugin::content-manager.explorer.publish','{}','api::global.global','{}','[]','2024-11-15 15:42:09.652000','2024-11-15 15:42:09.652000','2024-11-15 15:42:09.652000',NULL,NULL,NULL),(26,'j8wdrvzd60vv2mov46p86yn8','plugin::upload.read','{}',NULL,'{}','[]','2024-11-15 15:42:09.656000','2024-11-15 15:42:09.656000','2024-11-15 15:42:09.656000',NULL,NULL,NULL),(27,'iw6irjcwrqlclba9xi29vqxc','plugin::upload.configure-view','{}',NULL,'{}','[]','2024-11-15 15:42:09.659000','2024-11-15 15:42:09.659000','2024-11-15 15:42:09.659000',NULL,NULL,NULL),(28,'k9ozy3wdn13a7lhbj4b0wr89','plugin::upload.assets.create','{}',NULL,'{}','[]','2024-11-15 15:42:09.664000','2024-11-15 15:42:09.664000','2024-11-15 15:42:09.664000',NULL,NULL,NULL),(29,'r9zmqmvvabb5p1ao1fg7moxu','plugin::upload.assets.update','{}',NULL,'{}','[]','2024-11-15 15:42:09.669000','2024-11-15 15:42:09.669000','2024-11-15 15:42:09.670000',NULL,NULL,NULL),(30,'asvku5xuoneh6zibua94xg0u','plugin::upload.assets.download','{}',NULL,'{}','[]','2024-11-15 15:42:09.673000','2024-11-15 15:42:09.673000','2024-11-15 15:42:09.674000',NULL,NULL,NULL),(31,'rp9hiucd366mhop6022b3rp6','plugin::upload.assets.copy-link','{}',NULL,'{}','[]','2024-11-15 15:42:09.679000','2024-11-15 15:42:09.679000','2024-11-15 15:42:09.679000',NULL,NULL,NULL),(32,'l27b6yrke0zq2zdjdk554xoe','plugin::content-manager.explorer.create','{}','api::about.about','{\"fields\": [\"title\", \"blocks\"]}','[\"admin::is-creator\"]','2024-11-15 15:42:09.685000','2024-11-15 15:42:09.685000','2024-11-15 15:42:09.685000',NULL,NULL,NULL),(33,'dfn5g7vnkdvjhubvjft7mr7l','plugin::content-manager.explorer.create','{}','api::article.article','{\"fields\": [\"title\", \"description\", \"slug\", \"cover\", \"author\", \"category\", \"blocks\"]}','[\"admin::is-creator\"]','2024-11-15 15:42:09.695000','2024-11-15 15:42:09.695000','2024-11-15 15:42:09.695000',NULL,NULL,NULL),(34,'jbgh13uhq6r4l7igu1lk7jdw','plugin::content-manager.explorer.create','{}','api::author.author','{\"fields\": [\"name\", \"avatar\", \"email\", \"articles\"]}','[\"admin::is-creator\"]','2024-11-15 15:42:09.740000','2024-11-15 15:42:09.740000','2024-11-15 15:42:09.740000',NULL,NULL,NULL),(35,'dqatpsjcbkbbahzh3dunsbfc','plugin::content-manager.explorer.create','{}','api::category.category','{\"fields\": [\"name\", \"slug\", \"articles\", \"description\"]}','[\"admin::is-creator\"]','2024-11-15 15:42:09.754000','2024-11-15 15:42:09.754000','2024-11-15 15:42:09.754000',NULL,NULL,NULL),(36,'x7vqsw9nh3ra3gknrmna7uhq','plugin::content-manager.explorer.create','{}','api::global.global','{\"fields\": [\"siteName\", \"favicon\", \"siteDescription\", \"defaultSeo.metaTitle\", \"defaultSeo.metaDescription\", \"defaultSeo.shareImage\"]}','[\"admin::is-creator\"]','2024-11-15 15:42:09.757000','2024-11-15 15:42:09.757000','2024-11-15 15:42:09.757000',NULL,NULL,NULL),(37,'itgx0w1ow52l0ayai0i58qzb','plugin::content-manager.explorer.read','{}','api::about.about','{\"fields\": [\"title\", \"blocks\"]}','[\"admin::is-creator\"]','2024-11-15 15:42:09.763000','2024-11-15 15:42:09.763000','2024-11-15 15:42:09.763000',NULL,NULL,NULL),(38,'ufaetqu4ob7iju1nod5c6fug','plugin::content-manager.explorer.read','{}','api::article.article','{\"fields\": [\"title\", \"description\", \"slug\", \"cover\", \"author\", \"category\", \"blocks\"]}','[\"admin::is-creator\"]','2024-11-15 15:42:09.766000','2024-11-15 15:42:09.766000','2024-11-15 15:42:09.766000',NULL,NULL,NULL),(39,'pb4asz0k68okm40y4jdgk33a','plugin::content-manager.explorer.read','{}','api::author.author','{\"fields\": [\"name\", \"avatar\", \"email\", \"articles\"]}','[\"admin::is-creator\"]','2024-11-15 15:42:09.769000','2024-11-15 15:42:09.769000','2024-11-15 15:42:09.769000',NULL,NULL,NULL),(40,'m2np55e36yrqwv968rhy5728','plugin::content-manager.explorer.read','{}','api::category.category','{\"fields\": [\"name\", \"slug\", \"articles\", \"description\"]}','[\"admin::is-creator\"]','2024-11-15 15:42:09.771000','2024-11-15 15:42:09.771000','2024-11-15 15:42:09.772000',NULL,NULL,NULL),(41,'em7tb24o1ofcoh27blf94wcw','plugin::content-manager.explorer.read','{}','api::global.global','{\"fields\": [\"siteName\", \"favicon\", \"siteDescription\", \"defaultSeo.metaTitle\", \"defaultSeo.metaDescription\", \"defaultSeo.shareImage\"]}','[\"admin::is-creator\"]','2024-11-15 15:42:09.774000','2024-11-15 15:42:09.774000','2024-11-15 15:42:09.774000',NULL,NULL,NULL),(42,'q0zf8n02hu15d5tk4lm18epi','plugin::content-manager.explorer.update','{}','api::about.about','{\"fields\": [\"title\", \"blocks\"]}','[\"admin::is-creator\"]','2024-11-15 15:42:09.778000','2024-11-15 15:42:09.778000','2024-11-15 15:42:09.778000',NULL,NULL,NULL),(43,'p2w014hnnsed1e75gj3y1ovx','plugin::content-manager.explorer.update','{}','api::article.article','{\"fields\": [\"title\", \"description\", \"slug\", \"cover\", \"author\", \"category\", \"blocks\"]}','[\"admin::is-creator\"]','2024-11-15 15:42:09.780000','2024-11-15 15:42:09.780000','2024-11-15 15:42:09.780000',NULL,NULL,NULL),(44,'yy0b1ni6k044qgqf8gjmrxca','plugin::content-manager.explorer.update','{}','api::author.author','{\"fields\": [\"name\", \"avatar\", \"email\", \"articles\"]}','[\"admin::is-creator\"]','2024-11-15 15:42:09.783000','2024-11-15 15:42:09.783000','2024-11-15 15:42:09.783000',NULL,NULL,NULL),(45,'h7ye6pzc787r6pikndop3lyq','plugin::content-manager.explorer.update','{}','api::category.category','{\"fields\": [\"name\", \"slug\", \"articles\", \"description\"]}','[\"admin::is-creator\"]','2024-11-15 15:42:09.786000','2024-11-15 15:42:09.786000','2024-11-15 15:42:09.786000',NULL,NULL,NULL),(46,'crrr2e6zpoxfqunurmmnw3hh','plugin::content-manager.explorer.update','{}','api::global.global','{\"fields\": [\"siteName\", \"favicon\", \"siteDescription\", \"defaultSeo.metaTitle\", \"defaultSeo.metaDescription\", \"defaultSeo.shareImage\"]}','[\"admin::is-creator\"]','2024-11-15 15:42:09.789000','2024-11-15 15:42:09.789000','2024-11-15 15:42:09.789000',NULL,NULL,NULL),(47,'eqp22lo3whem2h7do2qdfc27','plugin::content-manager.explorer.delete','{}','api::about.about','{}','[\"admin::is-creator\"]','2024-11-15 15:42:09.794000','2024-11-15 15:42:09.794000','2024-11-15 15:42:09.794000',NULL,NULL,NULL),(48,'m90r31drzfmvjqqini9p4ztj','plugin::content-manager.explorer.delete','{}','api::article.article','{}','[\"admin::is-creator\"]','2024-11-15 15:42:09.797000','2024-11-15 15:42:09.797000','2024-11-15 15:42:09.797000',NULL,NULL,NULL),(49,'ecakzbf0i7s2jb4voa679u6b','plugin::content-manager.explorer.delete','{}','api::author.author','{}','[\"admin::is-creator\"]','2024-11-15 15:42:09.799000','2024-11-15 15:42:09.799000','2024-11-15 15:42:09.799000',NULL,NULL,NULL),(50,'ia10ccll00kf0nodjarj4tcw','plugin::content-manager.explorer.delete','{}','api::category.category','{}','[\"admin::is-creator\"]','2024-11-15 15:42:09.802000','2024-11-15 15:42:09.802000','2024-11-15 15:42:09.802000',NULL,NULL,NULL),(51,'urm29y60xxlpvy6o9p7kwkny','plugin::content-manager.explorer.delete','{}','api::global.global','{}','[\"admin::is-creator\"]','2024-11-15 15:42:09.806000','2024-11-15 15:42:09.806000','2024-11-15 15:42:09.806000',NULL,NULL,NULL),(52,'ihast4kpfhmixzuylb26edlh','plugin::upload.read','{}',NULL,'{}','[\"admin::is-creator\"]','2024-11-15 15:42:09.810000','2024-11-15 15:42:09.810000','2024-11-15 15:42:09.810000',NULL,NULL,NULL),(53,'bh8lwdg8uarukziq0d5o5n7q','plugin::upload.configure-view','{}',NULL,'{}','[]','2024-11-15 15:42:09.812000','2024-11-15 15:42:09.812000','2024-11-15 15:42:09.812000',NULL,NULL,NULL),(54,'ql9qkacqxkqaz2n7bad75o0x','plugin::upload.assets.create','{}',NULL,'{}','[]','2024-11-15 15:42:09.815000','2024-11-15 15:42:09.815000','2024-11-15 15:42:09.815000',NULL,NULL,NULL),(55,'efulg5ivvzs786lb343c3wza','plugin::upload.assets.update','{}',NULL,'{}','[\"admin::is-creator\"]','2024-11-15 15:42:09.817000','2024-11-15 15:42:09.817000','2024-11-15 15:42:09.818000',NULL,NULL,NULL),(56,'mx9x62dgyjhx7b3narjypj97','plugin::upload.assets.download','{}',NULL,'{}','[]','2024-11-15 15:42:09.823000','2024-11-15 15:42:09.823000','2024-11-15 15:42:09.823000',NULL,NULL,NULL),(57,'e4vsiilfhw76kxgro0uapsui','plugin::upload.assets.copy-link','{}',NULL,'{}','[]','2024-11-15 15:42:09.826000','2024-11-15 15:42:09.826000','2024-11-15 15:42:09.826000',NULL,NULL,NULL),(58,'ft2jdxksh7pu9vmg3cvsg1tz','plugin::content-manager.explorer.create','{}','plugin::users-permissions.user','{\"fields\": [\"username\", \"email\", \"provider\", \"password\", \"resetPasswordToken\", \"confirmationToken\", \"confirmed\", \"blocked\", \"role\"]}','[]','2024-11-15 15:42:09.854000','2024-11-15 15:42:09.854000','2024-11-15 15:42:09.855000',NULL,NULL,NULL),(59,'r45m9ara9copegfu8caktqsp','plugin::content-manager.explorer.create','{}','api::about.about','{\"fields\": [\"title\", \"blocks\"]}','[]','2024-11-15 15:42:09.858000','2024-11-15 15:42:09.858000','2024-11-15 15:42:09.858000',NULL,NULL,NULL),(60,'i4gktfhdp8ce7cxy10jq4ois','plugin::content-manager.explorer.create','{}','api::article.article','{\"fields\": [\"title\", \"description\", \"slug\", \"cover\", \"author\", \"category\", \"blocks\"]}','[]','2024-11-15 15:42:09.861000','2024-11-15 15:42:09.861000','2024-11-15 15:42:09.862000',NULL,NULL,NULL),(61,'fxt2yhfw22fbr5pxdmo9m215','plugin::content-manager.explorer.create','{}','api::author.author','{\"fields\": [\"name\", \"avatar\", \"email\", \"articles\"]}','[]','2024-11-15 15:42:09.865000','2024-11-15 15:42:09.865000','2024-11-15 15:42:09.865000',NULL,NULL,NULL),(62,'aovby4cf245lm4864agxsswp','plugin::content-manager.explorer.create','{}','api::category.category','{\"fields\": [\"name\", \"slug\", \"articles\", \"description\"]}','[]','2024-11-15 15:42:09.867000','2024-11-15 15:42:09.867000','2024-11-15 15:42:09.867000',NULL,NULL,NULL),(63,'dp99dacxc06wnmlaii513bd9','plugin::content-manager.explorer.create','{}','api::global.global','{\"fields\": [\"siteName\", \"favicon\", \"siteDescription\", \"defaultSeo.metaTitle\", \"defaultSeo.metaDescription\", \"defaultSeo.shareImage\"]}','[]','2024-11-15 15:42:09.871000','2024-11-15 15:42:09.871000','2024-11-15 15:42:09.871000',NULL,NULL,NULL),(64,'tfb6safc3p7laamow011lrp0','plugin::content-manager.explorer.read','{}','plugin::users-permissions.user','{\"fields\": [\"username\", \"email\", \"provider\", \"password\", \"resetPasswordToken\", \"confirmationToken\", \"confirmed\", \"blocked\", \"role\"]}','[]','2024-11-15 15:42:09.880000','2024-11-15 15:42:09.880000','2024-11-15 15:42:09.880000',NULL,NULL,NULL),(65,'q8m27rkcqxlz7n662trymhv4','plugin::content-manager.explorer.read','{}','api::about.about','{\"fields\": [\"title\", \"blocks\"]}','[]','2024-11-15 15:42:09.885000','2024-11-15 15:42:09.885000','2024-11-15 15:42:09.885000',NULL,NULL,NULL),(66,'b1jo0sgdly3ahv6giwbtqkj1','plugin::content-manager.explorer.read','{}','api::article.article','{\"fields\": [\"title\", \"description\", \"slug\", \"cover\", \"author\", \"category\", \"blocks\"]}','[]','2024-11-15 15:42:09.888000','2024-11-15 15:42:09.888000','2024-11-15 15:42:09.888000',NULL,NULL,NULL),(67,'cf3whbv00865yillrxja0pb6','plugin::content-manager.explorer.read','{}','api::author.author','{\"fields\": [\"name\", \"avatar\", \"email\", \"articles\"]}','[]','2024-11-15 15:42:09.891000','2024-11-15 15:42:09.891000','2024-11-15 15:42:09.891000',NULL,NULL,NULL),(68,'yznvs0wczpkfab6n9fxsdcez','plugin::content-manager.explorer.read','{}','api::category.category','{\"fields\": [\"name\", \"slug\", \"articles\", \"description\"]}','[]','2024-11-15 15:42:09.894000','2024-11-15 15:42:09.894000','2024-11-15 15:42:09.894000',NULL,NULL,NULL),(69,'pxc9jd0seubgtkzsmdx51tlg','plugin::content-manager.explorer.read','{}','api::global.global','{\"fields\": [\"siteName\", \"favicon\", \"siteDescription\", \"defaultSeo.metaTitle\", \"defaultSeo.metaDescription\", \"defaultSeo.shareImage\"]}','[]','2024-11-15 15:42:09.896000','2024-11-15 15:42:09.896000','2024-11-15 15:42:09.896000',NULL,NULL,NULL),(70,'ke4leqxww6k5etm8cfug6i10','plugin::content-manager.explorer.update','{}','plugin::users-permissions.user','{\"fields\": [\"username\", \"email\", \"provider\", \"password\", \"resetPasswordToken\", \"confirmationToken\", \"confirmed\", \"blocked\", \"role\"]}','[]','2024-11-15 15:42:09.899000','2024-11-15 15:42:09.899000','2024-11-15 15:42:09.899000',NULL,NULL,NULL),(71,'ei333m1u8k1cvp0kx75kov42','plugin::content-manager.explorer.update','{}','api::about.about','{\"fields\": [\"title\", \"blocks\"]}','[]','2024-11-15 15:42:09.901000','2024-11-15 15:42:09.901000','2024-11-15 15:42:09.901000',NULL,NULL,NULL),(72,'fl21plf3mt3p88hobnftdx7b','plugin::content-manager.explorer.update','{}','api::article.article','{\"fields\": [\"title\", \"description\", \"slug\", \"cover\", \"author\", \"category\", \"blocks\"]}','[]','2024-11-15 15:42:09.903000','2024-11-15 15:42:09.903000','2024-11-15 15:42:09.903000',NULL,NULL,NULL),(73,'bzqyc4d6jd49fnr5h2y1uowj','plugin::content-manager.explorer.update','{}','api::author.author','{\"fields\": [\"name\", \"avatar\", \"email\", \"articles\"]}','[]','2024-11-15 15:42:09.906000','2024-11-15 15:42:09.906000','2024-11-15 15:42:09.906000',NULL,NULL,NULL),(74,'jy2aiyg9evzzsrmyovr5u9iv','plugin::content-manager.explorer.update','{}','api::category.category','{\"fields\": [\"name\", \"slug\", \"articles\", \"description\"]}','[]','2024-11-15 15:42:09.908000','2024-11-15 15:42:09.908000','2024-11-15 15:42:09.908000',NULL,NULL,NULL),(75,'pungo4zfaa3kb2g6e0akdpme','plugin::content-manager.explorer.update','{}','api::global.global','{\"fields\": [\"siteName\", \"favicon\", \"siteDescription\", \"defaultSeo.metaTitle\", \"defaultSeo.metaDescription\", \"defaultSeo.shareImage\"]}','[]','2024-11-15 15:42:09.911000','2024-11-15 15:42:09.911000','2024-11-15 15:42:09.911000',NULL,NULL,NULL),(76,'swylq3ig6mjdnf42h9bmjzqz','plugin::content-manager.explorer.delete','{}','plugin::users-permissions.user','{}','[]','2024-11-15 15:42:09.914000','2024-11-15 15:42:09.914000','2024-11-15 15:42:09.914000',NULL,NULL,NULL),(77,'bzdu1u6qawteho066wgt81g1','plugin::content-manager.explorer.delete','{}','api::about.about','{}','[]','2024-11-15 15:42:09.916000','2024-11-15 15:42:09.916000','2024-11-15 15:42:09.917000',NULL,NULL,NULL),(78,'lixcyy5pje667stzvobc8gr3','plugin::content-manager.explorer.delete','{}','api::article.article','{}','[]','2024-11-15 15:42:09.919000','2024-11-15 15:42:09.919000','2024-11-15 15:42:09.919000',NULL,NULL,NULL),(79,'pwlb2aw2660fmy6f985vbbgu','plugin::content-manager.explorer.delete','{}','api::author.author','{}','[]','2024-11-15 15:42:09.921000','2024-11-15 15:42:09.921000','2024-11-15 15:42:09.921000',NULL,NULL,NULL),(80,'kvrxm7z7lj0yz4zrbunwsy4l','plugin::content-manager.explorer.delete','{}','api::category.category','{}','[]','2024-11-15 15:42:09.923000','2024-11-15 15:42:09.923000','2024-11-15 15:42:09.923000',NULL,NULL,NULL),(81,'ir9ota0c6wd45oixx1k7ibg2','plugin::content-manager.explorer.delete','{}','api::global.global','{}','[]','2024-11-15 15:42:09.950000','2024-11-15 15:42:09.950000','2024-11-15 15:42:09.950000',NULL,NULL,NULL),(82,'povu14qjz3zqgzzpsn7wadmz','plugin::content-manager.explorer.publish','{}','plugin::users-permissions.user','{}','[]','2024-11-15 15:42:09.956000','2024-11-15 15:42:09.956000','2024-11-15 15:42:09.956000',NULL,NULL,NULL),(83,'knc32rdon3jqka7rcx1zmtn4','plugin::content-manager.explorer.publish','{}','api::about.about','{}','[]','2024-11-15 15:42:09.965000','2024-11-15 15:42:09.965000','2024-11-15 15:42:09.966000',NULL,NULL,NULL),(84,'lpn3fkhbf3lvk6zn05r03s11','plugin::content-manager.explorer.publish','{}','api::article.article','{}','[]','2024-11-15 15:42:09.976000','2024-11-15 15:42:09.976000','2024-11-15 15:42:09.976000',NULL,NULL,NULL),(85,'xjug7rxfflwp3zy6cux8uwvk','plugin::content-manager.explorer.publish','{}','api::author.author','{}','[]','2024-11-15 15:42:09.981000','2024-11-15 15:42:09.981000','2024-11-15 15:42:09.981000',NULL,NULL,NULL),(86,'wqgs5d51wwnymct3law3yvwl','plugin::content-manager.explorer.publish','{}','api::category.category','{}','[]','2024-11-15 15:42:09.986000','2024-11-15 15:42:09.986000','2024-11-15 15:42:09.986000',NULL,NULL,NULL),(87,'ovbz5o9m3ch2ax574eouckln','plugin::content-manager.explorer.publish','{}','api::global.global','{}','[]','2024-11-15 15:42:09.995000','2024-11-15 15:42:09.995000','2024-11-15 15:42:09.995000',NULL,NULL,NULL),(88,'b4dunjp9k4ojfb2tw1ahug6j','plugin::content-manager.single-types.configure-view','{}',NULL,'{}','[]','2024-11-15 15:42:10.004000','2024-11-15 15:42:10.004000','2024-11-15 15:42:10.004000',NULL,NULL,NULL),(89,'gynt71iu3m5kkrbbmzyrwm6w','plugin::content-manager.collection-types.configure-view','{}',NULL,'{}','[]','2024-11-15 15:42:10.010000','2024-11-15 15:42:10.010000','2024-11-15 15:42:10.010000',NULL,NULL,NULL),(90,'x41bxvx4k2p3i6rrammmj4bt','plugin::content-manager.components.configure-layout','{}',NULL,'{}','[]','2024-11-15 15:42:10.014000','2024-11-15 15:42:10.014000','2024-11-15 15:42:10.014000',NULL,NULL,NULL),(91,'mttr929k9pxb1akho76rd3bx','plugin::content-type-builder.read','{}',NULL,'{}','[]','2024-11-15 15:42:10.017000','2024-11-15 15:42:10.017000','2024-11-15 15:42:10.018000',NULL,NULL,NULL),(92,'ooq8bu6loejr6w1e9ltwjf9c','plugin::email.settings.read','{}',NULL,'{}','[]','2024-11-15 15:42:10.021000','2024-11-15 15:42:10.021000','2024-11-15 15:42:10.021000',NULL,NULL,NULL),(93,'th2ev2yik6pi5j4qks9n81io','plugin::upload.read','{}',NULL,'{}','[]','2024-11-15 15:42:10.024000','2024-11-15 15:42:10.024000','2024-11-15 15:42:10.024000',NULL,NULL,NULL),(94,'qykxx1gtlizcn372iwhdg1nq','plugin::upload.assets.create','{}',NULL,'{}','[]','2024-11-15 15:42:10.027000','2024-11-15 15:42:10.027000','2024-11-15 15:42:10.027000',NULL,NULL,NULL),(95,'mjnvz3f6jbfo2xvkdlgmemi6','plugin::upload.assets.update','{}',NULL,'{}','[]','2024-11-15 15:42:10.033000','2024-11-15 15:42:10.033000','2024-11-15 15:42:10.033000',NULL,NULL,NULL),(96,'e9qpjr544w17hg2k5ngj4yk2','plugin::upload.assets.download','{}',NULL,'{}','[]','2024-11-15 15:42:10.037000','2024-11-15 15:42:10.037000','2024-11-15 15:42:10.037000',NULL,NULL,NULL),(97,'f5w5jc4rpjynknajt3vwlgs4','plugin::upload.assets.copy-link','{}',NULL,'{}','[]','2024-11-15 15:42:10.041000','2024-11-15 15:42:10.041000','2024-11-15 15:42:10.041000',NULL,NULL,NULL),(98,'ehaklefcf4ibjkamut98923i','plugin::upload.configure-view','{}',NULL,'{}','[]','2024-11-15 15:42:10.045000','2024-11-15 15:42:10.045000','2024-11-15 15:42:10.045000',NULL,NULL,NULL),(99,'mo75ites4yqk035uo5bwaant','plugin::upload.settings.read','{}',NULL,'{}','[]','2024-11-15 15:42:10.049000','2024-11-15 15:42:10.049000','2024-11-15 15:42:10.049000',NULL,NULL,NULL),(100,'nhtr09njj8o67wa9rqeow7ka','plugin::i18n.locale.create','{}',NULL,'{}','[]','2024-11-15 15:42:10.053000','2024-11-15 15:42:10.053000','2024-11-15 15:42:10.053000',NULL,NULL,NULL),(101,'tavjx7tssl6t53zeaewy36qx','plugin::i18n.locale.read','{}',NULL,'{}','[]','2024-11-15 15:42:10.057000','2024-11-15 15:42:10.057000','2024-11-15 15:42:10.057000',NULL,NULL,NULL),(102,'htto82gn2i4liq5g6ux8vpjk','plugin::i18n.locale.update','{}',NULL,'{}','[]','2024-11-15 15:42:10.060000','2024-11-15 15:42:10.060000','2024-11-15 15:42:10.060000',NULL,NULL,NULL),(103,'tqu3d73cjfll83sj9a6mlwxi','plugin::i18n.locale.delete','{}',NULL,'{}','[]','2024-11-15 15:42:10.064000','2024-11-15 15:42:10.064000','2024-11-15 15:42:10.064000',NULL,NULL,NULL),(104,'ymqtsiz4y8ha5nehaqweot4p','plugin::users-permissions.roles.create','{}',NULL,'{}','[]','2024-11-15 15:42:10.068000','2024-11-15 15:42:10.068000','2024-11-15 15:42:10.068000',NULL,NULL,NULL),(105,'ybryoxqt65kvk49tj60k82hq','plugin::users-permissions.roles.read','{}',NULL,'{}','[]','2024-11-15 15:42:10.071000','2024-11-15 15:42:10.071000','2024-11-15 15:42:10.071000',NULL,NULL,NULL),(106,'q7qtgl91m8bjwm7hpchywm8f','plugin::users-permissions.roles.update','{}',NULL,'{}','[]','2024-11-15 15:42:10.077000','2024-11-15 15:42:10.077000','2024-11-15 15:42:10.077000',NULL,NULL,NULL),(107,'l0bahksywra48fer2ma8fmx5','plugin::users-permissions.roles.delete','{}',NULL,'{}','[]','2024-11-15 15:42:10.081000','2024-11-15 15:42:10.081000','2024-11-15 15:42:10.081000',NULL,NULL,NULL),(108,'w3ovbj0g8do3c7yweor7w2fs','plugin::users-permissions.providers.read','{}',NULL,'{}','[]','2024-11-15 15:42:10.088000','2024-11-15 15:42:10.088000','2024-11-15 15:42:10.088000',NULL,NULL,NULL),(109,'c2sv7pjf3618kznl4oav0ofo','plugin::users-permissions.providers.update','{}',NULL,'{}','[]','2024-11-15 15:42:10.093000','2024-11-15 15:42:10.093000','2024-11-15 15:42:10.093000',NULL,NULL,NULL),(110,'fn63lqyewa5z9sksl8fa597x','plugin::users-permissions.email-templates.read','{}',NULL,'{}','[]','2024-11-15 15:42:10.096000','2024-11-15 15:42:10.096000','2024-11-15 15:42:10.096000',NULL,NULL,NULL),(111,'hm0hn6s0z81ocsbcw6debs02','plugin::users-permissions.email-templates.update','{}',NULL,'{}','[]','2024-11-15 15:42:10.099000','2024-11-15 15:42:10.099000','2024-11-15 15:42:10.099000',NULL,NULL,NULL),(112,'xd5tbijkrc45feixg2o05qfl','plugin::users-permissions.advanced-settings.read','{}',NULL,'{}','[]','2024-11-15 15:42:10.102000','2024-11-15 15:42:10.102000','2024-11-15 15:42:10.102000',NULL,NULL,NULL),(113,'f39fmewnenw49c5oczl501pg','plugin::users-permissions.advanced-settings.update','{}',NULL,'{}','[]','2024-11-15 15:42:10.105000','2024-11-15 15:42:10.105000','2024-11-15 15:42:10.105000',NULL,NULL,NULL),(114,'jh3nwqgvolc2zlgf7cntrxi6','admin::marketplace.read','{}',NULL,'{}','[]','2024-11-15 15:42:10.108000','2024-11-15 15:42:10.108000','2024-11-15 15:42:10.108000',NULL,NULL,NULL),(115,'l712atihaqxqjjvfdugklo99','admin::webhooks.create','{}',NULL,'{}','[]','2024-11-15 15:42:10.111000','2024-11-15 15:42:10.111000','2024-11-15 15:42:10.111000',NULL,NULL,NULL),(116,'k46ah78a6muuq12l65j2adx2','admin::webhooks.read','{}',NULL,'{}','[]','2024-11-15 15:42:10.113000','2024-11-15 15:42:10.113000','2024-11-15 15:42:10.113000',NULL,NULL,NULL),(117,'c9v50f3zxwmcbyz361ybfryb','admin::webhooks.update','{}',NULL,'{}','[]','2024-11-15 15:42:10.117000','2024-11-15 15:42:10.117000','2024-11-15 15:42:10.117000',NULL,NULL,NULL),(118,'fvvcwkkvr9spiauju4x9veqc','admin::webhooks.delete','{}',NULL,'{}','[]','2024-11-15 15:42:10.121000','2024-11-15 15:42:10.121000','2024-11-15 15:42:10.121000',NULL,NULL,NULL),(119,'f4en5rm7vk9anjzg61bz1awj','admin::users.create','{}',NULL,'{}','[]','2024-11-15 15:42:10.125000','2024-11-15 15:42:10.125000','2024-11-15 15:42:10.125000',NULL,NULL,NULL),(120,'v7ef5z0wf6mxxjucwzwup2dm','admin::users.read','{}',NULL,'{}','[]','2024-11-15 15:42:10.129000','2024-11-15 15:42:10.129000','2024-11-15 15:42:10.129000',NULL,NULL,NULL),(121,'osfw6k4lts5462dd7h963098','admin::users.update','{}',NULL,'{}','[]','2024-11-15 15:42:10.133000','2024-11-15 15:42:10.133000','2024-11-15 15:42:10.133000',NULL,NULL,NULL),(122,'q2doibxow5dk94dynqivsnle','admin::users.delete','{}',NULL,'{}','[]','2024-11-15 15:42:10.137000','2024-11-15 15:42:10.137000','2024-11-15 15:42:10.137000',NULL,NULL,NULL),(123,'zlfgz629h98bag1miaqtnf1k','admin::roles.create','{}',NULL,'{}','[]','2024-11-15 15:42:10.142000','2024-11-15 15:42:10.142000','2024-11-15 15:42:10.143000',NULL,NULL,NULL),(124,'vvxu3e5vzyht3bbv6jvirgid','admin::roles.read','{}',NULL,'{}','[]','2024-11-15 15:42:10.146000','2024-11-15 15:42:10.146000','2024-11-15 15:42:10.146000',NULL,NULL,NULL),(125,'eb0uqcp0wdq6kx190pbthbce','admin::roles.update','{}',NULL,'{}','[]','2024-11-15 15:42:10.148000','2024-11-15 15:42:10.148000','2024-11-15 15:42:10.148000',NULL,NULL,NULL),(126,'gj77vpui04ynf670bs1404n9','admin::roles.delete','{}',NULL,'{}','[]','2024-11-15 15:42:10.151000','2024-11-15 15:42:10.151000','2024-11-15 15:42:10.151000',NULL,NULL,NULL),(127,'ycumhzsggcx6ftoczob4eq7a','admin::api-tokens.access','{}',NULL,'{}','[]','2024-11-15 15:42:10.158000','2024-11-15 15:42:10.158000','2024-11-15 15:42:10.158000',NULL,NULL,NULL),(128,'wup3oi8d08aqbtztka9bf5d6','admin::api-tokens.create','{}',NULL,'{}','[]','2024-11-15 15:42:10.168000','2024-11-15 15:42:10.168000','2024-11-15 15:42:10.168000',NULL,NULL,NULL),(129,'cr3f96shp58r5it37jet2145','admin::api-tokens.read','{}',NULL,'{}','[]','2024-11-15 15:42:10.177000','2024-11-15 15:42:10.177000','2024-11-15 15:42:10.177000',NULL,NULL,NULL),(130,'chya3lkjskiyme3wrmbzv3ut','admin::api-tokens.update','{}',NULL,'{}','[]','2024-11-15 15:42:10.184000','2024-11-15 15:42:10.184000','2024-11-15 15:42:10.184000',NULL,NULL,NULL),(131,'p2mi4kappqf5ztys0726eyj0','admin::api-tokens.regenerate','{}',NULL,'{}','[]','2024-11-15 15:42:10.191000','2024-11-15 15:42:10.191000','2024-11-15 15:42:10.191000',NULL,NULL,NULL),(132,'t5cm9nidadq0cvefxpltrgd4','admin::api-tokens.delete','{}',NULL,'{}','[]','2024-11-15 15:42:10.205000','2024-11-15 15:42:10.205000','2024-11-15 15:42:10.205000',NULL,NULL,NULL),(133,'g4vlt9lb9eviucnrutntjkxg','admin::project-settings.update','{}',NULL,'{}','[]','2024-11-15 15:42:10.221000','2024-11-15 15:42:10.221000','2024-11-15 15:42:10.221000',NULL,NULL,NULL),(134,'drl8ugo3qadv2fy0hthess9v','admin::project-settings.read','{}',NULL,'{}','[]','2024-11-15 15:42:10.232000','2024-11-15 15:42:10.232000','2024-11-15 15:42:10.233000',NULL,NULL,NULL),(135,'yivor0vpitwmoe0x8pll5uvp','admin::transfer.tokens.access','{}',NULL,'{}','[]','2024-11-15 15:42:10.237000','2024-11-15 15:42:10.237000','2024-11-15 15:42:10.237000',NULL,NULL,NULL),(136,'vzqwaelvt2fl6yj49e4wk42q','admin::transfer.tokens.create','{}',NULL,'{}','[]','2024-11-15 15:42:10.241000','2024-11-15 15:42:10.241000','2024-11-15 15:42:10.241000',NULL,NULL,NULL),(137,'p8byoi89t9ggfjmmmz81lftv','admin::transfer.tokens.read','{}',NULL,'{}','[]','2024-11-15 15:42:10.246000','2024-11-15 15:42:10.246000','2024-11-15 15:42:10.246000',NULL,NULL,NULL),(138,'eqylc47qxg0f9edj6rzo2pzx','admin::transfer.tokens.update','{}',NULL,'{}','[]','2024-11-15 15:42:10.250000','2024-11-15 15:42:10.250000','2024-11-15 15:42:10.250000',NULL,NULL,NULL),(139,'xjceddmj7bnfyetggjwedjg3','admin::transfer.tokens.regenerate','{}',NULL,'{}','[]','2024-11-15 15:42:10.253000','2024-11-15 15:42:10.253000','2024-11-15 15:42:10.254000',NULL,NULL,NULL),(140,'avltnrihvdx4iy1aqdifiayx','admin::transfer.tokens.delete','{}',NULL,'{}','[]','2024-11-15 15:42:10.261000','2024-11-15 15:42:10.261000','2024-11-15 15:42:10.261000',NULL,NULL,NULL);
/*!40000 ALTER TABLE `admin_permissions` ENABLE KEYS */;
UNLOCK TABLES;

--
-- Table structure for table `admin_permissions_role_lnk`
--

DROP TABLE IF EXISTS `admin_permissions_role_lnk`;
/*!40101 SET @saved_cs_client     = @@character_set_client */;
/*!50503 SET character_set_client = utf8mb4 */;
CREATE TABLE `admin_permissions_role_lnk` (
  `id` int unsigned NOT NULL AUTO_INCREMENT,
  `permission_id` int unsigned DEFAULT NULL,
  `role_id` int unsigned DEFAULT NULL,
  `permission_ord` double unsigned DEFAULT NULL,
  PRIMARY KEY (`id`),
  UNIQUE KEY `admin_permissions_role_lnk_uq` (`permission_id`,`role_id`),
  KEY `admin_permissions_role_lnk_fk` (`permission_id`),
  KEY `admin_permissions_role_lnk_ifk` (`role_id`),
  KEY `admin_permissions_role_lnk_oifk` (`permission_ord`),
  CONSTRAINT `admin_permissions_role_lnk_fk` FOREIGN KEY (`permission_id`) REFERENCES `admin_permissions` (`id`) ON DELETE CASCADE,
  CONSTRAINT `admin_permissions_role_lnk_ifk` FOREIGN KEY (`role_id`) REFERENCES `admin_roles` (`id`) ON DELETE CASCADE
) ENGINE=InnoDB AUTO_INCREMENT=141 DEFAULT CHARSET=utf8mb4 COLLATE=utf8mb4_0900_ai_ci;
/*!40101 SET character_set_client = @saved_cs_client */;

--
-- Dumping data for table `admin_permissions_role_lnk`
--

LOCK TABLES `admin_permissions_role_lnk` WRITE;
/*!40000 ALTER TABLE `admin_permissions_role_lnk` DISABLE KEYS */;
INSERT INTO `admin_permissions_role_lnk` VALUES (1,1,2,1),(2,2,2,2),(3,3,2,3),(4,4,2,4),(5,5,2,5),(6,6,2,6),(7,7,2,7),(8,8,2,8),(9,9,2,9),(10,10,2,10),(11,11,2,11),(12,12,2,12),(13,13,2,13),(14,14,2,14),(15,15,2,15),(16,16,2,16),(17,17,2,17),(18,18,2,18),(19,19,2,19),(20,20,2,20),(21,21,2,21),(22,22,2,22),(23,23,2,23),(24,24,2,24),(25,25,2,25),(26,26,2,26),(27,27,2,27),(28,28,2,28),(29,29,2,29),(30,30,2,30),(31,31,2,31),(32,32,3,1),(33,33,3,2),(34,34,3,3),(35,35,3,4),(36,36,3,5),(37,37,3,6),(38,38,3,7),(39,39,3,8),(40,40,3,9),(41,41,3,10),(42,42,3,11),(43,43,3,12),(44,44,3,13),(45,45,3,14),(46,46,3,15),(47,47,3,16),(48,48,3,17),(49,49,3,18),(50,50,3,19),(51,51,3,20),(52,52,3,21),(53,53,3,22),(54,54,3,23),(55,55,3,24),(56,56,3,25),(57,57,3,26),(58,58,1,1),(59,59,1,2),(60,60,1,3),(61,61,1,4),(62,62,1,5),(63,63,1,6),(64,64,1,7),(65,65,1,8),(66,66,1,9),(67,67,1,10),(68,68,1,11),(69,69,1,12),(70,70,1,13),(71,71,1,14),(72,72,1,15),(73,73,1,16),(74,74,1,17),(75,75,1,18),(76,76,1,19),(77,77,1,20),(78,78,1,21),(79,79,1,22),(80,80,1,23),(81,81,1,24),(82,82,1,25),(83,83,1,26),(84,84,1,27),(85,85,1,28),(86,86,1,29),(87,87,1,30),(88,88,1,31),(89,89,1,32),(90,90,1,33),(91,91,1,34),(92,92,1,35),(93,93,1,36),(94,94,1,37),(95,95,1,38),(96,96,1,39),(97,97,1,40),(98,98,1,41),(99,99,1,42),(100,100,1,43),(101,101,1,44),(102,102,1,45),(103,103,1,46),(104,104,1,47),(105,105,1,48),(106,106,1,49),(107,107,1,50),(108,108,1,51),(109,109,1,52),(110,110,1,53),(111,111,1,54),(112,112,1,55),(113,113,1,56),(114,114,1,57),(115,115,1,58),(116,116,1,59),(117,117,1,60),(118,118,1,61),(119,119,1,62),(120,120,1,63),(121,121,1,64),(122,122,1,65),(123,123,1,66),(124,124,1,67),(125,125,1,68),(126,126,1,69),(127,127,1,70),(128,128,1,71),(129,129,1,72),(130,130,1,73),(131,131,1,74),(132,132,1,75),(133,133,1,76),(134,134,1,77),(135,135,1,78),(136,136,1,79),(137,137,1,80),(138,138,1,81),(139,139,1,82),(140,140,1,83);
/*!40000 ALTER TABLE `admin_permissions_role_lnk` ENABLE KEYS */;
UNLOCK TABLES;

--
-- Table structure for table `admin_roles`
--

DROP TABLE IF EXISTS `admin_roles`;
/*!40101 SET @saved_cs_client     = @@character_set_client */;
/*!50503 SET character_set_client = utf8mb4 */;
CREATE TABLE `admin_roles` (
  `id` int unsigned NOT NULL AUTO_INCREMENT,
  `document_id` varchar(255) DEFAULT NULL,
  `name` varchar(255) DEFAULT NULL,
  `code` varchar(255) DEFAULT NULL,
  `description` varchar(255) DEFAULT NULL,
  `created_at` datetime(6) DEFAULT NULL,
  `updated_at` datetime(6) DEFAULT NULL,
  `published_at` datetime(6) DEFAULT NULL,
  `created_by_id` int unsigned DEFAULT NULL,
  `updated_by_id` int unsigned DEFAULT NULL,
  `locale` varchar(255) DEFAULT NULL,
  PRIMARY KEY (`id`),
  KEY `admin_roles_documents_idx` (`document_id`,`locale`,`published_at`),
  KEY `admin_roles_created_by_id_fk` (`created_by_id`),
  KEY `admin_roles_updated_by_id_fk` (`updated_by_id`),
  CONSTRAINT `admin_roles_created_by_id_fk` FOREIGN KEY (`created_by_id`) REFERENCES `admin_users` (`id`) ON DELETE SET NULL,
  CONSTRAINT `admin_roles_updated_by_id_fk` FOREIGN KEY (`updated_by_id`) REFERENCES `admin_users` (`id`) ON DELETE SET NULL
) ENGINE=InnoDB AUTO_INCREMENT=4 DEFAULT CHARSET=utf8mb4 COLLATE=utf8mb4_0900_ai_ci;
/*!40101 SET character_set_client = @saved_cs_client */;

--
-- Dumping data for table `admin_roles`
--

LOCK TABLES `admin_roles` WRITE;
/*!40000 ALTER TABLE `admin_roles` DISABLE KEYS */;
INSERT INTO `admin_roles` VALUES (1,'jk4hy7lln7zx59oab2m5099p','Super Admin','strapi-super-admin','Super Admins can access and manage all features and settings.','2024-11-15 15:42:09.541000','2024-11-15 15:42:09.541000','2024-11-15 15:42:09.541000',NULL,NULL,NULL),(2,'l74se8cz3d5vbuoayh3fipzi','Editor','strapi-editor','Editors can manage and publish contents including those of other users.','2024-11-15 15:42:09.550000','2024-11-15 15:42:09.550000','2024-11-15 15:42:09.550000',NULL,NULL,NULL),(3,'bwtz1f9moepmq78edk4txkkj','Author','strapi-author','Authors can manage the content they have created.','2024-11-15 15:42:09.552000','2024-11-15 15:42:09.552000','2024-11-15 15:42:09.553000',NULL,NULL,NULL);
/*!40000 ALTER TABLE `admin_roles` ENABLE KEYS */;
UNLOCK TABLES;

--
-- Table structure for table `admin_users`
--

DROP TABLE IF EXISTS `admin_users`;
/*!40101 SET @saved_cs_client     = @@character_set_client */;
/*!50503 SET character_set_client = utf8mb4 */;
CREATE TABLE `admin_users` (
  `id` int unsigned NOT NULL AUTO_INCREMENT,
  `document_id` varchar(255) DEFAULT NULL,
  `firstname` varchar(255) DEFAULT NULL,
  `lastname` varchar(255) DEFAULT NULL,
  `username` varchar(255) DEFAULT NULL,
  `email` varchar(255) DEFAULT NULL,
  `password` varchar(255) DEFAULT NULL,
  `reset_password_token` varchar(255) DEFAULT NULL,
  `registration_token` varchar(255) DEFAULT NULL,
  `is_active` tinyint(1) DEFAULT NULL,
  `blocked` tinyint(1) DEFAULT NULL,
  `prefered_language` varchar(255) DEFAULT NULL,
  `created_at` datetime(6) DEFAULT NULL,
  `updated_at` datetime(6) DEFAULT NULL,
  `published_at` datetime(6) DEFAULT NULL,
  `created_by_id` int unsigned DEFAULT NULL,
  `updated_by_id` int unsigned DEFAULT NULL,
  `locale` varchar(255) DEFAULT NULL,
  PRIMARY KEY (`id`),
  KEY `admin_users_documents_idx` (`document_id`,`locale`,`published_at`),
  KEY `admin_users_created_by_id_fk` (`created_by_id`),
  KEY `admin_users_updated_by_id_fk` (`updated_by_id`),
  CONSTRAINT `admin_users_created_by_id_fk` FOREIGN KEY (`created_by_id`) REFERENCES `admin_users` (`id`) ON DELETE SET NULL,
  CONSTRAINT `admin_users_updated_by_id_fk` FOREIGN KEY (`updated_by_id`) REFERENCES `admin_users` (`id`) ON DELETE SET NULL
) ENGINE=InnoDB DEFAULT CHARSET=utf8mb4 COLLATE=utf8mb4_0900_ai_ci;
/*!40101 SET character_set_client = @saved_cs_client */;

--
-- Dumping data for table `admin_users`
--

LOCK TABLES `admin_users` WRITE;
/*!40000 ALTER TABLE `admin_users` DISABLE KEYS */;
/*!40000 ALTER TABLE `admin_users` ENABLE KEYS */;
UNLOCK TABLES;

--
-- Table structure for table `admin_users_roles_lnk`
--

DROP TABLE IF EXISTS `admin_users_roles_lnk`;
/*!40101 SET @saved_cs_client     = @@character_set_client */;
/*!50503 SET character_set_client = utf8mb4 */;
CREATE TABLE `admin_users_roles_lnk` (
  `id` int unsigned NOT NULL AUTO_INCREMENT,
  `user_id` int unsigned DEFAULT NULL,
  `role_id` int unsigned DEFAULT NULL,
  `role_ord` double unsigned DEFAULT NULL,
  `user_ord` double unsigned DEFAULT NULL,
  PRIMARY KEY (`id`),
  UNIQUE KEY `admin_users_roles_lnk_uq` (`user_id`,`role_id`),
  KEY `admin_users_roles_lnk_fk` (`user_id`),
  KEY `admin_users_roles_lnk_ifk` (`role_id`),
  KEY `admin_users_roles_lnk_ofk` (`role_ord`),
  KEY `admin_users_roles_lnk_oifk` (`user_ord`),
  CONSTRAINT `admin_users_roles_lnk_fk` FOREIGN KEY (`user_id`) REFERENCES `admin_users` (`id`) ON DELETE CASCADE,
  CONSTRAINT `admin_users_roles_lnk_ifk` FOREIGN KEY (`role_id`) REFERENCES `admin_roles` (`id`) ON DELETE CASCADE
) ENGINE=InnoDB DEFAULT CHARSET=utf8mb4 COLLATE=utf8mb4_0900_ai_ci;
/*!40101 SET character_set_client = @saved_cs_client */;

--
-- Dumping data for table `admin_users_roles_lnk`
--

LOCK TABLES `admin_users_roles_lnk` WRITE;
/*!40000 ALTER TABLE `admin_users_roles_lnk` DISABLE KEYS */;
/*!40000 ALTER TABLE `admin_users_roles_lnk` ENABLE KEYS */;
UNLOCK TABLES;

--
-- Table structure for table `articles`
--

DROP TABLE IF EXISTS `articles`;
/*!40101 SET @saved_cs_client     = @@character_set_client */;
/*!50503 SET character_set_client = utf8mb4 */;
CREATE TABLE `articles` (
  `id` int unsigned NOT NULL AUTO_INCREMENT,
  `document_id` varchar(255) DEFAULT NULL,
  `title` varchar(255) DEFAULT NULL,
  `description` longtext,
  `slug` varchar(255) DEFAULT NULL,
  `created_at` datetime(6) DEFAULT NULL,
  `updated_at` datetime(6) DEFAULT NULL,
  `published_at` datetime(6) DEFAULT NULL,
  `created_by_id` int unsigned DEFAULT NULL,
  `updated_by_id` int unsigned DEFAULT NULL,
  `locale` varchar(255) DEFAULT NULL,
  PRIMARY KEY (`id`),
  KEY `articles_documents_idx` (`document_id`,`locale`,`published_at`),
  KEY `articles_created_by_id_fk` (`created_by_id`),
  KEY `articles_updated_by_id_fk` (`updated_by_id`),
  CONSTRAINT `articles_created_by_id_fk` FOREIGN KEY (`created_by_id`) REFERENCES `admin_users` (`id`) ON DELETE SET NULL,
  CONSTRAINT `articles_updated_by_id_fk` FOREIGN KEY (`updated_by_id`) REFERENCES `admin_users` (`id`) ON DELETE SET NULL
) ENGINE=InnoDB AUTO_INCREMENT=6 DEFAULT CHARSET=utf8mb4 COLLATE=utf8mb4_0900_ai_ci;
/*!40101 SET character_set_client = @saved_cs_client */;

--
-- Dumping data for table `articles`
--

LOCK TABLES `articles` WRITE;
/*!40000 ALTER TABLE `articles` DISABLE KEYS */;
INSERT INTO `articles` VALUES (1,'r6aptz4t14dzjo4xmoa7pgje','The internet\'s Own boy','Follow the story of Aaron Swartz, the boy who could change the world','the-internet-s-own-boy','2024-11-15 15:42:15.696000','2024-11-15 15:42:15.696000',NULL,NULL,NULL,NULL),(2,'cs5crvybmq1c43adk2pw6kt9','This shrimp is awesome','Mantis shrimps, or stomatopods, are marine crustaceans of the order Stomatopoda.','this-shrimp-is-awesome','2024-11-15 15:42:15.841000','2024-11-15 15:42:15.841000',NULL,NULL,NULL,NULL),(3,'a42o76sgauvlojp14zg4pc9v','A bug is becoming a meme on the internet','How a bug on MySQL is becoming a meme on the internet','a-bug-is-becoming-a-meme-on-the-internet','2024-11-15 15:42:16.327000','2024-11-15 15:42:16.327000',NULL,NULL,NULL,NULL),(4,'baffxsvksibbjoq2fpxxnrh7','Beautiful picture','Description of a beautiful picture','beautiful-picture','2024-11-15 15:42:17.023000','2024-11-15 15:42:17.023000',NULL,NULL,NULL,NULL),(5,'mcmxssu149jaz7ftzb3ieoij','What\'s inside a Black Hole','Maybe the answer is in this article, or not...','what-s-inside-a-black-hole','2024-11-15 15:42:17.136000','2024-11-15 15:42:17.136000',NULL,NULL,NULL,NULL);
/*!40000 ALTER TABLE `articles` ENABLE KEYS */;
UNLOCK TABLES;

--
-- Table structure for table `articles_author_lnk`
--

DROP TABLE IF EXISTS `articles_author_lnk`;
/*!40101 SET @saved_cs_client     = @@character_set_client */;
/*!50503 SET character_set_client = utf8mb4 */;
CREATE TABLE `articles_author_lnk` (
  `id` int unsigned NOT NULL AUTO_INCREMENT,
  `article_id` int unsigned DEFAULT NULL,
  `author_id` int unsigned DEFAULT NULL,
  `article_ord` double unsigned DEFAULT NULL,
  PRIMARY KEY (`id`),
  UNIQUE KEY `articles_author_lnk_uq` (`article_id`,`author_id`),
  KEY `articles_author_lnk_fk` (`article_id`),
  KEY `articles_author_lnk_ifk` (`author_id`),
  KEY `articles_author_lnk_oifk` (`article_ord`),
  CONSTRAINT `articles_author_lnk_fk` FOREIGN KEY (`article_id`) REFERENCES `articles` (`id`) ON DELETE CASCADE,
  CONSTRAINT `articles_author_lnk_ifk` FOREIGN KEY (`author_id`) REFERENCES `authors` (`id`) ON DELETE CASCADE
) ENGINE=InnoDB AUTO_INCREMENT=6 DEFAULT CHARSET=utf8mb4 COLLATE=utf8mb4_0900_ai_ci;
/*!40101 SET character_set_client = @saved_cs_client */;

--
-- Dumping data for table `articles_author_lnk`
--

LOCK TABLES `articles_author_lnk` WRITE;
/*!40000 ALTER TABLE `articles_author_lnk` DISABLE KEYS */;
INSERT INTO `articles_author_lnk` VALUES (1,1,1,1),(2,2,1,2),(3,3,2,1),(4,4,2,2),(5,5,2,3);
/*!40000 ALTER TABLE `articles_author_lnk` ENABLE KEYS */;
UNLOCK TABLES;

--
-- Table structure for table `articles_category_lnk`
--

DROP TABLE IF EXISTS `articles_category_lnk`;
/*!40101 SET @saved_cs_client     = @@character_set_client */;
/*!50503 SET character_set_client = utf8mb4 */;
CREATE TABLE `articles_category_lnk` (
  `id` int unsigned NOT NULL AUTO_INCREMENT,
  `article_id` int unsigned DEFAULT NULL,
  `category_id` int unsigned DEFAULT NULL,
  `article_ord` double unsigned DEFAULT NULL,
  PRIMARY KEY (`id`),
  UNIQUE KEY `articles_category_lnk_uq` (`article_id`,`category_id`),
  KEY `articles_category_lnk_fk` (`article_id`),
  KEY `articles_category_lnk_ifk` (`category_id`),
  KEY `articles_category_lnk_oifk` (`article_ord`),
  CONSTRAINT `articles_category_lnk_fk` FOREIGN KEY (`article_id`) REFERENCES `articles` (`id`) ON DELETE CASCADE,
  CONSTRAINT `articles_category_lnk_ifk` FOREIGN KEY (`category_id`) REFERENCES `categories` (`id`) ON DELETE CASCADE
) ENGINE=InnoDB AUTO_INCREMENT=6 DEFAULT CHARSET=utf8mb4 COLLATE=utf8mb4_0900_ai_ci;
/*!40101 SET character_set_client = @saved_cs_client */;

--
-- Dumping data for table `articles_category_lnk`
--

LOCK TABLES `articles_category_lnk` WRITE;
/*!40000 ALTER TABLE `articles_category_lnk` DISABLE KEYS */;
INSERT INTO `articles_category_lnk` VALUES (1,1,5,1),(2,2,4,1),(3,3,2,1),(4,4,4,2),(5,5,1,1);
/*!40000 ALTER TABLE `articles_category_lnk` ENABLE KEYS */;
UNLOCK TABLES;

--
-- Table structure for table `articles_cmps`
--

DROP TABLE IF EXISTS `articles_cmps`;
/*!40101 SET @saved_cs_client     = @@character_set_client */;
/*!50503 SET character_set_client = utf8mb4 */;
CREATE TABLE `articles_cmps` (
  `id` int unsigned NOT NULL AUTO_INCREMENT,
  `entity_id` int unsigned DEFAULT NULL,
  `cmp_id` int unsigned DEFAULT NULL,
  `component_type` varchar(255) DEFAULT NULL,
  `field` varchar(255) DEFAULT NULL,
  `order` double unsigned DEFAULT NULL,
  PRIMARY KEY (`id`),
  UNIQUE KEY `articles_uq` (`entity_id`,`cmp_id`,`field`,`component_type`),
  KEY `articles_field_idx` (`field`),
  KEY `articles_component_type_idx` (`component_type`),
  KEY `articles_entity_fk` (`entity_id`),
  CONSTRAINT `articles_entity_fk` FOREIGN KEY (`entity_id`) REFERENCES `articles` (`id`) ON DELETE CASCADE
) ENGINE=InnoDB AUTO_INCREMENT=26 DEFAULT CHARSET=utf8mb4 COLLATE=utf8mb4_0900_ai_ci;
/*!40101 SET character_set_client = @saved_cs_client */;

--
-- Dumping data for table `articles_cmps`
--

LOCK TABLES `articles_cmps` WRITE;
/*!40000 ALTER TABLE `articles_cmps` DISABLE KEYS */;
INSERT INTO `articles_cmps` VALUES (1,1,1,'shared.rich-text','blocks',NULL),(2,1,1,'shared.quote','blocks',NULL),(3,1,1,'shared.media','blocks',NULL),(4,1,2,'shared.rich-text','blocks',NULL),(5,1,1,'shared.slider','blocks',NULL),(6,2,3,'shared.rich-text','blocks',NULL),(7,2,2,'shared.quote','blocks',NULL),(8,2,2,'shared.media','blocks',NULL),(9,2,4,'shared.rich-text','blocks',NULL),(10,2,2,'shared.slider','blocks',NULL),(11,3,5,'shared.rich-text','blocks',NULL),(12,3,3,'shared.quote','blocks',NULL),(13,3,3,'shared.media','blocks',NULL),(14,3,6,'shared.rich-text','blocks',NULL),(15,3,3,'shared.slider','blocks',NULL),(16,4,7,'shared.rich-text','blocks',NULL),(17,4,4,'shared.quote','blocks',NULL),(18,4,4,'shared.media','blocks',NULL),(19,4,8,'shared.rich-text','blocks',NULL),(20,4,4,'shared.slider','blocks',NULL),(21,5,9,'shared.rich-text','blocks',NULL),(22,5,5,'shared.quote','blocks',NULL),(23,5,5,'shared.media','blocks',NULL),(24,5,10,'shared.rich-text','blocks',NULL),(25,5,5,'shared.slider','blocks',NULL);
/*!40000 ALTER TABLE `articles_cmps` ENABLE KEYS */;
UNLOCK TABLES;

--
-- Table structure for table `authors`
--

DROP TABLE IF EXISTS `authors`;
/*!40101 SET @saved_cs_client     = @@character_set_client */;
/*!50503 SET character_set_client = utf8mb4 */;
CREATE TABLE `authors` (
  `id` int unsigned NOT NULL AUTO_INCREMENT,
  `document_id` varchar(255) DEFAULT NULL,
  `name` varchar(255) DEFAULT NULL,
  `email` varchar(255) DEFAULT NULL,
  `created_at` datetime(6) DEFAULT NULL,
  `updated_at` datetime(6) DEFAULT NULL,
  `published_at` datetime(6) DEFAULT NULL,
  `created_by_id` int unsigned DEFAULT NULL,
  `updated_by_id` int unsigned DEFAULT NULL,
  `locale` varchar(255) DEFAULT NULL,
  PRIMARY KEY (`id`),
  KEY `authors_documents_idx` (`document_id`,`locale`,`published_at`),
  KEY `authors_created_by_id_fk` (`created_by_id`),
  KEY `authors_updated_by_id_fk` (`updated_by_id`),
  CONSTRAINT `authors_created_by_id_fk` FOREIGN KEY (`created_by_id`) REFERENCES `admin_users` (`id`) ON DELETE SET NULL,
  CONSTRAINT `authors_updated_by_id_fk` FOREIGN KEY (`updated_by_id`) REFERENCES `admin_users` (`id`) ON DELETE SET NULL
) ENGINE=InnoDB AUTO_INCREMENT=3 DEFAULT CHARSET=utf8mb4 COLLATE=utf8mb4_0900_ai_ci;
/*!40101 SET character_set_client = @saved_cs_client */;

--
-- Dumping data for table `authors`
--

LOCK TABLES `authors` WRITE;
/*!40000 ALTER TABLE `authors` DISABLE KEYS */;
INSERT INTO `authors` VALUES (1,'goxekq8bzq1mx8hymrl34tqg','David Doe','daviddoe@strapi.io','2024-11-15 15:42:10.995000','2024-11-15 15:42:10.995000','2024-11-15 15:42:10.991000',NULL,NULL,NULL),(2,'pnog639zifqfxeo3zqwv7cfc','Sarah Baker','sarahbaker@strapi.io','2024-11-15 15:42:11.907000','2024-11-15 15:42:11.907000','2024-11-15 15:42:11.894000',NULL,NULL,NULL);
/*!40000 ALTER TABLE `authors` ENABLE KEYS */;
UNLOCK TABLES;

--
-- Table structure for table `categories`
--

DROP TABLE IF EXISTS `categories`;
/*!40101 SET @saved_cs_client     = @@character_set_client */;
/*!50503 SET character_set_client = utf8mb4 */;
CREATE TABLE `categories` (
  `id` int unsigned NOT NULL AUTO_INCREMENT,
  `document_id` varchar(255) DEFAULT NULL,
  `name` varchar(255) DEFAULT NULL,
  `slug` varchar(255) DEFAULT NULL,
  `description` longtext,
  `created_at` datetime(6) DEFAULT NULL,
  `updated_at` datetime(6) DEFAULT NULL,
  `published_at` datetime(6) DEFAULT NULL,
  `created_by_id` int unsigned DEFAULT NULL,
  `updated_by_id` int unsigned DEFAULT NULL,
  `locale` varchar(255) DEFAULT NULL,
  PRIMARY KEY (`id`),
  KEY `categories_documents_idx` (`document_id`,`locale`,`published_at`),
  KEY `categories_created_by_id_fk` (`created_by_id`),
  KEY `categories_updated_by_id_fk` (`updated_by_id`),
  CONSTRAINT `categories_created_by_id_fk` FOREIGN KEY (`created_by_id`) REFERENCES `admin_users` (`id`) ON DELETE SET NULL,
  CONSTRAINT `categories_updated_by_id_fk` FOREIGN KEY (`updated_by_id`) REFERENCES `admin_users` (`id`) ON DELETE SET NULL
) ENGINE=InnoDB AUTO_INCREMENT=6 DEFAULT CHARSET=utf8mb4 COLLATE=utf8mb4_0900_ai_ci;
/*!40101 SET character_set_client = @saved_cs_client */;

--
-- Dumping data for table `categories`
--

LOCK TABLES `categories` WRITE;
/*!40000 ALTER TABLE `categories` DISABLE KEYS */;
INSERT INTO `categories` VALUES (1,'h0k8taouqgn4xvjntryniu2s','news','news',NULL,'2024-11-15 15:42:10.377000','2024-11-15 15:42:10.377000','2024-11-15 15:42:10.371000',NULL,NULL,NULL),(2,'ei0n83cih9str20vvewcit8m','tech','tech',NULL,'2024-11-15 15:42:10.388000','2024-11-15 15:42:10.388000','2024-11-15 15:42:10.382000',NULL,NULL,NULL),(3,'dl66i4mebmj1wtkwy57c92ne','food','food',NULL,'2024-11-15 15:42:10.395000','2024-11-15 15:42:10.395000','2024-11-15 15:42:10.393000',NULL,NULL,NULL),(4,'mxf1bgt694yiw9gj3h8yvy4e','nature','nature',NULL,'2024-11-15 15:42:10.403000','2024-11-15 15:42:10.403000','2024-11-15 15:42:10.401000',NULL,NULL,NULL),(5,'tii6jzk4u39hxgj92ggnkde8','story','story',NULL,'2024-11-15 15:42:10.410000','2024-11-15 15:42:10.410000','2024-11-15 15:42:10.407000',NULL,NULL,NULL);
/*!40000 ALTER TABLE `categories` ENABLE KEYS */;
UNLOCK TABLES;

--
-- Table structure for table `components_shared_media`
--

DROP TABLE IF EXISTS `components_shared_media`;
/*!40101 SET @saved_cs_client     = @@character_set_client */;
/*!50503 SET character_set_client = utf8mb4 */;
CREATE TABLE `components_shared_media` (
  `id` int unsigned NOT NULL AUTO_INCREMENT,
  PRIMARY KEY (`id`)
) ENGINE=InnoDB AUTO_INCREMENT=7 DEFAULT CHARSET=utf8mb4 COLLATE=utf8mb4_0900_ai_ci;
/*!40101 SET character_set_client = @saved_cs_client */;

--
-- Dumping data for table `components_shared_media`
--

LOCK TABLES `components_shared_media` WRITE;
/*!40000 ALTER TABLE `components_shared_media` DISABLE KEYS */;
INSERT INTO `components_shared_media` VALUES (1),(2),(3),(4),(5),(6);
/*!40000 ALTER TABLE `components_shared_media` ENABLE KEYS */;
UNLOCK TABLES;

--
-- Table structure for table `components_shared_quotes`
--

DROP TABLE IF EXISTS `components_shared_quotes`;
/*!40101 SET @saved_cs_client     = @@character_set_client */;
/*!50503 SET character_set_client = utf8mb4 */;
CREATE TABLE `components_shared_quotes` (
  `id` int unsigned NOT NULL AUTO_INCREMENT,
  `title` varchar(255) DEFAULT NULL,
  `body` longtext,
  PRIMARY KEY (`id`)
) ENGINE=InnoDB AUTO_INCREMENT=7 DEFAULT CHARSET=utf8mb4 COLLATE=utf8mb4_0900_ai_ci;
/*!40101 SET character_set_client = @saved_cs_client */;

--
-- Dumping data for table `components_shared_quotes`
--

LOCK TABLES `components_shared_quotes` WRITE;
/*!40000 ALTER TABLE `components_shared_quotes` DISABLE KEYS */;
INSERT INTO `components_shared_quotes` VALUES (1,'Thelonius Monk','You\'ve got to dig it to dig it, you dig?'),(2,'Thelonius Monk','You\'ve got to dig it to dig it, you dig?'),(3,'Thelonius Monk','You\'ve got to dig it to dig it, you dig?'),(4,'Thelonius Monk','You\'ve got to dig it to dig it, you dig?'),(5,'Thelonius Monk','You\'ve got to dig it to dig it, you dig?'),(6,'Thelonius Monk','You\'ve got to dig it to dig it, you dig?');
/*!40000 ALTER TABLE `components_shared_quotes` ENABLE KEYS */;
UNLOCK TABLES;

--
-- Table structure for table `components_shared_rich_texts`
--

DROP TABLE IF EXISTS `components_shared_rich_texts`;
/*!40101 SET @saved_cs_client     = @@character_set_client */;
/*!50503 SET character_set_client = utf8mb4 */;
CREATE TABLE `components_shared_rich_texts` (
  `id` int unsigned NOT NULL AUTO_INCREMENT,
  `body` longtext,
  PRIMARY KEY (`id`)
) ENGINE=InnoDB AUTO_INCREMENT=12 DEFAULT CHARSET=utf8mb4 COLLATE=utf8mb4_0900_ai_ci;
/*!40101 SET character_set_client = @saved_cs_client */;

--
-- Dumping data for table `components_shared_rich_texts`
--

LOCK TABLES `components_shared_rich_texts` WRITE;
/*!40000 ALTER TABLE `components_shared_rich_texts` DISABLE KEYS */;
INSERT INTO `components_shared_rich_texts` VALUES (1,'## Probant \n\nse Lorem markdownum negat. Argo *saxa* videnda cornuaque hunc qui tanta spes teneas! Obliquis est dicenti est salutat ille tamen iuvenum nostrae dolore. - Colores nocituraque comitata eripiunt - Addit quodcunque solum cui et dextram illis - Nulli meus nec extemplo ille ferebat pressit Se blandita fulvae vox gravem Pittheus cesserunt sanguine herbis tu comitum tenuit. Sui in ruunt; Doridaque maculosae fuissem! Et loqui. \n\n## Abit sua\n\nse Lorem markdownum negat. Argo *saxa* videnda cornuaque hunc qui tanta spes teneas! Obliquis est dicenti est salutat ille tamen iuvenum nostrae dolore. - Colores nocituraque comitata eripiunt - Addit quodcunque solum cui et dextram illis - Nulli meus nec extemplo ille ferebat pressit Se blandita fulvae vox gravem Pittheus cesserunt sanguine herbis tu comitum tenuit. Sui in ruunt; Doridaque maculosae fuissem! Et loqui. '),(2,'## Spatiantia astra \n\nFoeda, medio silva *errandum*: onus formam munere. Mutata bibulis est auxiliare arces etiamnunc verbis virgineo Priamidas illa Thescelus, nam fit locis lucis auras. Exitus hospes gratulor ut pondere [speslimite](http://www.curas.io/figuram); quid habent, Avernales faciente de. Pervenit Ino sonabile supplex cognoscenti vires, Bacchumque errat miserarum venandi dignabere dedisti. Discrimina iuncosaque virgaque tot sine superest [fissus](http://quos.org/sitet.aspx). Non color esset potest non sumit, sed vix arserat. Nisi immo silva tantum pectusque quos pennis quisquam artus!'),(3,'## Probant \n\nse Lorem markdownum negat. Argo *saxa* videnda cornuaque hunc qui tanta spes teneas! Obliquis est dicenti est salutat ille tamen iuvenum nostrae dolore. - Colores nocituraque comitata eripiunt - Addit quodcunque solum cui et dextram illis - Nulli meus nec extemplo ille ferebat pressit Se blandita fulvae vox gravem Pittheus cesserunt sanguine herbis tu comitum tenuit. Sui in ruunt; Doridaque maculosae fuissem! Et loqui. \n\n## Abit sua\n\nse Lorem markdownum negat. Argo *saxa* videnda cornuaque hunc qui tanta spes teneas! Obliquis est dicenti est salutat ille tamen iuvenum nostrae dolore. - Colores nocituraque comitata eripiunt - Addit quodcunque solum cui et dextram illis - Nulli meus nec extemplo ille ferebat pressit Se blandita fulvae vox gravem Pittheus cesserunt sanguine herbis tu comitum tenuit. Sui in ruunt; Doridaque maculosae fuissem! Et loqui. '),(4,'## Spatiantia astra \n\nFoeda, medio silva *errandum*: onus formam munere. Mutata bibulis est auxiliare arces etiamnunc verbis virgineo Priamidas illa Thescelus, nam fit locis lucis auras. Exitus hospes gratulor ut pondere [speslimite](http://www.curas.io/figuram); quid habent, Avernales faciente de. Pervenit Ino sonabile supplex cognoscenti vires, Bacchumque errat miserarum venandi dignabere dedisti. Discrimina iuncosaque virgaque tot sine superest [fissus](http://quos.org/sitet.aspx). Non color esset potest non sumit, sed vix arserat. Nisi immo silva tantum pectusque quos pennis quisquam artus!'),(5,'## Probant \n\nse Lorem markdownum negat. Argo *saxa* videnda cornuaque hunc qui tanta spes teneas! Obliquis est dicenti est salutat ille tamen iuvenum nostrae dolore. - Colores nocituraque comitata eripiunt - Addit quodcunque solum cui et dextram illis - Nulli meus nec extemplo ille ferebat pressit Se blandita fulvae vox gravem Pittheus cesserunt sanguine herbis tu comitum tenuit. Sui in ruunt; Doridaque maculosae fuissem! Et loqui. \n\n## Abit sua\n\nse Lorem markdownum negat. Argo *saxa* videnda cornuaque hunc qui tanta spes teneas! Obliquis est dicenti est salutat ille tamen iuvenum nostrae dolore. - Colores nocituraque comitata eripiunt - Addit quodcunque solum cui et dextram illis - Nulli meus nec extemplo ille ferebat pressit Se blandita fulvae vox gravem Pittheus cesserunt sanguine herbis tu comitum tenuit. Sui in ruunt; Doridaque maculosae fuissem! Et loqui. '),(6,'## Spatiantia astra \n\nFoeda, medio silva *errandum*: onus formam munere. Mutata bibulis est auxiliare arces etiamnunc verbis virgineo Priamidas illa Thescelus, nam fit locis lucis auras. Exitus hospes gratulor ut pondere [speslimite](http://www.curas.io/figuram); quid habent, Avernales faciente de. Pervenit Ino sonabile supplex cognoscenti vires, Bacchumque errat miserarum venandi dignabere dedisti. Discrimina iuncosaque virgaque tot sine superest [fissus](http://quos.org/sitet.aspx). Non color esset potest non sumit, sed vix arserat. Nisi immo silva tantum pectusque quos pennis quisquam artus!'),(7,'## Probant \n\nse Lorem markdownum negat. Argo *saxa* videnda cornuaque hunc qui tanta spes teneas! Obliquis est dicenti est salutat ille tamen iuvenum nostrae dolore. - Colores nocituraque comitata eripiunt - Addit quodcunque solum cui et dextram illis - Nulli meus nec extemplo ille ferebat pressit Se blandita fulvae vox gravem Pittheus cesserunt sanguine herbis tu comitum tenuit. Sui in ruunt; Doridaque maculosae fuissem! Et loqui. \n\n## Abit sua\n\nse Lorem markdownum negat. Argo *saxa* videnda cornuaque hunc qui tanta spes teneas! Obliquis est dicenti est salutat ille tamen iuvenum nostrae dolore. - Colores nocituraque comitata eripiunt - Addit quodcunque solum cui et dextram illis - Nulli meus nec extemplo ille ferebat pressit Se blandita fulvae vox gravem Pittheus cesserunt sanguine herbis tu comitum tenuit. Sui in ruunt; Doridaque maculosae fuissem! Et loqui. '),(8,'## Spatiantia astra \n\nFoeda, medio silva *errandum*: onus formam munere. Mutata bibulis est auxiliare arces etiamnunc verbis virgineo Priamidas illa Thescelus, nam fit locis lucis auras. Exitus hospes gratulor ut pondere [speslimite](http://www.curas.io/figuram); quid habent, Avernales faciente de. Pervenit Ino sonabile supplex cognoscenti vires, Bacchumque errat miserarum venandi dignabere dedisti. Discrimina iuncosaque virgaque tot sine superest [fissus](http://quos.org/sitet.aspx). Non color esset potest non sumit, sed vix arserat. Nisi immo silva tantum pectusque quos pennis quisquam artus!'),(9,'## Probant \n\nse Lorem markdownum negat. Argo *saxa* videnda cornuaque hunc qui tanta spes teneas! Obliquis est dicenti est salutat ille tamen iuvenum nostrae dolore. - Colores nocituraque comitata eripiunt - Addit quodcunque solum cui et dextram illis - Nulli meus nec extemplo ille ferebat pressit Se blandita fulvae vox gravem Pittheus cesserunt sanguine herbis tu comitum tenuit. Sui in ruunt; Doridaque maculosae fuissem! Et loqui. \n\n## Abit sua\n\nse Lorem markdownum negat. Argo *saxa* videnda cornuaque hunc qui tanta spes teneas! Obliquis est dicenti est salutat ille tamen iuvenum nostrae dolore. - Colores nocituraque comitata eripiunt - Addit quodcunque solum cui et dextram illis - Nulli meus nec extemplo ille ferebat pressit Se blandita fulvae vox gravem Pittheus cesserunt sanguine herbis tu comitum tenuit. Sui in ruunt; Doridaque maculosae fuissem! Et loqui. '),(10,'## Spatiantia astra \n\nFoeda, medio silva *errandum*: onus formam munere. Mutata bibulis est auxiliare arces etiamnunc verbis virgineo Priamidas illa Thescelus, nam fit locis lucis auras. Exitus hospes gratulor ut pondere [speslimite](http://www.curas.io/figuram); quid habent, Avernales faciente de. Pervenit Ino sonabile supplex cognoscenti vires, Bacchumque errat miserarum venandi dignabere dedisti. Discrimina iuncosaque virgaque tot sine superest [fissus](http://quos.org/sitet.aspx). Non color esset potest non sumit, sed vix arserat. Nisi immo silva tantum pectusque quos pennis quisquam artus!'),(11,'## Dedit imago conspicuus cum capillis totidem inhibere\n\nLorem markdownum **rerum**, est limine: columbas: ab infelix hostem arbore nudis\ncrudelis. Videtur reliquit ambo ferrum dote sub amne fatis **illuc**, in magis,\nnec.');
/*!40000 ALTER TABLE `components_shared_rich_texts` ENABLE KEYS */;
UNLOCK TABLES;

--
-- Table structure for table `components_shared_seos`
--

DROP TABLE IF EXISTS `components_shared_seos`;
/*!40101 SET @saved_cs_client     = @@character_set_client */;
/*!50503 SET character_set_client = utf8mb4 */;
CREATE TABLE `components_shared_seos` (
  `id` int unsigned NOT NULL AUTO_INCREMENT,
  `meta_title` varchar(255) DEFAULT NULL,
  `meta_description` longtext,
  PRIMARY KEY (`id`)
) ENGINE=InnoDB AUTO_INCREMENT=2 DEFAULT CHARSET=utf8mb4 COLLATE=utf8mb4_0900_ai_ci;
/*!40101 SET character_set_client = @saved_cs_client */;

--
-- Dumping data for table `components_shared_seos`
--

LOCK TABLES `components_shared_seos` WRITE;
/*!40000 ALTER TABLE `components_shared_seos` DISABLE KEYS */;
INSERT INTO `components_shared_seos` VALUES (1,'Page','A blog made with Strapi');
/*!40000 ALTER TABLE `components_shared_seos` ENABLE KEYS */;
UNLOCK TABLES;

--
-- Table structure for table `components_shared_sliders`
--

DROP TABLE IF EXISTS `components_shared_sliders`;
/*!40101 SET @saved_cs_client     = @@character_set_client */;
/*!50503 SET character_set_client = utf8mb4 */;
CREATE TABLE `components_shared_sliders` (
  `id` int unsigned NOT NULL AUTO_INCREMENT,
  PRIMARY KEY (`id`)
) ENGINE=InnoDB AUTO_INCREMENT=6 DEFAULT CHARSET=utf8mb4 COLLATE=utf8mb4_0900_ai_ci;
/*!40101 SET character_set_client = @saved_cs_client */;

--
-- Dumping data for table `components_shared_sliders`
--

LOCK TABLES `components_shared_sliders` WRITE;
/*!40000 ALTER TABLE `components_shared_sliders` DISABLE KEYS */;
INSERT INTO `components_shared_sliders` VALUES (1),(2),(3),(4),(5);
/*!40000 ALTER TABLE `components_shared_sliders` ENABLE KEYS */;
UNLOCK TABLES;

--
-- Table structure for table `files`
--

DROP TABLE IF EXISTS `files`;
/*!40101 SET @saved_cs_client     = @@character_set_client */;
/*!50503 SET character_set_client = utf8mb4 */;
CREATE TABLE `files` (
  `id` int unsigned NOT NULL AUTO_INCREMENT,
  `document_id` varchar(255) DEFAULT NULL,
  `name` varchar(255) DEFAULT NULL,
  `alternative_text` varchar(255) DEFAULT NULL,
  `caption` varchar(255) DEFAULT NULL,
  `width` int DEFAULT NULL,
  `height` int DEFAULT NULL,
  `formats` json DEFAULT NULL,
  `hash` varchar(255) DEFAULT NULL,
  `ext` varchar(255) DEFAULT NULL,
  `mime` varchar(255) DEFAULT NULL,
  `size` decimal(10,2) DEFAULT NULL,
  `url` varchar(255) DEFAULT NULL,
  `preview_url` varchar(255) DEFAULT NULL,
  `provider` varchar(255) DEFAULT NULL,
  `provider_metadata` json DEFAULT NULL,
  `folder_path` varchar(255) DEFAULT NULL,
  `created_at` datetime(6) DEFAULT NULL,
  `updated_at` datetime(6) DEFAULT NULL,
  `published_at` datetime(6) DEFAULT NULL,
  `created_by_id` int unsigned DEFAULT NULL,
  `updated_by_id` int unsigned DEFAULT NULL,
  `locale` varchar(255) DEFAULT NULL,
  PRIMARY KEY (`id`),
  KEY `upload_files_folder_path_index` (`folder_path`),
  KEY `upload_files_created_at_index` (`created_at`),
  KEY `upload_files_updated_at_index` (`updated_at`),
  KEY `upload_files_name_index` (`name`),
  KEY `upload_files_size_index` (`size`),
  KEY `upload_files_ext_index` (`ext`),
  KEY `files_documents_idx` (`document_id`,`locale`,`published_at`),
  KEY `files_created_by_id_fk` (`created_by_id`),
  KEY `files_updated_by_id_fk` (`updated_by_id`),
  CONSTRAINT `files_created_by_id_fk` FOREIGN KEY (`created_by_id`) REFERENCES `admin_users` (`id`) ON DELETE SET NULL,
  CONSTRAINT `files_updated_by_id_fk` FOREIGN KEY (`updated_by_id`) REFERENCES `admin_users` (`id`) ON DELETE SET NULL
) ENGINE=InnoDB AUTO_INCREMENT=12 DEFAULT CHARSET=utf8mb4 COLLATE=utf8mb4_0900_ai_ci;
/*!40101 SET character_set_client = @saved_cs_client */;

--
-- Dumping data for table `files`
--

LOCK TABLES `files` WRITE;
/*!40000 ALTER TABLE `files` DISABLE KEYS */;
INSERT INTO `files` VALUES (1,'ofdzcccxg0raf0broflk9tuu','daviddoe@strapi','An image uploaded to Strapi called daviddoe@strapi','daviddoe@strapi',2418,2711,'{\"large\": {\"ext\": \".jpeg\", \"url\": \"/uploads/large_daviddoe_strapi_60dbc8e3ac.jpeg\", \"hash\": \"large_daviddoe_strapi_60dbc8e3ac\", \"mime\": \"image/jpeg\", \"name\": \"large_daviddoe@strapi\", \"path\": null, \"size\": 74.56, \"width\": 892, \"height\": 1000, \"sizeInBytes\": 74560}, \"small\": {\"ext\": \".jpeg\", \"url\": \"/uploads/small_daviddoe_strapi_60dbc8e3ac.jpeg\", \"hash\": \"small_daviddoe_strapi_60dbc8e3ac\", \"mime\": \"image/jpeg\", \"name\": \"small_daviddoe@strapi\", \"path\": null, \"size\": 22.51, \"width\": 446, \"height\": 500, \"sizeInBytes\": 22509}, \"medium\": {\"ext\": \".jpeg\", \"url\": \"/uploads/medium_daviddoe_strapi_60dbc8e3ac.jpeg\", \"hash\": \"medium_daviddoe_strapi_60dbc8e3ac\", \"mime\": \"image/jpeg\", \"name\": \"medium_daviddoe@strapi\", \"path\": null, \"size\": 44.37, \"width\": 669, \"height\": 750, \"sizeInBytes\": 44372}, \"thumbnail\": {\"ext\": \".jpeg\", \"url\": \"/uploads/thumbnail_daviddoe_strapi_60dbc8e3ac.jpeg\", \"hash\": \"thumbnail_daviddoe_strapi_60dbc8e3ac\", \"mime\": \"image/jpeg\", \"name\": \"thumbnail_daviddoe@strapi\", \"path\": null, \"size\": 4.18, \"width\": 139, \"height\": 156, \"sizeInBytes\": 4175}}','daviddoe_strapi_60dbc8e3ac','.jpeg','image/jpeg',587.69,'/uploads/daviddoe_strapi_60dbc8e3ac.jpeg',NULL,'local',NULL,'/','2024-11-15 15:42:10.978000','2024-11-15 15:42:10.978000','2024-11-15 15:42:10.979000',NULL,NULL,NULL),(2,'z3spw2qhy0fkvhag6vuki1hi','sarahbaker@strapi','An image uploaded to Strapi called sarahbaker@strapi','sarahbaker@strapi',3321,2746,'{\"large\": {\"ext\": \".jpeg\", \"url\": \"/uploads/large_sarahbaker_strapi_976b6c5d73.jpeg\", \"hash\": \"large_sarahbaker_strapi_976b6c5d73\", \"mime\": \"image/jpeg\", \"name\": \"large_sarahbaker@strapi\", \"path\": null, \"size\": 101.98, \"width\": 1000, \"height\": 827, \"sizeInBytes\": 101978}, \"small\": {\"ext\": \".jpeg\", \"url\": \"/uploads/small_sarahbaker_strapi_976b6c5d73.jpeg\", \"hash\": \"small_sarahbaker_strapi_976b6c5d73\", \"mime\": \"image/jpeg\", \"name\": \"small_sarahbaker@strapi\", \"path\": null, \"size\": 30.58, \"width\": 500, \"height\": 413, \"sizeInBytes\": 30578}, \"medium\": {\"ext\": \".jpeg\", \"url\": \"/uploads/medium_sarahbaker_strapi_976b6c5d73.jpeg\", \"hash\": \"medium_sarahbaker_strapi_976b6c5d73\", \"mime\": \"image/jpeg\", \"name\": \"medium_sarahbaker@strapi\", \"path\": null, \"size\": 61.37, \"width\": 750, \"height\": 620, \"sizeInBytes\": 61368}, \"thumbnail\": {\"ext\": \".jpeg\", \"url\": \"/uploads/thumbnail_sarahbaker_strapi_976b6c5d73.jpeg\", \"hash\": \"thumbnail_sarahbaker_strapi_976b6c5d73\", \"mime\": \"image/jpeg\", \"name\": \"thumbnail_sarahbaker@strapi\", \"path\": null, \"size\": 6.68, \"width\": 189, \"height\": 156, \"sizeInBytes\": 6681}}','sarahbaker_strapi_976b6c5d73','.jpeg','image/jpeg',795.13,'/uploads/sarahbaker_strapi_976b6c5d73.jpeg',NULL,'local',NULL,'/','2024-11-15 15:42:11.876000','2024-11-15 15:42:11.876000','2024-11-15 15:42:11.877000',NULL,NULL,NULL),(3,'o37q5628azzhr67eor15ti93','the-internet-s-own-boy','An image uploaded to Strapi called the-internet-s-own-boy','the-internet-s-own-boy',1200,707,'{\"large\": {\"ext\": \".jpeg\", \"url\": \"/uploads/large_the_internet_s_own_boy_9f3c432974.jpeg\", \"hash\": \"large_the_internet_s_own_boy_9f3c432974\", \"mime\": \"image/jpeg\", \"name\": \"large_the-internet-s-own-boy\", \"path\": null, \"size\": 70.11, \"width\": 1000, \"height\": 589, \"sizeInBytes\": 70105}, \"small\": {\"ext\": \".jpeg\", \"url\": \"/uploads/small_the_internet_s_own_boy_9f3c432974.jpeg\", \"hash\": \"small_the_internet_s_own_boy_9f3c432974\", \"mime\": \"image/jpeg\", \"name\": \"small_the-internet-s-own-boy\", \"path\": null, \"size\": 25.31, \"width\": 500, \"height\": 295, \"sizeInBytes\": 25308}, \"medium\": {\"ext\": \".jpeg\", \"url\": \"/uploads/medium_the_internet_s_own_boy_9f3c432974.jpeg\", \"hash\": \"medium_the_internet_s_own_boy_9f3c432974\", \"mime\": \"image/jpeg\", \"name\": \"medium_the-internet-s-own-boy\", \"path\": null, \"size\": 45.93, \"width\": 750, \"height\": 442, \"sizeInBytes\": 45925}, \"thumbnail\": {\"ext\": \".jpeg\", \"url\": \"/uploads/thumbnail_the_internet_s_own_boy_9f3c432974.jpeg\", \"hash\": \"thumbnail_the_internet_s_own_boy_9f3c432974\", \"mime\": \"image/jpeg\", \"name\": \"thumbnail_the-internet-s-own-boy\", \"path\": null, \"size\": 8.38, \"width\": 245, \"height\": 144, \"sizeInBytes\": 8380}}','the_internet_s_own_boy_9f3c432974','.jpeg','image/jpeg',91.55,'/uploads/the_internet_s_own_boy_9f3c432974.jpeg',NULL,'local',NULL,'/','2024-11-15 15:42:12.112000','2024-11-15 15:42:12.112000','2024-11-15 15:42:12.112000',NULL,NULL,NULL),(4,'s281kxgqxc38k1nln5v984sg','coffee-art','An image uploaded to Strapi called coffee-art','coffee-art',5824,3259,'{\"large\": {\"ext\": \".jpeg\", \"url\": \"/uploads/large_coffee_art_c2e2f76a55.jpeg\", \"hash\": \"large_coffee_art_c2e2f76a55\", \"mime\": \"image/jpeg\", \"name\": \"large_coffee-art\", \"path\": null, \"size\": 40.78, \"width\": 1000, \"height\": 559, \"sizeInBytes\": 40778}, \"small\": {\"ext\": \".jpeg\", \"url\": \"/uploads/small_coffee_art_c2e2f76a55.jpeg\", \"hash\": \"small_coffee_art_c2e2f76a55\", \"mime\": \"image/jpeg\", \"name\": \"small_coffee-art\", \"path\": null, \"size\": 15.27, \"width\": 500, \"height\": 280, \"sizeInBytes\": 15273}, \"medium\": {\"ext\": \".jpeg\", \"url\": \"/uploads/medium_coffee_art_c2e2f76a55.jpeg\", \"hash\": \"medium_coffee_art_c2e2f76a55\", \"mime\": \"image/jpeg\", \"name\": \"medium_coffee-art\", \"path\": null, \"size\": 27.06, \"width\": 750, \"height\": 419, \"sizeInBytes\": 27063}, \"thumbnail\": {\"ext\": \".jpeg\", \"url\": \"/uploads/thumbnail_coffee_art_c2e2f76a55.jpeg\", \"hash\": \"thumbnail_coffee_art_c2e2f76a55\", \"mime\": \"image/jpeg\", \"name\": \"thumbnail_coffee-art\", \"path\": null, \"size\": 5.86, \"width\": 245, \"height\": 137, \"sizeInBytes\": 5860}}','coffee_art_c2e2f76a55','.jpeg','image/jpeg',978.11,'/uploads/coffee_art_c2e2f76a55.jpeg',NULL,'local',NULL,'/','2024-11-15 15:42:13.818000','2024-11-15 15:42:13.818000','2024-11-15 15:42:13.819000',NULL,NULL,NULL),(5,'vnl2ng30mm03ozf3ypry91yy','coffee-beans','An image uploaded to Strapi called coffee-beans','coffee-beans',5021,3347,'{\"large\": {\"ext\": \".jpeg\", \"url\": \"/uploads/large_coffee_beans_5a71710c63.jpeg\", \"hash\": \"large_coffee_beans_5a71710c63\", \"mime\": \"image/jpeg\", \"name\": \"large_coffee-beans\", \"path\": null, \"size\": 115.66, \"width\": 1000, \"height\": 666, \"sizeInBytes\": 115659}, \"small\": {\"ext\": \".jpeg\", \"url\": \"/uploads/small_coffee_beans_5a71710c63.jpeg\", \"hash\": \"small_coffee_beans_5a71710c63\", \"mime\": \"image/jpeg\", \"name\": \"small_coffee-beans\", \"path\": null, \"size\": 31.11, \"width\": 500, \"height\": 333, \"sizeInBytes\": 31106}, \"medium\": {\"ext\": \".jpeg\", \"url\": \"/uploads/medium_coffee_beans_5a71710c63.jpeg\", \"hash\": \"medium_coffee_beans_5a71710c63\", \"mime\": \"image/jpeg\", \"name\": \"medium_coffee-beans\", \"path\": null, \"size\": 67.95, \"width\": 750, \"height\": 500, \"sizeInBytes\": 67954}, \"thumbnail\": {\"ext\": \".jpeg\", \"url\": \"/uploads/thumbnail_coffee_beans_5a71710c63.jpeg\", \"hash\": \"thumbnail_coffee_beans_5a71710c63\", \"mime\": \"image/jpeg\", \"name\": \"thumbnail_coffee-beans\", \"path\": null, \"size\": 7.96, \"width\": 234, \"height\": 156, \"sizeInBytes\": 7962}}','coffee_beans_5a71710c63','.jpeg','image/jpeg',2346.20,'/uploads/coffee_beans_5a71710c63.jpeg',NULL,'local',NULL,'/','2024-11-15 15:42:15.634000','2024-11-15 15:42:15.634000','2024-11-15 15:42:15.637000',NULL,NULL,NULL),(6,'mf5m4e7mrr591ru9sycjk3pm','this-shrimp-is-awesome','An image uploaded to Strapi called this-shrimp-is-awesome','this-shrimp-is-awesome',1200,630,'{\"large\": {\"ext\": \".jpeg\", \"url\": \"/uploads/large_this_shrimp_is_awesome_433bca3c52.jpeg\", \"hash\": \"large_this_shrimp_is_awesome_433bca3c52\", \"mime\": \"image/jpeg\", \"name\": \"large_this-shrimp-is-awesome\", \"path\": null, \"size\": 72.87, \"width\": 1000, \"height\": 525, \"sizeInBytes\": 72867}, \"small\": {\"ext\": \".jpeg\", \"url\": \"/uploads/small_this_shrimp_is_awesome_433bca3c52.jpeg\", \"hash\": \"small_this_shrimp_is_awesome_433bca3c52\", \"mime\": \"image/jpeg\", \"name\": \"small_this-shrimp-is-awesome\", \"path\": null, \"size\": 26.93, \"width\": 500, \"height\": 263, \"sizeInBytes\": 26930}, \"medium\": {\"ext\": \".jpeg\", \"url\": \"/uploads/medium_this_shrimp_is_awesome_433bca3c52.jpeg\", \"hash\": \"medium_this_shrimp_is_awesome_433bca3c52\", \"mime\": \"image/jpeg\", \"name\": \"medium_this-shrimp-is-awesome\", \"path\": null, \"size\": 48.38, \"width\": 750, \"height\": 394, \"sizeInBytes\": 48380}, \"thumbnail\": {\"ext\": \".jpeg\", \"url\": \"/uploads/thumbnail_this_shrimp_is_awesome_433bca3c52.jpeg\", \"hash\": \"thumbnail_this_shrimp_is_awesome_433bca3c52\", \"mime\": \"image/jpeg\", \"name\": \"thumbnail_this-shrimp-is-awesome\", \"path\": null, \"size\": 9.63, \"width\": 245, \"height\": 129, \"sizeInBytes\": 9633}}','this_shrimp_is_awesome_433bca3c52','.jpeg','image/jpeg',95.48,'/uploads/this_shrimp_is_awesome_433bca3c52.jpeg',NULL,'local',NULL,'/','2024-11-15 15:42:15.822000','2024-11-15 15:42:15.822000','2024-11-15 15:42:15.822000',NULL,NULL,NULL),(7,'c4oo2fggra2bqaunphythxyy','a-bug-is-becoming-a-meme-on-the-internet','An image uploaded to Strapi called a-bug-is-becoming-a-meme-on-the-internet','a-bug-is-becoming-a-meme-on-the-internet',3628,2419,'{\"large\": {\"ext\": \".jpeg\", \"url\": \"/uploads/large_a_bug_is_becoming_a_meme_on_the_internet_868cfdf670.jpeg\", \"hash\": \"large_a_bug_is_becoming_a_meme_on_the_internet_868cfdf670\", \"mime\": \"image/jpeg\", \"name\": \"large_a-bug-is-becoming-a-meme-on-the-internet\", \"path\": null, \"size\": 51.05, \"width\": 1000, \"height\": 666, \"sizeInBytes\": 51046}, \"small\": {\"ext\": \".jpeg\", \"url\": \"/uploads/small_a_bug_is_becoming_a_meme_on_the_internet_868cfdf670.jpeg\", \"hash\": \"small_a_bug_is_becoming_a_meme_on_the_internet_868cfdf670\", \"mime\": \"image/jpeg\", \"name\": \"small_a-bug-is-becoming-a-meme-on-the-internet\", \"path\": null, \"size\": 19.27, \"width\": 500, \"height\": 333, \"sizeInBytes\": 19268}, \"medium\": {\"ext\": \".jpeg\", \"url\": \"/uploads/medium_a_bug_is_becoming_a_meme_on_the_internet_868cfdf670.jpeg\", \"hash\": \"medium_a_bug_is_becoming_a_meme_on_the_internet_868cfdf670\", \"mime\": \"image/jpeg\", \"name\": \"medium_a-bug-is-becoming-a-meme-on-the-internet\", \"path\": null, \"size\": 33.58, \"width\": 750, \"height\": 500, \"sizeInBytes\": 33577}, \"thumbnail\": {\"ext\": \".jpeg\", \"url\": \"/uploads/thumbnail_a_bug_is_becoming_a_meme_on_the_internet_868cfdf670.jpeg\", \"hash\": \"thumbnail_a_bug_is_becoming_a_meme_on_the_internet_868cfdf670\", \"mime\": \"image/jpeg\", \"name\": \"thumbnail_a-bug-is-becoming-a-meme-on-the-internet\", \"path\": null, \"size\": 6.74, \"width\": 234, \"height\": 156, \"sizeInBytes\": 6743}}','a_bug_is_becoming_a_meme_on_the_internet_868cfdf670','.jpeg','image/jpeg',234.02,'/uploads/a_bug_is_becoming_a_meme_on_the_internet_868cfdf670.jpeg',NULL,'local',NULL,'/','2024-11-15 15:42:16.307000','2024-11-15 15:42:16.307000','2024-11-15 15:42:16.307000',NULL,NULL,NULL),(8,'r9y7rved4hg0krrqbzz4ebgj','beautiful-picture','An image uploaded to Strapi called beautiful-picture','beautiful-picture',3824,2548,'{\"large\": {\"ext\": \".jpeg\", \"url\": \"/uploads/large_beautiful_picture_b8eb16e120.jpeg\", \"hash\": \"large_beautiful_picture_b8eb16e120\", \"mime\": \"image/jpeg\", \"name\": \"large_beautiful-picture\", \"path\": null, \"size\": 83.42, \"width\": 1000, \"height\": 666, \"sizeInBytes\": 83416}, \"small\": {\"ext\": \".jpeg\", \"url\": \"/uploads/small_beautiful_picture_b8eb16e120.jpeg\", \"hash\": \"small_beautiful_picture_b8eb16e120\", \"mime\": \"image/jpeg\", \"name\": \"small_beautiful-picture\", \"path\": null, \"size\": 23.38, \"width\": 500, \"height\": 333, \"sizeInBytes\": 23380}, \"medium\": {\"ext\": \".jpeg\", \"url\": \"/uploads/medium_beautiful_picture_b8eb16e120.jpeg\", \"hash\": \"medium_beautiful_picture_b8eb16e120\", \"mime\": \"image/jpeg\", \"name\": \"medium_beautiful-picture\", \"path\": null, \"size\": 47.89, \"width\": 750, \"height\": 500, \"sizeInBytes\": 47888}, \"thumbnail\": {\"ext\": \".jpeg\", \"url\": \"/uploads/thumbnail_beautiful_picture_b8eb16e120.jpeg\", \"hash\": \"thumbnail_beautiful_picture_b8eb16e120\", \"mime\": \"image/jpeg\", \"name\": \"thumbnail_beautiful-picture\", \"path\": null, \"size\": 6.43, \"width\": 234, \"height\": 156, \"sizeInBytes\": 6427}}','beautiful_picture_b8eb16e120','.jpeg','image/jpeg',710.28,'/uploads/beautiful_picture_b8eb16e120.jpeg',NULL,'local',NULL,'/','2024-11-15 15:42:16.979000','2024-11-15 15:42:16.979000','2024-11-15 15:42:16.981000',NULL,NULL,NULL),(9,'mieajzuficpryqlxkf14ko2a','what-s-inside-a-black-hole','An image uploaded to Strapi called what-s-inside-a-black-hole','what-s-inside-a-black-hole',800,466,'{\"small\": {\"ext\": \".jpeg\", \"url\": \"/uploads/small_what_s_inside_a_black_hole_279fa96ee6.jpeg\", \"hash\": \"small_what_s_inside_a_black_hole_279fa96ee6\", \"mime\": \"image/jpeg\", \"name\": \"small_what-s-inside-a-black-hole\", \"path\": null, \"size\": 3.89, \"width\": 500, \"height\": 291, \"sizeInBytes\": 3889}, \"medium\": {\"ext\": \".jpeg\", \"url\": \"/uploads/medium_what_s_inside_a_black_hole_279fa96ee6.jpeg\", \"hash\": \"medium_what_s_inside_a_black_hole_279fa96ee6\", \"mime\": \"image/jpeg\", \"name\": \"medium_what-s-inside-a-black-hole\", \"path\": null, \"size\": 6.94, \"width\": 750, \"height\": 437, \"sizeInBytes\": 6935}, \"thumbnail\": {\"ext\": \".jpeg\", \"url\": \"/uploads/thumbnail_what_s_inside_a_black_hole_279fa96ee6.jpeg\", \"hash\": \"thumbnail_what_s_inside_a_black_hole_279fa96ee6\", \"mime\": \"image/jpeg\", \"name\": \"thumbnail_what-s-inside-a-black-hole\", \"path\": null, \"size\": 1.55, \"width\": 245, \"height\": 143, \"sizeInBytes\": 1549}}','what_s_inside_a_black_hole_279fa96ee6','.jpeg','image/jpeg',7.50,'/uploads/what_s_inside_a_black_hole_279fa96ee6.jpeg',NULL,'local',NULL,'/','2024-11-15 15:42:17.114000','2024-11-15 15:42:17.114000','2024-11-15 15:42:17.114000',NULL,NULL,NULL),(10,'e3i6p1c8erle1q8jn6v8cj0q','favicon','An image uploaded to Strapi called favicon','favicon',512,512,'{\"small\": {\"ext\": \".png\", \"url\": \"/uploads/small_favicon_38b947b3c3.png\", \"hash\": \"small_favicon_38b947b3c3\", \"mime\": \"image/png\", \"name\": \"small_favicon\", \"path\": null, \"size\": 20.56, \"width\": 500, \"height\": 500, \"sizeInBytes\": 20560}, \"thumbnail\": {\"ext\": \".png\", \"url\": \"/uploads/thumbnail_favicon_38b947b3c3.png\", \"hash\": \"thumbnail_favicon_38b947b3c3\", \"mime\": \"image/png\", \"name\": \"thumbnail_favicon\", \"path\": null, \"size\": 4.69, \"width\": 156, \"height\": 156, \"sizeInBytes\": 4690}}','favicon_38b947b3c3','.png','image/png',2.78,'/uploads/favicon_38b947b3c3.png',NULL,'local',NULL,'/','2024-11-15 15:42:17.240000','2024-11-15 15:42:17.240000','2024-11-15 15:42:17.240000',NULL,NULL,NULL),(11,'bhmpw8hk5n19ifp8zlsepusb','default-image','An image uploaded to Strapi called default-image','default-image',1208,715,'{\"large\": {\"ext\": \".png\", \"url\": \"/uploads/large_default_image_4e012fc33e.png\", \"hash\": \"large_default_image_4e012fc33e\", \"mime\": \"image/png\", \"name\": \"large_default-image\", \"path\": null, \"size\": 322.89, \"width\": 1000, \"height\": 592, \"sizeInBytes\": 322888}, \"small\": {\"ext\": \".png\", \"url\": \"/uploads/small_default_image_4e012fc33e.png\", \"hash\": \"small_default_image_4e012fc33e\", \"mime\": \"image/png\", \"name\": \"small_default-image\", \"path\": null, \"size\": 74.29, \"width\": 500, \"height\": 296, \"sizeInBytes\": 74292}, \"medium\": {\"ext\": \".png\", \"url\": \"/uploads/medium_default_image_4e012fc33e.png\", \"hash\": \"medium_default_image_4e012fc33e\", \"mime\": \"image/png\", \"name\": \"medium_default-image\", \"path\": null, \"size\": 170.33, \"width\": 750, \"height\": 444, \"sizeInBytes\": 170326}, \"thumbnail\": {\"ext\": \".png\", \"url\": \"/uploads/thumbnail_default_image_4e012fc33e.png\", \"hash\": \"thumbnail_default_image_4e012fc33e\", \"mime\": \"image/png\", \"name\": \"thumbnail_default-image\", \"path\": null, \"size\": 20.52, \"width\": 245, \"height\": 145, \"sizeInBytes\": 20518}}','default_image_4e012fc33e','.png','image/png',81.61,'/uploads/default_image_4e012fc33e.png',NULL,'local',NULL,'/','2024-11-15 15:42:17.488000','2024-11-15 15:42:17.488000','2024-11-15 15:42:17.488000',NULL,NULL,NULL);
/*!40000 ALTER TABLE `files` ENABLE KEYS */;
UNLOCK TABLES;

--
-- Table structure for table `files_folder_lnk`
--

DROP TABLE IF EXISTS `files_folder_lnk`;
/*!40101 SET @saved_cs_client     = @@character_set_client */;
/*!50503 SET character_set_client = utf8mb4 */;
CREATE TABLE `files_folder_lnk` (
  `id` int unsigned NOT NULL AUTO_INCREMENT,
  `file_id` int unsigned DEFAULT NULL,
  `folder_id` int unsigned DEFAULT NULL,
  `file_ord` double unsigned DEFAULT NULL,
  PRIMARY KEY (`id`),
  UNIQUE KEY `files_folder_lnk_uq` (`file_id`,`folder_id`),
  KEY `files_folder_lnk_fk` (`file_id`),
  KEY `files_folder_lnk_ifk` (`folder_id`),
  KEY `files_folder_lnk_oifk` (`file_ord`),
  CONSTRAINT `files_folder_lnk_fk` FOREIGN KEY (`file_id`) REFERENCES `files` (`id`) ON DELETE CASCADE,
  CONSTRAINT `files_folder_lnk_ifk` FOREIGN KEY (`folder_id`) REFERENCES `upload_folders` (`id`) ON DELETE CASCADE
) ENGINE=InnoDB DEFAULT CHARSET=utf8mb4 COLLATE=utf8mb4_0900_ai_ci;
/*!40101 SET character_set_client = @saved_cs_client */;

--
-- Dumping data for table `files_folder_lnk`
--

LOCK TABLES `files_folder_lnk` WRITE;
/*!40000 ALTER TABLE `files_folder_lnk` DISABLE KEYS */;
/*!40000 ALTER TABLE `files_folder_lnk` ENABLE KEYS */;
UNLOCK TABLES;

--
-- Table structure for table `files_related_mph`
--

DROP TABLE IF EXISTS `files_related_mph`;
/*!40101 SET @saved_cs_client     = @@character_set_client */;
/*!50503 SET character_set_client = utf8mb4 */;
CREATE TABLE `files_related_mph` (
  `id` int unsigned NOT NULL AUTO_INCREMENT,
  `file_id` int unsigned DEFAULT NULL,
  `related_id` int unsigned DEFAULT NULL,
  `related_type` varchar(255) DEFAULT NULL,
  `field` varchar(255) DEFAULT NULL,
  `order` double unsigned DEFAULT NULL,
  PRIMARY KEY (`id`),
  KEY `files_related_mph_fk` (`file_id`),
  KEY `files_related_mph_oidx` (`order`),
  KEY `files_related_mph_idix` (`related_id`),
  CONSTRAINT `files_related_mph_fk` FOREIGN KEY (`file_id`) REFERENCES `files` (`id`) ON DELETE CASCADE
) ENGINE=InnoDB AUTO_INCREMENT=26 DEFAULT CHARSET=utf8mb4 COLLATE=utf8mb4_0900_ai_ci;
/*!40101 SET character_set_client = @saved_cs_client */;

--
-- Dumping data for table `files_related_mph`
--

LOCK TABLES `files_related_mph` WRITE;
/*!40000 ALTER TABLE `files_related_mph` DISABLE KEYS */;
INSERT INTO `files_related_mph` VALUES (1,1,1,'api::author.author','avatar',1),(2,2,2,'api::author.author','avatar',1),(3,4,1,'shared.media','file',1),(4,4,1,'shared.slider','files',1),(5,5,1,'shared.slider','files',2),(6,3,1,'api::article.article','cover',1),(7,4,2,'shared.media','file',1),(8,4,2,'shared.slider','files',1),(9,5,2,'shared.slider','files',2),(10,6,2,'api::article.article','cover',1),(11,4,3,'shared.media','file',1),(12,4,3,'shared.slider','files',1),(13,5,3,'shared.slider','files',2),(14,7,3,'api::article.article','cover',1),(15,4,4,'shared.media','file',1),(16,4,4,'shared.slider','files',1),(17,5,4,'shared.slider','files',2),(18,8,4,'api::article.article','cover',1),(19,4,5,'shared.media','file',1),(20,4,5,'shared.slider','files',1),(21,5,5,'shared.slider','files',2),(22,9,5,'api::article.article','cover',1),(23,11,1,'shared.seo','shareImage',1),(24,10,1,'api::global.global','favicon',1),(25,4,6,'shared.media','file',1);
/*!40000 ALTER TABLE `files_related_mph` ENABLE KEYS */;
UNLOCK TABLES;

--
-- Table structure for table `globals`
--

DROP TABLE IF EXISTS `globals`;
/*!40101 SET @saved_cs_client     = @@character_set_client */;
/*!50503 SET character_set_client = utf8mb4 */;
CREATE TABLE `globals` (
  `id` int unsigned NOT NULL AUTO_INCREMENT,
  `document_id` varchar(255) DEFAULT NULL,
  `site_name` varchar(255) DEFAULT NULL,
  `site_description` longtext,
  `created_at` datetime(6) DEFAULT NULL,
  `updated_at` datetime(6) DEFAULT NULL,
  `published_at` datetime(6) DEFAULT NULL,
  `created_by_id` int unsigned DEFAULT NULL,
  `updated_by_id` int unsigned DEFAULT NULL,
  `locale` varchar(255) DEFAULT NULL,
  PRIMARY KEY (`id`),
  KEY `globals_documents_idx` (`document_id`,`locale`,`published_at`),
  KEY `globals_created_by_id_fk` (`created_by_id`),
  KEY `globals_updated_by_id_fk` (`updated_by_id`),
  CONSTRAINT `globals_created_by_id_fk` FOREIGN KEY (`created_by_id`) REFERENCES `admin_users` (`id`) ON DELETE SET NULL,
  CONSTRAINT `globals_updated_by_id_fk` FOREIGN KEY (`updated_by_id`) REFERENCES `admin_users` (`id`) ON DELETE SET NULL
) ENGINE=InnoDB AUTO_INCREMENT=2 DEFAULT CHARSET=utf8mb4 COLLATE=utf8mb4_0900_ai_ci;
/*!40101 SET character_set_client = @saved_cs_client */;

--
-- Dumping data for table `globals`
--

LOCK TABLES `globals` WRITE;
/*!40000 ALTER TABLE `globals` DISABLE KEYS */;
INSERT INTO `globals` VALUES (1,'ndudazgruh6a25ym6mohlfjw','Strapi Blog','A Blog made with Strapi','2024-11-15 15:42:17.501000','2024-11-15 15:42:17.501000','2024-11-15 15:42:17.494000',NULL,NULL,NULL);
/*!40000 ALTER TABLE `globals` ENABLE KEYS */;
UNLOCK TABLES;

--
-- Table structure for table `globals_cmps`
--

DROP TABLE IF EXISTS `globals_cmps`;
/*!40101 SET @saved_cs_client     = @@character_set_client */;
/*!50503 SET character_set_client = utf8mb4 */;
CREATE TABLE `globals_cmps` (
  `id` int unsigned NOT NULL AUTO_INCREMENT,
  `entity_id` int unsigned DEFAULT NULL,
  `cmp_id` int unsigned DEFAULT NULL,
  `component_type` varchar(255) DEFAULT NULL,
  `field` varchar(255) DEFAULT NULL,
  `order` double unsigned DEFAULT NULL,
  PRIMARY KEY (`id`),
  UNIQUE KEY `globals_uq` (`entity_id`,`cmp_id`,`field`,`component_type`),
  KEY `globals_field_idx` (`field`),
  KEY `globals_component_type_idx` (`component_type`),
  KEY `globals_entity_fk` (`entity_id`),
  CONSTRAINT `globals_entity_fk` FOREIGN KEY (`entity_id`) REFERENCES `globals` (`id`) ON DELETE CASCADE
) ENGINE=InnoDB AUTO_INCREMENT=2 DEFAULT CHARSET=utf8mb4 COLLATE=utf8mb4_0900_ai_ci;
/*!40101 SET character_set_client = @saved_cs_client */;

--
-- Dumping data for table `globals_cmps`
--

LOCK TABLES `globals_cmps` WRITE;
/*!40000 ALTER TABLE `globals_cmps` DISABLE KEYS */;
INSERT INTO `globals_cmps` VALUES (1,1,1,'shared.seo','defaultSeo',NULL);
/*!40000 ALTER TABLE `globals_cmps` ENABLE KEYS */;
UNLOCK TABLES;

--
-- Table structure for table `i18n_locale`
--

DROP TABLE IF EXISTS `i18n_locale`;
/*!40101 SET @saved_cs_client     = @@character_set_client */;
/*!50503 SET character_set_client = utf8mb4 */;
CREATE TABLE `i18n_locale` (
  `id` int unsigned NOT NULL AUTO_INCREMENT,
  `document_id` varchar(255) DEFAULT NULL,
  `name` varchar(255) DEFAULT NULL,
  `code` varchar(255) DEFAULT NULL,
  `created_at` datetime(6) DEFAULT NULL,
  `updated_at` datetime(6) DEFAULT NULL,
  `published_at` datetime(6) DEFAULT NULL,
  `created_by_id` int unsigned DEFAULT NULL,
  `updated_by_id` int unsigned DEFAULT NULL,
  `locale` varchar(255) DEFAULT NULL,
  PRIMARY KEY (`id`),
  KEY `i18n_locale_documents_idx` (`document_id`,`locale`,`published_at`),
  KEY `i18n_locale_created_by_id_fk` (`created_by_id`),
  KEY `i18n_locale_updated_by_id_fk` (`updated_by_id`),
  CONSTRAINT `i18n_locale_created_by_id_fk` FOREIGN KEY (`created_by_id`) REFERENCES `admin_users` (`id`) ON DELETE SET NULL,
  CONSTRAINT `i18n_locale_updated_by_id_fk` FOREIGN KEY (`updated_by_id`) REFERENCES `admin_users` (`id`) ON DELETE SET NULL
) ENGINE=InnoDB AUTO_INCREMENT=2 DEFAULT CHARSET=utf8mb4 COLLATE=utf8mb4_0900_ai_ci;
/*!40101 SET character_set_client = @saved_cs_client */;

--
-- Dumping data for table `i18n_locale`
--

LOCK TABLES `i18n_locale` WRITE;
/*!40000 ALTER TABLE `i18n_locale` DISABLE KEYS */;
INSERT INTO `i18n_locale` VALUES (1,'f5olxj85inxbzalrszarmir4','English (en)','en','2024-11-15 15:42:09.404000','2024-11-15 15:42:09.404000','2024-11-15 15:42:09.405000',NULL,NULL,NULL);
/*!40000 ALTER TABLE `i18n_locale` ENABLE KEYS */;
UNLOCK TABLES;

--
-- Table structure for table `strapi_api_token_permissions`
--

DROP TABLE IF EXISTS `strapi_api_token_permissions`;
/*!40101 SET @saved_cs_client     = @@character_set_client */;
/*!50503 SET character_set_client = utf8mb4 */;
CREATE TABLE `strapi_api_token_permissions` (
  `id` int unsigned NOT NULL AUTO_INCREMENT,
  `document_id` varchar(255) DEFAULT NULL,
  `action` varchar(255) DEFAULT NULL,
  `created_at` datetime(6) DEFAULT NULL,
  `updated_at` datetime(6) DEFAULT NULL,
  `published_at` datetime(6) DEFAULT NULL,
  `created_by_id` int unsigned DEFAULT NULL,
  `updated_by_id` int unsigned DEFAULT NULL,
  `locale` varchar(255) DEFAULT NULL,
  PRIMARY KEY (`id`),
  KEY `strapi_api_token_permissions_documents_idx` (`document_id`,`locale`,`published_at`),
  KEY `strapi_api_token_permissions_created_by_id_fk` (`created_by_id`),
  KEY `strapi_api_token_permissions_updated_by_id_fk` (`updated_by_id`),
  CONSTRAINT `strapi_api_token_permissions_created_by_id_fk` FOREIGN KEY (`created_by_id`) REFERENCES `admin_users` (`id`) ON DELETE SET NULL,
  CONSTRAINT `strapi_api_token_permissions_updated_by_id_fk` FOREIGN KEY (`updated_by_id`) REFERENCES `admin_users` (`id`) ON DELETE SET NULL
) ENGINE=InnoDB DEFAULT CHARSET=utf8mb4 COLLATE=utf8mb4_0900_ai_ci;
/*!40101 SET character_set_client = @saved_cs_client */;

--
-- Dumping data for table `strapi_api_token_permissions`
--

LOCK TABLES `strapi_api_token_permissions` WRITE;
/*!40000 ALTER TABLE `strapi_api_token_permissions` DISABLE KEYS */;
/*!40000 ALTER TABLE `strapi_api_token_permissions` ENABLE KEYS */;
UNLOCK TABLES;

--
-- Table structure for table `strapi_api_token_permissions_token_lnk`
--

DROP TABLE IF EXISTS `strapi_api_token_permissions_token_lnk`;
/*!40101 SET @saved_cs_client     = @@character_set_client */;
/*!50503 SET character_set_client = utf8mb4 */;
CREATE TABLE `strapi_api_token_permissions_token_lnk` (
  `id` int unsigned NOT NULL AUTO_INCREMENT,
  `api_token_permission_id` int unsigned DEFAULT NULL,
  `api_token_id` int unsigned DEFAULT NULL,
  `api_token_permission_ord` double unsigned DEFAULT NULL,
  PRIMARY KEY (`id`),
  UNIQUE KEY `strapi_api_token_permissions_token_lnk_uq` (`api_token_permission_id`,`api_token_id`),
  KEY `strapi_api_token_permissions_token_lnk_fk` (`api_token_permission_id`),
  KEY `strapi_api_token_permissions_token_lnk_ifk` (`api_token_id`),
  KEY `strapi_api_token_permissions_token_lnk_oifk` (`api_token_permission_ord`),
  CONSTRAINT `strapi_api_token_permissions_token_lnk_fk` FOREIGN KEY (`api_token_permission_id`) REFERENCES `strapi_api_token_permissions` (`id`) ON DELETE CASCADE,
  CONSTRAINT `strapi_api_token_permissions_token_lnk_ifk` FOREIGN KEY (`api_token_id`) REFERENCES `strapi_api_tokens` (`id`) ON DELETE CASCADE
) ENGINE=InnoDB DEFAULT CHARSET=utf8mb4 COLLATE=utf8mb4_0900_ai_ci;
/*!40101 SET character_set_client = @saved_cs_client */;

--
-- Dumping data for table `strapi_api_token_permissions_token_lnk`
--

LOCK TABLES `strapi_api_token_permissions_token_lnk` WRITE;
/*!40000 ALTER TABLE `strapi_api_token_permissions_token_lnk` DISABLE KEYS */;
/*!40000 ALTER TABLE `strapi_api_token_permissions_token_lnk` ENABLE KEYS */;
UNLOCK TABLES;

--
-- Table structure for table `strapi_api_tokens`
--

DROP TABLE IF EXISTS `strapi_api_tokens`;
/*!40101 SET @saved_cs_client     = @@character_set_client */;
/*!50503 SET character_set_client = utf8mb4 */;
CREATE TABLE `strapi_api_tokens` (
  `id` int unsigned NOT NULL AUTO_INCREMENT,
  `document_id` varchar(255) DEFAULT NULL,
  `name` varchar(255) DEFAULT NULL,
  `description` varchar(255) DEFAULT NULL,
  `type` varchar(255) DEFAULT NULL,
  `access_key` varchar(255) DEFAULT NULL,
  `last_used_at` datetime(6) DEFAULT NULL,
  `expires_at` datetime(6) DEFAULT NULL,
  `lifespan` bigint DEFAULT NULL,
  `created_at` datetime(6) DEFAULT NULL,
  `updated_at` datetime(6) DEFAULT NULL,
  `published_at` datetime(6) DEFAULT NULL,
  `created_by_id` int unsigned DEFAULT NULL,
  `updated_by_id` int unsigned DEFAULT NULL,
  `locale` varchar(255) DEFAULT NULL,
  PRIMARY KEY (`id`),
  KEY `strapi_api_tokens_documents_idx` (`document_id`,`locale`,`published_at`),
  KEY `strapi_api_tokens_created_by_id_fk` (`created_by_id`),
  KEY `strapi_api_tokens_updated_by_id_fk` (`updated_by_id`),
  CONSTRAINT `strapi_api_tokens_created_by_id_fk` FOREIGN KEY (`created_by_id`) REFERENCES `admin_users` (`id`) ON DELETE SET NULL,
  CONSTRAINT `strapi_api_tokens_updated_by_id_fk` FOREIGN KEY (`updated_by_id`) REFERENCES `admin_users` (`id`) ON DELETE SET NULL
) ENGINE=InnoDB DEFAULT CHARSET=utf8mb4 COLLATE=utf8mb4_0900_ai_ci;
/*!40101 SET character_set_client = @saved_cs_client */;

--
-- Dumping data for table `strapi_api_tokens`
--

LOCK TABLES `strapi_api_tokens` WRITE;
/*!40000 ALTER TABLE `strapi_api_tokens` DISABLE KEYS */;
/*!40000 ALTER TABLE `strapi_api_tokens` ENABLE KEYS */;
UNLOCK TABLES;

--
-- Table structure for table `strapi_core_store_settings`
--

DROP TABLE IF EXISTS `strapi_core_store_settings`;
/*!40101 SET @saved_cs_client     = @@character_set_client */;
/*!50503 SET character_set_client = utf8mb4 */;
CREATE TABLE `strapi_core_store_settings` (
  `id` int unsigned NOT NULL AUTO_INCREMENT,
  `key` varchar(255) DEFAULT NULL,
  `value` longtext,
  `type` varchar(255) DEFAULT NULL,
  `environment` varchar(255) DEFAULT NULL,
  `tag` varchar(255) DEFAULT NULL,
  PRIMARY KEY (`id`)
) ENGINE=InnoDB AUTO_INCREMENT=38 DEFAULT CHARSET=utf8mb4 COLLATE=utf8mb4_0900_ai_ci;
/*!40101 SET character_set_client = @saved_cs_client */;

--
-- Dumping data for table `strapi_core_store_settings`
--

LOCK TABLES `strapi_core_store_settings` WRITE;
/*!40000 ALTER TABLE `strapi_core_store_settings` DISABLE KEYS */;
INSERT INTO `strapi_core_store_settings` VALUES (1,'strapi_content_types_schema','{\"plugin::upload.file\":{\"collectionName\":\"files\",\"info\":{\"singularName\":\"file\",\"pluralName\":\"files\",\"displayName\":\"File\",\"description\":\"\"},\"options\":{\"draftAndPublish\":false},\"pluginOptions\":{\"content-manager\":{\"visible\":false},\"content-type-builder\":{\"visible\":false}},\"attributes\":{\"name\":{\"type\":\"string\",\"configurable\":false,\"required\":true},\"alternativeText\":{\"type\":\"string\",\"configurable\":false},\"caption\":{\"type\":\"string\",\"configurable\":false},\"width\":{\"type\":\"integer\",\"configurable\":false},\"height\":{\"type\":\"integer\",\"configurable\":false},\"formats\":{\"type\":\"json\",\"configurable\":false},\"hash\":{\"type\":\"string\",\"configurable\":false,\"required\":true},\"ext\":{\"type\":\"string\",\"configurable\":false},\"mime\":{\"type\":\"string\",\"configurable\":false,\"required\":true},\"size\":{\"type\":\"decimal\",\"configurable\":false,\"required\":true},\"url\":{\"type\":\"string\",\"configurable\":false,\"required\":true},\"previewUrl\":{\"type\":\"string\",\"configurable\":false},\"provider\":{\"type\":\"string\",\"configurable\":false,\"required\":true},\"provider_metadata\":{\"type\":\"json\",\"configurable\":false},\"related\":{\"type\":\"relation\",\"relation\":\"morphToMany\",\"configurable\":false},\"folder\":{\"type\":\"relation\",\"relation\":\"manyToOne\",\"target\":\"plugin::upload.folder\",\"inversedBy\":\"files\",\"private\":true},\"folderPath\":{\"type\":\"string\",\"minLength\":1,\"required\":true,\"private\":true,\"searchable\":false},\"createdAt\":{\"type\":\"datetime\"},\"updatedAt\":{\"type\":\"datetime\"},\"publishedAt\":{\"type\":\"datetime\",\"configurable\":false,\"writable\":true,\"visible\":false},\"createdBy\":{\"type\":\"relation\",\"relation\":\"oneToOne\",\"target\":\"admin::user\",\"configurable\":false,\"writable\":false,\"visible\":false,\"useJoinTable\":false,\"private\":true},\"updatedBy\":{\"type\":\"relation\",\"relation\":\"oneToOne\",\"target\":\"admin::user\",\"configurable\":false,\"writable\":false,\"visible\":false,\"useJoinTable\":false,\"private\":true},\"locale\":{\"writable\":true,\"private\":true,\"configurable\":false,\"visible\":false,\"type\":\"string\"},\"localizations\":{\"type\":\"relation\",\"relation\":\"oneToMany\",\"target\":\"plugin::upload.file\",\"writable\":false,\"private\":true,\"configurable\":false,\"visible\":false,\"unstable_virtual\":true,\"joinColumn\":{\"name\":\"document_id\",\"referencedColumn\":\"document_id\",\"referencedTable\":\"files\"}}},\"indexes\":[{\"name\":\"upload_files_folder_path_index\",\"columns\":[\"folder_path\"],\"type\":null},{\"name\":\"upload_files_created_at_index\",\"columns\":[\"created_at\"],\"type\":null},{\"name\":\"upload_files_updated_at_index\",\"columns\":[\"updated_at\"],\"type\":null},{\"name\":\"upload_files_name_index\",\"columns\":[\"name\"],\"type\":null},{\"name\":\"upload_files_size_index\",\"columns\":[\"size\"],\"type\":null},{\"name\":\"upload_files_ext_index\",\"columns\":[\"ext\"],\"type\":null}],\"plugin\":\"upload\",\"globalId\":\"UploadFile\",\"uid\":\"plugin::upload.file\",\"modelType\":\"contentType\",\"kind\":\"collectionType\",\"__schema__\":{\"collectionName\":\"files\",\"info\":{\"singularName\":\"file\",\"pluralName\":\"files\",\"displayName\":\"File\",\"description\":\"\"},\"options\":{},\"pluginOptions\":{\"content-manager\":{\"visible\":false},\"content-type-builder\":{\"visible\":false}},\"attributes\":{\"name\":{\"type\":\"string\",\"configurable\":false,\"required\":true},\"alternativeText\":{\"type\":\"string\",\"configurable\":false},\"caption\":{\"type\":\"string\",\"configurable\":false},\"width\":{\"type\":\"integer\",\"configurable\":false},\"height\":{\"type\":\"integer\",\"configurable\":false},\"formats\":{\"type\":\"json\",\"configurable\":false},\"hash\":{\"type\":\"string\",\"configurable\":false,\"required\":true},\"ext\":{\"type\":\"string\",\"configurable\":false},\"mime\":{\"type\":\"string\",\"configurable\":false,\"required\":true},\"size\":{\"type\":\"decimal\",\"configurable\":false,\"required\":true},\"url\":{\"type\":\"string\",\"configurable\":false,\"required\":true},\"previewUrl\":{\"type\":\"string\",\"configurable\":false},\"provider\":{\"type\":\"string\",\"configurable\":false,\"required\":true},\"provider_metadata\":{\"type\":\"json\",\"configurable\":false},\"related\":{\"type\":\"relation\",\"relation\":\"morphToMany\",\"configurable\":false},\"folder\":{\"type\":\"relation\",\"relation\":\"manyToOne\",\"target\":\"plugin::upload.folder\",\"inversedBy\":\"files\",\"private\":true},\"folderPath\":{\"type\":\"string\",\"minLength\":1,\"required\":true,\"private\":true,\"searchable\":false}},\"kind\":\"collectionType\"},\"modelName\":\"file\"},\"plugin::upload.folder\":{\"collectionName\":\"upload_folders\",\"info\":{\"singularName\":\"folder\",\"pluralName\":\"folders\",\"displayName\":\"Folder\"},\"options\":{\"draftAndPublish\":false},\"pluginOptions\":{\"content-manager\":{\"visible\":false},\"content-type-builder\":{\"visible\":false}},\"attributes\":{\"name\":{\"type\":\"string\",\"minLength\":1,\"required\":true},\"pathId\":{\"type\":\"integer\",\"unique\":true,\"required\":true},\"parent\":{\"type\":\"relation\",\"relation\":\"manyToOne\",\"target\":\"plugin::upload.folder\",\"inversedBy\":\"children\"},\"children\":{\"type\":\"relation\",\"relation\":\"oneToMany\",\"target\":\"plugin::upload.folder\",\"mappedBy\":\"parent\"},\"files\":{\"type\":\"relation\",\"relation\":\"oneToMany\",\"target\":\"plugin::upload.file\",\"mappedBy\":\"folder\"},\"path\":{\"type\":\"string\",\"minLength\":1,\"required\":true},\"createdAt\":{\"type\":\"datetime\"},\"updatedAt\":{\"type\":\"datetime\"},\"publishedAt\":{\"type\":\"datetime\",\"configurable\":false,\"writable\":true,\"visible\":false},\"createdBy\":{\"type\":\"relation\",\"relation\":\"oneToOne\",\"target\":\"admin::user\",\"configurable\":false,\"writable\":false,\"visible\":false,\"useJoinTable\":false,\"private\":true},\"updatedBy\":{\"type\":\"relation\",\"relation\":\"oneToOne\",\"target\":\"admin::user\",\"configurable\":false,\"writable\":false,\"visible\":false,\"useJoinTable\":false,\"private\":true},\"locale\":{\"writable\":true,\"private\":true,\"configurable\":false,\"visible\":false,\"type\":\"string\"},\"localizations\":{\"type\":\"relation\",\"relation\":\"oneToMany\",\"target\":\"plugin::upload.folder\",\"writable\":false,\"private\":true,\"configurable\":false,\"visible\":false,\"unstable_virtual\":true,\"joinColumn\":{\"name\":\"document_id\",\"referencedColumn\":\"document_id\",\"referencedTable\":\"upload_folders\"}}},\"indexes\":[{\"name\":\"upload_folders_path_id_index\",\"columns\":[\"path_id\"],\"type\":\"unique\"},{\"name\":\"upload_folders_path_index\",\"columns\":[\"path\"],\"type\":\"unique\"}],\"plugin\":\"upload\",\"globalId\":\"UploadFolder\",\"uid\":\"plugin::upload.folder\",\"modelType\":\"contentType\",\"kind\":\"collectionType\",\"__schema__\":{\"collectionName\":\"upload_folders\",\"info\":{\"singularName\":\"folder\",\"pluralName\":\"folders\",\"displayName\":\"Folder\"},\"options\":{},\"pluginOptions\":{\"content-manager\":{\"visible\":false},\"content-type-builder\":{\"visible\":false}},\"attributes\":{\"name\":{\"type\":\"string\",\"minLength\":1,\"required\":true},\"pathId\":{\"type\":\"integer\",\"unique\":true,\"required\":true},\"parent\":{\"type\":\"relation\",\"relation\":\"manyToOne\",\"target\":\"plugin::upload.folder\",\"inversedBy\":\"children\"},\"children\":{\"type\":\"relation\",\"relation\":\"oneToMany\",\"target\":\"plugin::upload.folder\",\"mappedBy\":\"parent\"},\"files\":{\"type\":\"relation\",\"relation\":\"oneToMany\",\"target\":\"plugin::upload.file\",\"mappedBy\":\"folder\"},\"path\":{\"type\":\"string\",\"minLength\":1,\"required\":true}},\"kind\":\"collectionType\"},\"modelName\":\"folder\"},\"plugin::i18n.locale\":{\"info\":{\"singularName\":\"locale\",\"pluralName\":\"locales\",\"collectionName\":\"locales\",\"displayName\":\"Locale\",\"description\":\"\"},\"options\":{\"draftAndPublish\":false},\"pluginOptions\":{\"content-manager\":{\"visible\":false},\"content-type-builder\":{\"visible\":false}},\"attributes\":{\"name\":{\"type\":\"string\",\"min\":1,\"max\":50,\"configurable\":false},\"code\":{\"type\":\"string\",\"unique\":true,\"configurable\":false},\"createdAt\":{\"type\":\"datetime\"},\"updatedAt\":{\"type\":\"datetime\"},\"publishedAt\":{\"type\":\"datetime\",\"configurable\":false,\"writable\":true,\"visible\":false},\"createdBy\":{\"type\":\"relation\",\"relation\":\"oneToOne\",\"target\":\"admin::user\",\"configurable\":false,\"writable\":false,\"visible\":false,\"useJoinTable\":false,\"private\":true},\"updatedBy\":{\"type\":\"relation\",\"relation\":\"oneToOne\",\"target\":\"admin::user\",\"configurable\":false,\"writable\":false,\"visible\":false,\"useJoinTable\":false,\"private\":true},\"locale\":{\"writable\":true,\"private\":true,\"configurable\":false,\"visible\":false,\"type\":\"string\"},\"localizations\":{\"type\":\"relation\",\"relation\":\"oneToMany\",\"target\":\"plugin::i18n.locale\",\"writable\":false,\"private\":true,\"configurable\":false,\"visible\":false,\"unstable_virtual\":true,\"joinColumn\":{\"name\":\"document_id\",\"referencedColumn\":\"document_id\",\"referencedTable\":\"i18n_locale\"}}},\"plugin\":\"i18n\",\"collectionName\":\"i18n_locale\",\"globalId\":\"I18NLocale\",\"uid\":\"plugin::i18n.locale\",\"modelType\":\"contentType\",\"kind\":\"collectionType\",\"__schema__\":{\"collectionName\":\"i18n_locale\",\"info\":{\"singularName\":\"locale\",\"pluralName\":\"locales\",\"collectionName\":\"locales\",\"displayName\":\"Locale\",\"description\":\"\"},\"options\":{},\"pluginOptions\":{\"content-manager\":{\"visible\":false},\"content-type-builder\":{\"visible\":false}},\"attributes\":{\"name\":{\"type\":\"string\",\"min\":1,\"max\":50,\"configurable\":false},\"code\":{\"type\":\"string\",\"unique\":true,\"configurable\":false}},\"kind\":\"collectionType\"},\"modelName\":\"locale\"},\"plugin::content-releases.release\":{\"collectionName\":\"strapi_releases\",\"info\":{\"singularName\":\"release\",\"pluralName\":\"releases\",\"displayName\":\"Release\"},\"options\":{\"draftAndPublish\":false},\"pluginOptions\":{\"content-manager\":{\"visible\":false},\"content-type-builder\":{\"visible\":false}},\"attributes\":{\"name\":{\"type\":\"string\",\"required\":true},\"releasedAt\":{\"type\":\"datetime\"},\"scheduledAt\":{\"type\":\"datetime\"},\"timezone\":{\"type\":\"string\"},\"status\":{\"type\":\"enumeration\",\"enum\":[\"ready\",\"blocked\",\"failed\",\"done\",\"empty\"],\"required\":true},\"actions\":{\"type\":\"relation\",\"relation\":\"oneToMany\",\"target\":\"plugin::content-releases.release-action\",\"mappedBy\":\"release\"},\"createdAt\":{\"type\":\"datetime\"},\"updatedAt\":{\"type\":\"datetime\"},\"publishedAt\":{\"type\":\"datetime\",\"configurable\":false,\"writable\":true,\"visible\":false},\"createdBy\":{\"type\":\"relation\",\"relation\":\"oneToOne\",\"target\":\"admin::user\",\"configurable\":false,\"writable\":false,\"visible\":false,\"useJoinTable\":false,\"private\":true},\"updatedBy\":{\"type\":\"relation\",\"relation\":\"oneToOne\",\"target\":\"admin::user\",\"configurable\":false,\"writable\":false,\"visible\":false,\"useJoinTable\":false,\"private\":true},\"locale\":{\"writable\":true,\"private\":true,\"configurable\":false,\"visible\":false,\"type\":\"string\"},\"localizations\":{\"type\":\"relation\",\"relation\":\"oneToMany\",\"target\":\"plugin::content-releases.release\",\"writable\":false,\"private\":true,\"configurable\":false,\"visible\":false,\"unstable_virtual\":true,\"joinColumn\":{\"name\":\"document_id\",\"referencedColumn\":\"document_id\",\"referencedTable\":\"strapi_releases\"}}},\"plugin\":\"content-releases\",\"globalId\":\"ContentReleasesRelease\",\"uid\":\"plugin::content-releases.release\",\"modelType\":\"contentType\",\"kind\":\"collectionType\",\"__schema__\":{\"collectionName\":\"strapi_releases\",\"info\":{\"singularName\":\"release\",\"pluralName\":\"releases\",\"displayName\":\"Release\"},\"options\":{\"draftAndPublish\":false},\"pluginOptions\":{\"content-manager\":{\"visible\":false},\"content-type-builder\":{\"visible\":false}},\"attributes\":{\"name\":{\"type\":\"string\",\"required\":true},\"releasedAt\":{\"type\":\"datetime\"},\"scheduledAt\":{\"type\":\"datetime\"},\"timezone\":{\"type\":\"string\"},\"status\":{\"type\":\"enumeration\",\"enum\":[\"ready\",\"blocked\",\"failed\",\"done\",\"empty\"],\"required\":true},\"actions\":{\"type\":\"relation\",\"relation\":\"oneToMany\",\"target\":\"plugin::content-releases.release-action\",\"mappedBy\":\"release\"}},\"kind\":\"collectionType\"},\"modelName\":\"release\"},\"plugin::content-releases.release-action\":{\"collectionName\":\"strapi_release_actions\",\"info\":{\"singularName\":\"release-action\",\"pluralName\":\"release-actions\",\"displayName\":\"Release Action\"},\"options\":{\"draftAndPublish\":false},\"pluginOptions\":{\"content-manager\":{\"visible\":false},\"content-type-builder\":{\"visible\":false}},\"attributes\":{\"type\":{\"type\":\"enumeration\",\"enum\":[\"publish\",\"unpublish\"],\"required\":true},\"contentType\":{\"type\":\"string\",\"required\":true},\"entryDocumentId\":{\"type\":\"string\"},\"locale\":{\"writable\":true,\"private\":true,\"configurable\":false,\"visible\":false,\"type\":\"string\"},\"release\":{\"type\":\"relation\",\"relation\":\"manyToOne\",\"target\":\"plugin::content-releases.release\",\"inversedBy\":\"actions\"},\"isEntryValid\":{\"type\":\"boolean\"},\"createdAt\":{\"type\":\"datetime\"},\"updatedAt\":{\"type\":\"datetime\"},\"publishedAt\":{\"type\":\"datetime\",\"configurable\":false,\"writable\":true,\"visible\":false},\"createdBy\":{\"type\":\"relation\",\"relation\":\"oneToOne\",\"target\":\"admin::user\",\"configurable\":false,\"writable\":false,\"visible\":false,\"useJoinTable\":false,\"private\":true},\"updatedBy\":{\"type\":\"relation\",\"relation\":\"oneToOne\",\"target\":\"admin::user\",\"configurable\":false,\"writable\":false,\"visible\":false,\"useJoinTable\":false,\"private\":true},\"localizations\":{\"type\":\"relation\",\"relation\":\"oneToMany\",\"target\":\"plugin::content-releases.release-action\",\"writable\":false,\"private\":true,\"configurable\":false,\"visible\":false,\"unstable_virtual\":true,\"joinColumn\":{\"name\":\"document_id\",\"referencedColumn\":\"document_id\",\"referencedTable\":\"strapi_release_actions\"}}},\"plugin\":\"content-releases\",\"globalId\":\"ContentReleasesReleaseAction\",\"uid\":\"plugin::content-releases.release-action\",\"modelType\":\"contentType\",\"kind\":\"collectionType\",\"__schema__\":{\"collectionName\":\"strapi_release_actions\",\"info\":{\"singularName\":\"release-action\",\"pluralName\":\"release-actions\",\"displayName\":\"Release Action\"},\"options\":{\"draftAndPublish\":false},\"pluginOptions\":{\"content-manager\":{\"visible\":false},\"content-type-builder\":{\"visible\":false}},\"attributes\":{\"type\":{\"type\":\"enumeration\",\"enum\":[\"publish\",\"unpublish\"],\"required\":true},\"contentType\":{\"type\":\"string\",\"required\":true},\"entryDocumentId\":{\"type\":\"string\"},\"locale\":{\"type\":\"string\"},\"release\":{\"type\":\"relation\",\"relation\":\"manyToOne\",\"target\":\"plugin::content-releases.release\",\"inversedBy\":\"actions\"},\"isEntryValid\":{\"type\":\"boolean\"}},\"kind\":\"collectionType\"},\"modelName\":\"release-action\"},\"plugin::review-workflows.workflow\":{\"collectionName\":\"strapi_workflows\",\"info\":{\"name\":\"Workflow\",\"description\":\"\",\"singularName\":\"workflow\",\"pluralName\":\"workflows\",\"displayName\":\"Workflow\"},\"options\":{\"draftAndPublish\":false},\"pluginOptions\":{\"content-manager\":{\"visible\":false},\"content-type-builder\":{\"visible\":false}},\"attributes\":{\"name\":{\"type\":\"string\",\"required\":true,\"unique\":true},\"stages\":{\"type\":\"relation\",\"target\":\"plugin::review-workflows.workflow-stage\",\"relation\":\"oneToMany\",\"mappedBy\":\"workflow\"},\"stageRequiredToPublish\":{\"type\":\"relation\",\"target\":\"plugin::review-workflows.workflow-stage\",\"relation\":\"oneToOne\",\"required\":false},\"contentTypes\":{\"type\":\"json\",\"required\":true,\"default\":\"[]\"},\"createdAt\":{\"type\":\"datetime\"},\"updatedAt\":{\"type\":\"datetime\"},\"publishedAt\":{\"type\":\"datetime\",\"configurable\":false,\"writable\":true,\"visible\":false},\"createdBy\":{\"type\":\"relation\",\"relation\":\"oneToOne\",\"target\":\"admin::user\",\"configurable\":false,\"writable\":false,\"visible\":false,\"useJoinTable\":false,\"private\":true},\"updatedBy\":{\"type\":\"relation\",\"relation\":\"oneToOne\",\"target\":\"admin::user\",\"configurable\":false,\"writable\":false,\"visible\":false,\"useJoinTable\":false,\"private\":true},\"locale\":{\"writable\":true,\"private\":true,\"configurable\":false,\"visible\":false,\"type\":\"string\"},\"localizations\":{\"type\":\"relation\",\"relation\":\"oneToMany\",\"target\":\"plugin::review-workflows.workflow\",\"writable\":false,\"private\":true,\"configurable\":false,\"visible\":false,\"unstable_virtual\":true,\"joinColumn\":{\"name\":\"document_id\",\"referencedColumn\":\"document_id\",\"referencedTable\":\"strapi_workflows\"}}},\"plugin\":\"review-workflows\",\"globalId\":\"ReviewWorkflowsWorkflow\",\"uid\":\"plugin::review-workflows.workflow\",\"modelType\":\"contentType\",\"kind\":\"collectionType\",\"__schema__\":{\"collectionName\":\"strapi_workflows\",\"info\":{\"name\":\"Workflow\",\"description\":\"\",\"singularName\":\"workflow\",\"pluralName\":\"workflows\",\"displayName\":\"Workflow\"},\"options\":{},\"pluginOptions\":{\"content-manager\":{\"visible\":false},\"content-type-builder\":{\"visible\":false}},\"attributes\":{\"name\":{\"type\":\"string\",\"required\":true,\"unique\":true},\"stages\":{\"type\":\"relation\",\"target\":\"plugin::review-workflows.workflow-stage\",\"relation\":\"oneToMany\",\"mappedBy\":\"workflow\"},\"stageRequiredToPublish\":{\"type\":\"relation\",\"target\":\"plugin::review-workflows.workflow-stage\",\"relation\":\"oneToOne\",\"required\":false},\"contentTypes\":{\"type\":\"json\",\"required\":true,\"default\":\"[]\"}},\"kind\":\"collectionType\"},\"modelName\":\"workflow\"},\"plugin::review-workflows.workflow-stage\":{\"collectionName\":\"strapi_workflows_stages\",\"info\":{\"name\":\"Workflow Stage\",\"description\":\"\",\"singularName\":\"workflow-stage\",\"pluralName\":\"workflow-stages\",\"displayName\":\"Stages\"},\"options\":{\"version\":\"1.1.0\",\"draftAndPublish\":false},\"pluginOptions\":{\"content-manager\":{\"visible\":false},\"content-type-builder\":{\"visible\":false}},\"attributes\":{\"name\":{\"type\":\"string\",\"configurable\":false},\"color\":{\"type\":\"string\",\"configurable\":false,\"default\":\"#4945FF\"},\"workflow\":{\"type\":\"relation\",\"target\":\"plugin::review-workflows.workflow\",\"relation\":\"manyToOne\",\"inversedBy\":\"stages\",\"configurable\":false},\"permissions\":{\"type\":\"relation\",\"target\":\"admin::permission\",\"relation\":\"manyToMany\",\"configurable\":false},\"createdAt\":{\"type\":\"datetime\"},\"updatedAt\":{\"type\":\"datetime\"},\"publishedAt\":{\"type\":\"datetime\",\"configurable\":false,\"writable\":true,\"visible\":false},\"createdBy\":{\"type\":\"relation\",\"relation\":\"oneToOne\",\"target\":\"admin::user\",\"configurable\":false,\"writable\":false,\"visible\":false,\"useJoinTable\":false,\"private\":true},\"updatedBy\":{\"type\":\"relation\",\"relation\":\"oneToOne\",\"target\":\"admin::user\",\"configurable\":false,\"writable\":false,\"visible\":false,\"useJoinTable\":false,\"private\":true},\"locale\":{\"writable\":true,\"private\":true,\"configurable\":false,\"visible\":false,\"type\":\"string\"},\"localizations\":{\"type\":\"relation\",\"relation\":\"oneToMany\",\"target\":\"plugin::review-workflows.workflow-stage\",\"writable\":false,\"private\":true,\"configurable\":false,\"visible\":false,\"unstable_virtual\":true,\"joinColumn\":{\"name\":\"document_id\",\"referencedColumn\":\"document_id\",\"referencedTable\":\"strapi_workflows_stages\"}}},\"plugin\":\"review-workflows\",\"globalId\":\"ReviewWorkflowsWorkflowStage\",\"uid\":\"plugin::review-workflows.workflow-stage\",\"modelType\":\"contentType\",\"kind\":\"collectionType\",\"__schema__\":{\"collectionName\":\"strapi_workflows_stages\",\"info\":{\"name\":\"Workflow Stage\",\"description\":\"\",\"singularName\":\"workflow-stage\",\"pluralName\":\"workflow-stages\",\"displayName\":\"Stages\"},\"options\":{\"version\":\"1.1.0\"},\"pluginOptions\":{\"content-manager\":{\"visible\":false},\"content-type-builder\":{\"visible\":false}},\"attributes\":{\"name\":{\"type\":\"string\",\"configurable\":false},\"color\":{\"type\":\"string\",\"configurable\":false,\"default\":\"#4945FF\"},\"workflow\":{\"type\":\"relation\",\"target\":\"plugin::review-workflows.workflow\",\"relation\":\"manyToOne\",\"inversedBy\":\"stages\",\"configurable\":false},\"permissions\":{\"type\":\"relation\",\"target\":\"admin::permission\",\"relation\":\"manyToMany\",\"configurable\":false}},\"kind\":\"collectionType\"},\"modelName\":\"workflow-stage\"},\"plugin::users-permissions.permission\":{\"collectionName\":\"up_permissions\",\"info\":{\"name\":\"permission\",\"description\":\"\",\"singularName\":\"permission\",\"pluralName\":\"permissions\",\"displayName\":\"Permission\"},\"pluginOptions\":{\"content-manager\":{\"visible\":false},\"content-type-builder\":{\"visible\":false}},\"attributes\":{\"action\":{\"type\":\"string\",\"required\":true,\"configurable\":false},\"role\":{\"type\":\"relation\",\"relation\":\"manyToOne\",\"target\":\"plugin::users-permissions.role\",\"inversedBy\":\"permissions\",\"configurable\":false},\"createdAt\":{\"type\":\"datetime\"},\"updatedAt\":{\"type\":\"datetime\"},\"publishedAt\":{\"type\":\"datetime\",\"configurable\":false,\"writable\":true,\"visible\":false},\"createdBy\":{\"type\":\"relation\",\"relation\":\"oneToOne\",\"target\":\"admin::user\",\"configurable\":false,\"writable\":false,\"visible\":false,\"useJoinTable\":false,\"private\":true},\"updatedBy\":{\"type\":\"relation\",\"relation\":\"oneToOne\",\"target\":\"admin::user\",\"configurable\":false,\"writable\":false,\"visible\":false,\"useJoinTable\":false,\"private\":true},\"locale\":{\"writable\":true,\"private\":true,\"configurable\":false,\"visible\":false,\"type\":\"string\"},\"localizations\":{\"type\":\"relation\",\"relation\":\"oneToMany\",\"target\":\"plugin::users-permissions.permission\",\"writable\":false,\"private\":true,\"configurable\":false,\"visible\":false,\"unstable_virtual\":true,\"joinColumn\":{\"name\":\"document_id\",\"referencedColumn\":\"document_id\",\"referencedTable\":\"up_permissions\"}}},\"plugin\":\"users-permissions\",\"globalId\":\"UsersPermissionsPermission\",\"uid\":\"plugin::users-permissions.permission\",\"modelType\":\"contentType\",\"kind\":\"collectionType\",\"__schema__\":{\"collectionName\":\"up_permissions\",\"info\":{\"name\":\"permission\",\"description\":\"\",\"singularName\":\"permission\",\"pluralName\":\"permissions\",\"displayName\":\"Permission\"},\"pluginOptions\":{\"content-manager\":{\"visible\":false},\"content-type-builder\":{\"visible\":false}},\"attributes\":{\"action\":{\"type\":\"string\",\"required\":true,\"configurable\":false},\"role\":{\"type\":\"relation\",\"relation\":\"manyToOne\",\"target\":\"plugin::users-permissions.role\",\"inversedBy\":\"permissions\",\"configurable\":false}},\"kind\":\"collectionType\"},\"modelName\":\"permission\",\"options\":{\"draftAndPublish\":false}},\"plugin::users-permissions.role\":{\"collectionName\":\"up_roles\",\"info\":{\"name\":\"role\",\"description\":\"\",\"singularName\":\"role\",\"pluralName\":\"roles\",\"displayName\":\"Role\"},\"pluginOptions\":{\"content-manager\":{\"visible\":false},\"content-type-builder\":{\"visible\":false}},\"attributes\":{\"name\":{\"type\":\"string\",\"minLength\":3,\"required\":true,\"configurable\":false},\"description\":{\"type\":\"string\",\"configurable\":false},\"type\":{\"type\":\"string\",\"unique\":true,\"configurable\":false},\"permissions\":{\"type\":\"relation\",\"relation\":\"oneToMany\",\"target\":\"plugin::users-permissions.permission\",\"mappedBy\":\"role\",\"configurable\":false},\"users\":{\"type\":\"relation\",\"relation\":\"oneToMany\",\"target\":\"plugin::users-permissions.user\",\"mappedBy\":\"role\",\"configurable\":false},\"createdAt\":{\"type\":\"datetime\"},\"updatedAt\":{\"type\":\"datetime\"},\"publishedAt\":{\"type\":\"datetime\",\"configurable\":false,\"writable\":true,\"visible\":false},\"createdBy\":{\"type\":\"relation\",\"relation\":\"oneToOne\",\"target\":\"admin::user\",\"configurable\":false,\"writable\":false,\"visible\":false,\"useJoinTable\":false,\"private\":true},\"updatedBy\":{\"type\":\"relation\",\"relation\":\"oneToOne\",\"target\":\"admin::user\",\"configurable\":false,\"writable\":false,\"visible\":false,\"useJoinTable\":false,\"private\":true},\"locale\":{\"writable\":true,\"private\":true,\"configurable\":false,\"visible\":false,\"type\":\"string\"},\"localizations\":{\"type\":\"relation\",\"relation\":\"oneToMany\",\"target\":\"plugin::users-permissions.role\",\"writable\":false,\"private\":true,\"configurable\":false,\"visible\":false,\"unstable_virtual\":true,\"joinColumn\":{\"name\":\"document_id\",\"referencedColumn\":\"document_id\",\"referencedTable\":\"up_roles\"}}},\"plugin\":\"users-permissions\",\"globalId\":\"UsersPermissionsRole\",\"uid\":\"plugin::users-permissions.role\",\"modelType\":\"contentType\",\"kind\":\"collectionType\",\"__schema__\":{\"collectionName\":\"up_roles\",\"info\":{\"name\":\"role\",\"description\":\"\",\"singularName\":\"role\",\"pluralName\":\"roles\",\"displayName\":\"Role\"},\"pluginOptions\":{\"content-manager\":{\"visible\":false},\"content-type-builder\":{\"visible\":false}},\"attributes\":{\"name\":{\"type\":\"string\",\"minLength\":3,\"required\":true,\"configurable\":false},\"description\":{\"type\":\"string\",\"configurable\":false},\"type\":{\"type\":\"string\",\"unique\":true,\"configurable\":false},\"permissions\":{\"type\":\"relation\",\"relation\":\"oneToMany\",\"target\":\"plugin::users-permissions.permission\",\"mappedBy\":\"role\",\"configurable\":false},\"users\":{\"type\":\"relation\",\"relation\":\"oneToMany\",\"target\":\"plugin::users-permissions.user\",\"mappedBy\":\"role\",\"configurable\":false}},\"kind\":\"collectionType\"},\"modelName\":\"role\",\"options\":{\"draftAndPublish\":false}},\"plugin::users-permissions.user\":{\"collectionName\":\"up_users\",\"info\":{\"name\":\"user\",\"description\":\"\",\"singularName\":\"user\",\"pluralName\":\"users\",\"displayName\":\"User\"},\"options\":{\"timestamps\":true,\"draftAndPublish\":false},\"attributes\":{\"username\":{\"type\":\"string\",\"minLength\":3,\"unique\":true,\"configurable\":false,\"required\":true},\"email\":{\"type\":\"email\",\"minLength\":6,\"configurable\":false,\"required\":true},\"provider\":{\"type\":\"string\",\"configurable\":false},\"password\":{\"type\":\"password\",\"minLength\":6,\"configurable\":false,\"private\":true,\"searchable\":false},\"resetPasswordToken\":{\"type\":\"string\",\"configurable\":false,\"private\":true,\"searchable\":false},\"confirmationToken\":{\"type\":\"string\",\"configurable\":false,\"private\":true,\"searchable\":false},\"confirmed\":{\"type\":\"boolean\",\"default\":false,\"configurable\":false},\"blocked\":{\"type\":\"boolean\",\"default\":false,\"configurable\":false},\"role\":{\"type\":\"relation\",\"relation\":\"manyToOne\",\"target\":\"plugin::users-permissions.role\",\"inversedBy\":\"users\",\"configurable\":false},\"createdAt\":{\"type\":\"datetime\"},\"updatedAt\":{\"type\":\"datetime\"},\"publishedAt\":{\"type\":\"datetime\",\"configurable\":false,\"writable\":true,\"visible\":false},\"createdBy\":{\"type\":\"relation\",\"relation\":\"oneToOne\",\"target\":\"admin::user\",\"configurable\":false,\"writable\":false,\"visible\":false,\"useJoinTable\":false,\"private\":true},\"updatedBy\":{\"type\":\"relation\",\"relation\":\"oneToOne\",\"target\":\"admin::user\",\"configurable\":false,\"writable\":false,\"visible\":false,\"useJoinTable\":false,\"private\":true},\"locale\":{\"writable\":true,\"private\":true,\"configurable\":false,\"visible\":false,\"type\":\"string\"},\"localizations\":{\"type\":\"relation\",\"relation\":\"oneToMany\",\"target\":\"plugin::users-permissions.user\",\"writable\":false,\"private\":true,\"configurable\":false,\"visible\":false,\"unstable_virtual\":true,\"joinColumn\":{\"name\":\"document_id\",\"referencedColumn\":\"document_id\",\"referencedTable\":\"up_users\"}}},\"config\":{\"attributes\":{\"resetPasswordToken\":{\"hidden\":true},\"confirmationToken\":{\"hidden\":true},\"provider\":{\"hidden\":true}}},\"plugin\":\"users-permissions\",\"globalId\":\"UsersPermissionsUser\",\"uid\":\"plugin::users-permissions.user\",\"modelType\":\"contentType\",\"kind\":\"collectionType\",\"__schema__\":{\"collectionName\":\"up_users\",\"info\":{\"name\":\"user\",\"description\":\"\",\"singularName\":\"user\",\"pluralName\":\"users\",\"displayName\":\"User\"},\"options\":{\"timestamps\":true},\"attributes\":{\"username\":{\"type\":\"string\",\"minLength\":3,\"unique\":true,\"configurable\":false,\"required\":true},\"email\":{\"type\":\"email\",\"minLength\":6,\"configurable\":false,\"required\":true},\"provider\":{\"type\":\"string\",\"configurable\":false},\"password\":{\"type\":\"password\",\"minLength\":6,\"configurable\":false,\"private\":true,\"searchable\":false},\"resetPasswordToken\":{\"type\":\"string\",\"configurable\":false,\"private\":true,\"searchable\":false},\"confirmationToken\":{\"type\":\"string\",\"configurable\":false,\"private\":true,\"searchable\":false},\"confirmed\":{\"type\":\"boolean\",\"default\":false,\"configurable\":false},\"blocked\":{\"type\":\"boolean\",\"default\":false,\"configurable\":false},\"role\":{\"type\":\"relation\",\"relation\":\"manyToOne\",\"target\":\"plugin::users-permissions.role\",\"inversedBy\":\"users\",\"configurable\":false}},\"kind\":\"collectionType\"},\"modelName\":\"user\"},\"api::about.about\":{\"kind\":\"singleType\",\"collectionName\":\"abouts\",\"info\":{\"singularName\":\"about\",\"pluralName\":\"abouts\",\"displayName\":\"About\",\"description\":\"Write about yourself and the content you create\"},\"options\":{\"draftAndPublish\":false},\"pluginOptions\":{},\"attributes\":{\"title\":{\"type\":\"string\"},\"blocks\":{\"type\":\"dynamiczone\",\"components\":[\"shared.media\",\"shared.quote\",\"shared.rich-text\",\"shared.slider\"]},\"createdAt\":{\"type\":\"datetime\"},\"updatedAt\":{\"type\":\"datetime\"},\"publishedAt\":{\"type\":\"datetime\",\"configurable\":false,\"writable\":true,\"visible\":false},\"createdBy\":{\"type\":\"relation\",\"relation\":\"oneToOne\",\"target\":\"admin::user\",\"configurable\":false,\"writable\":false,\"visible\":false,\"useJoinTable\":false,\"private\":true},\"updatedBy\":{\"type\":\"relation\",\"relation\":\"oneToOne\",\"target\":\"admin::user\",\"configurable\":false,\"writable\":false,\"visible\":false,\"useJoinTable\":false,\"private\":true},\"locale\":{\"writable\":true,\"private\":true,\"configurable\":false,\"visible\":false,\"type\":\"string\"},\"localizations\":{\"type\":\"relation\",\"relation\":\"oneToMany\",\"target\":\"api::about.about\",\"writable\":false,\"private\":true,\"configurable\":false,\"visible\":false,\"unstable_virtual\":true,\"joinColumn\":{\"name\":\"document_id\",\"referencedColumn\":\"document_id\",\"referencedTable\":\"abouts\"}}},\"apiName\":\"about\",\"globalId\":\"About\",\"uid\":\"api::about.about\",\"modelType\":\"contentType\",\"__schema__\":{\"collectionName\":\"abouts\",\"info\":{\"singularName\":\"about\",\"pluralName\":\"abouts\",\"displayName\":\"About\",\"description\":\"Write about yourself and the content you create\"},\"options\":{\"draftAndPublish\":false},\"pluginOptions\":{},\"attributes\":{\"title\":{\"type\":\"string\"},\"blocks\":{\"type\":\"dynamiczone\",\"components\":[\"shared.media\",\"shared.quote\",\"shared.rich-text\",\"shared.slider\"]}},\"kind\":\"singleType\"},\"modelName\":\"about\",\"actions\":{},\"lifecycles\":{}},\"api::article.article\":{\"kind\":\"collectionType\",\"collectionName\":\"articles\",\"info\":{\"singularName\":\"article\",\"pluralName\":\"articles\",\"displayName\":\"Article\",\"description\":\"Create your blog content\"},\"options\":{\"draftAndPublish\":true},\"pluginOptions\":{},\"attributes\":{\"title\":{\"type\":\"string\"},\"description\":{\"type\":\"text\",\"maxLength\":80},\"slug\":{\"type\":\"uid\",\"targetField\":\"title\"},\"cover\":{\"type\":\"media\",\"multiple\":false,\"required\":false,\"allowedTypes\":[\"images\",\"files\",\"videos\"]},\"author\":{\"type\":\"relation\",\"relation\":\"manyToOne\",\"target\":\"api::author.author\",\"inversedBy\":\"articles\"},\"category\":{\"type\":\"relation\",\"relation\":\"manyToOne\",\"target\":\"api::category.category\",\"inversedBy\":\"articles\"},\"blocks\":{\"type\":\"dynamiczone\",\"components\":[\"shared.media\",\"shared.quote\",\"shared.rich-text\",\"shared.slider\"]},\"createdAt\":{\"type\":\"datetime\"},\"updatedAt\":{\"type\":\"datetime\"},\"publishedAt\":{\"type\":\"datetime\",\"configurable\":false,\"writable\":true,\"visible\":false},\"createdBy\":{\"type\":\"relation\",\"relation\":\"oneToOne\",\"target\":\"admin::user\",\"configurable\":false,\"writable\":false,\"visible\":false,\"useJoinTable\":false,\"private\":true},\"updatedBy\":{\"type\":\"relation\",\"relation\":\"oneToOne\",\"target\":\"admin::user\",\"configurable\":false,\"writable\":false,\"visible\":false,\"useJoinTable\":false,\"private\":true},\"locale\":{\"writable\":true,\"private\":true,\"configurable\":false,\"visible\":false,\"type\":\"string\"},\"localizations\":{\"type\":\"relation\",\"relation\":\"oneToMany\",\"target\":\"api::article.article\",\"writable\":false,\"private\":true,\"configurable\":false,\"visible\":false,\"unstable_virtual\":true,\"joinColumn\":{\"name\":\"document_id\",\"referencedColumn\":\"document_id\",\"referencedTable\":\"articles\"}}},\"apiName\":\"article\",\"globalId\":\"Article\",\"uid\":\"api::article.article\",\"modelType\":\"contentType\",\"__schema__\":{\"collectionName\":\"articles\",\"info\":{\"singularName\":\"article\",\"pluralName\":\"articles\",\"displayName\":\"Article\",\"description\":\"Create your blog content\"},\"options\":{\"draftAndPublish\":true},\"pluginOptions\":{},\"attributes\":{\"title\":{\"type\":\"string\"},\"description\":{\"type\":\"text\",\"maxLength\":80},\"slug\":{\"type\":\"uid\",\"targetField\":\"title\"},\"cover\":{\"type\":\"media\",\"multiple\":false,\"required\":false,\"allowedTypes\":[\"images\",\"files\",\"videos\"]},\"author\":{\"type\":\"relation\",\"relation\":\"manyToOne\",\"target\":\"api::author.author\",\"inversedBy\":\"articles\"},\"category\":{\"type\":\"relation\",\"relation\":\"manyToOne\",\"target\":\"api::category.category\",\"inversedBy\":\"articles\"},\"blocks\":{\"type\":\"dynamiczone\",\"components\":[\"shared.media\",\"shared.quote\",\"shared.rich-text\",\"shared.slider\"]}},\"kind\":\"collectionType\"},\"modelName\":\"article\",\"actions\":{},\"lifecycles\":{}},\"api::author.author\":{\"kind\":\"collectionType\",\"collectionName\":\"authors\",\"info\":{\"singularName\":\"author\",\"pluralName\":\"authors\",\"displayName\":\"Author\",\"description\":\"Create authors for your content\"},\"options\":{\"draftAndPublish\":false},\"pluginOptions\":{},\"attributes\":{\"name\":{\"type\":\"string\"},\"avatar\":{\"type\":\"media\",\"multiple\":false,\"required\":false,\"allowedTypes\":[\"images\",\"files\",\"videos\"]},\"email\":{\"type\":\"string\"},\"articles\":{\"type\":\"relation\",\"relation\":\"oneToMany\",\"target\":\"api::article.article\",\"mappedBy\":\"author\"},\"createdAt\":{\"type\":\"datetime\"},\"updatedAt\":{\"type\":\"datetime\"},\"publishedAt\":{\"type\":\"datetime\",\"configurable\":false,\"writable\":true,\"visible\":false},\"createdBy\":{\"type\":\"relation\",\"relation\":\"oneToOne\",\"target\":\"admin::user\",\"configurable\":false,\"writable\":false,\"visible\":false,\"useJoinTable\":false,\"private\":true},\"updatedBy\":{\"type\":\"relation\",\"relation\":\"oneToOne\",\"target\":\"admin::user\",\"configurable\":false,\"writable\":false,\"visible\":false,\"useJoinTable\":false,\"private\":true},\"locale\":{\"writable\":true,\"private\":true,\"configurable\":false,\"visible\":false,\"type\":\"string\"},\"localizations\":{\"type\":\"relation\",\"relation\":\"oneToMany\",\"target\":\"api::author.author\",\"writable\":false,\"private\":true,\"configurable\":false,\"visible\":false,\"unstable_virtual\":true,\"joinColumn\":{\"name\":\"document_id\",\"referencedColumn\":\"document_id\",\"referencedTable\":\"authors\"}}},\"apiName\":\"author\",\"globalId\":\"Author\",\"uid\":\"api::author.author\",\"modelType\":\"contentType\",\"__schema__\":{\"collectionName\":\"authors\",\"info\":{\"singularName\":\"author\",\"pluralName\":\"authors\",\"displayName\":\"Author\",\"description\":\"Create authors for your content\"},\"options\":{\"draftAndPublish\":false},\"pluginOptions\":{},\"attributes\":{\"name\":{\"type\":\"string\"},\"avatar\":{\"type\":\"media\",\"multiple\":false,\"required\":false,\"allowedTypes\":[\"images\",\"files\",\"videos\"]},\"email\":{\"type\":\"string\"},\"articles\":{\"type\":\"relation\",\"relation\":\"oneToMany\",\"target\":\"api::article.article\",\"mappedBy\":\"author\"}},\"kind\":\"collectionType\"},\"modelName\":\"author\",\"actions\":{},\"lifecycles\":{}},\"api::category.category\":{\"kind\":\"collectionType\",\"collectionName\":\"categories\",\"info\":{\"singularName\":\"category\",\"pluralName\":\"categories\",\"displayName\":\"Category\",\"description\":\"Organize your content into categories\"},\"options\":{\"draftAndPublish\":false},\"pluginOptions\":{},\"attributes\":{\"name\":{\"type\":\"string\"},\"slug\":{\"type\":\"uid\"},\"articles\":{\"type\":\"relation\",\"relation\":\"oneToMany\",\"target\":\"api::article.article\",\"mappedBy\":\"category\"},\"description\":{\"type\":\"text\"},\"createdAt\":{\"type\":\"datetime\"},\"updatedAt\":{\"type\":\"datetime\"},\"publishedAt\":{\"type\":\"datetime\",\"configurable\":false,\"writable\":true,\"visible\":false},\"createdBy\":{\"type\":\"relation\",\"relation\":\"oneToOne\",\"target\":\"admin::user\",\"configurable\":false,\"writable\":false,\"visible\":false,\"useJoinTable\":false,\"private\":true},\"updatedBy\":{\"type\":\"relation\",\"relation\":\"oneToOne\",\"target\":\"admin::user\",\"configurable\":false,\"writable\":false,\"visible\":false,\"useJoinTable\":false,\"private\":true},\"locale\":{\"writable\":true,\"private\":true,\"configurable\":false,\"visible\":false,\"type\":\"string\"},\"localizations\":{\"type\":\"relation\",\"relation\":\"oneToMany\",\"target\":\"api::category.category\",\"writable\":false,\"private\":true,\"configurable\":false,\"visible\":false,\"unstable_virtual\":true,\"joinColumn\":{\"name\":\"document_id\",\"referencedColumn\":\"document_id\",\"referencedTable\":\"categories\"}}},\"apiName\":\"category\",\"globalId\":\"Category\",\"uid\":\"api::category.category\",\"modelType\":\"contentType\",\"__schema__\":{\"collectionName\":\"categories\",\"info\":{\"singularName\":\"category\",\"pluralName\":\"categories\",\"displayName\":\"Category\",\"description\":\"Organize your content into categories\"},\"options\":{\"draftAndPublish\":false},\"pluginOptions\":{},\"attributes\":{\"name\":{\"type\":\"string\"},\"slug\":{\"type\":\"uid\"},\"articles\":{\"type\":\"relation\",\"relation\":\"oneToMany\",\"target\":\"api::article.article\",\"mappedBy\":\"category\"},\"description\":{\"type\":\"text\"}},\"kind\":\"collectionType\"},\"modelName\":\"category\",\"actions\":{},\"lifecycles\":{}},\"api::global.global\":{\"kind\":\"singleType\",\"collectionName\":\"globals\",\"info\":{\"singularName\":\"global\",\"pluralName\":\"globals\",\"displayName\":\"Global\",\"description\":\"Define global settings\"},\"options\":{\"draftAndPublish\":false},\"pluginOptions\":{},\"attributes\":{\"siteName\":{\"type\":\"string\",\"required\":true},\"favicon\":{\"type\":\"media\",\"multiple\":false,\"required\":false,\"allowedTypes\":[\"images\",\"files\",\"videos\"]},\"siteDescription\":{\"type\":\"text\",\"required\":true},\"defaultSeo\":{\"type\":\"component\",\"repeatable\":false,\"component\":\"shared.seo\"},\"createdAt\":{\"type\":\"datetime\"},\"updatedAt\":{\"type\":\"datetime\"},\"publishedAt\":{\"type\":\"datetime\",\"configurable\":false,\"writable\":true,\"visible\":false},\"createdBy\":{\"type\":\"relation\",\"relation\":\"oneToOne\",\"target\":\"admin::user\",\"configurable\":false,\"writable\":false,\"visible\":false,\"useJoinTable\":false,\"private\":true},\"updatedBy\":{\"type\":\"relation\",\"relation\":\"oneToOne\",\"target\":\"admin::user\",\"configurable\":false,\"writable\":false,\"visible\":false,\"useJoinTable\":false,\"private\":true},\"locale\":{\"writable\":true,\"private\":true,\"configurable\":false,\"visible\":false,\"type\":\"string\"},\"localizations\":{\"type\":\"relation\",\"relation\":\"oneToMany\",\"target\":\"api::global.global\",\"writable\":false,\"private\":true,\"configurable\":false,\"visible\":false,\"unstable_virtual\":true,\"joinColumn\":{\"name\":\"document_id\",\"referencedColumn\":\"document_id\",\"referencedTable\":\"globals\"}}},\"apiName\":\"global\",\"globalId\":\"Global\",\"uid\":\"api::global.global\",\"modelType\":\"contentType\",\"__schema__\":{\"collectionName\":\"globals\",\"info\":{\"singularName\":\"global\",\"pluralName\":\"globals\",\"displayName\":\"Global\",\"description\":\"Define global settings\"},\"options\":{\"draftAndPublish\":false},\"pluginOptions\":{},\"attributes\":{\"siteName\":{\"type\":\"string\",\"required\":true},\"favicon\":{\"type\":\"media\",\"multiple\":false,\"required\":false,\"allowedTypes\":[\"images\",\"files\",\"videos\"]},\"siteDescription\":{\"type\":\"text\",\"required\":true},\"defaultSeo\":{\"type\":\"component\",\"repeatable\":false,\"component\":\"shared.seo\"}},\"kind\":\"singleType\"},\"modelName\":\"global\",\"actions\":{},\"lifecycles\":{}},\"admin::permission\":{\"collectionName\":\"admin_permissions\",\"info\":{\"name\":\"Permission\",\"description\":\"\",\"singularName\":\"permission\",\"pluralName\":\"permissions\",\"displayName\":\"Permission\"},\"options\":{\"draftAndPublish\":false},\"pluginOptions\":{\"content-manager\":{\"visible\":false},\"content-type-builder\":{\"visible\":false}},\"attributes\":{\"action\":{\"type\":\"string\",\"minLength\":1,\"configurable\":false,\"required\":true},\"actionParameters\":{\"type\":\"json\",\"configurable\":false,\"required\":false,\"default\":{}},\"subject\":{\"type\":\"string\",\"minLength\":1,\"configurable\":false,\"required\":false},\"properties\":{\"type\":\"json\",\"configurable\":false,\"required\":false,\"default\":{}},\"conditions\":{\"type\":\"json\",\"configurable\":false,\"required\":false,\"default\":[]},\"role\":{\"configurable\":false,\"type\":\"relation\",\"relation\":\"manyToOne\",\"inversedBy\":\"permissions\",\"target\":\"admin::role\"},\"createdAt\":{\"type\":\"datetime\"},\"updatedAt\":{\"type\":\"datetime\"},\"publishedAt\":{\"type\":\"datetime\",\"configurable\":false,\"writable\":true,\"visible\":false},\"createdBy\":{\"type\":\"relation\",\"relation\":\"oneToOne\",\"target\":\"admin::user\",\"configurable\":false,\"writable\":false,\"visible\":false,\"useJoinTable\":false,\"private\":true},\"updatedBy\":{\"type\":\"relation\",\"relation\":\"oneToOne\",\"target\":\"admin::user\",\"configurable\":false,\"writable\":false,\"visible\":false,\"useJoinTable\":false,\"private\":true},\"locale\":{\"writable\":true,\"private\":true,\"configurable\":false,\"visible\":false,\"type\":\"string\"},\"localizations\":{\"type\":\"relation\",\"relation\":\"oneToMany\",\"target\":\"admin::permission\",\"writable\":false,\"private\":true,\"configurable\":false,\"visible\":false,\"unstable_virtual\":true,\"joinColumn\":{\"name\":\"document_id\",\"referencedColumn\":\"document_id\",\"referencedTable\":\"admin_permissions\"}}},\"plugin\":\"admin\",\"globalId\":\"AdminPermission\",\"uid\":\"admin::permission\",\"modelType\":\"contentType\",\"kind\":\"collectionType\",\"__schema__\":{\"collectionName\":\"admin_permissions\",\"info\":{\"name\":\"Permission\",\"description\":\"\",\"singularName\":\"permission\",\"pluralName\":\"permissions\",\"displayName\":\"Permission\"},\"options\":{},\"pluginOptions\":{\"content-manager\":{\"visible\":false},\"content-type-builder\":{\"visible\":false}},\"attributes\":{\"action\":{\"type\":\"string\",\"minLength\":1,\"configurable\":false,\"required\":true},\"actionParameters\":{\"type\":\"json\",\"configurable\":false,\"required\":false,\"default\":{}},\"subject\":{\"type\":\"string\",\"minLength\":1,\"configurable\":false,\"required\":false},\"properties\":{\"type\":\"json\",\"configurable\":false,\"required\":false,\"default\":{}},\"conditions\":{\"type\":\"json\",\"configurable\":false,\"required\":false,\"default\":[]},\"role\":{\"configurable\":false,\"type\":\"relation\",\"relation\":\"manyToOne\",\"inversedBy\":\"permissions\",\"target\":\"admin::role\"}},\"kind\":\"collectionType\"},\"modelName\":\"permission\"},\"admin::user\":{\"collectionName\":\"admin_users\",\"info\":{\"name\":\"User\",\"description\":\"\",\"singularName\":\"user\",\"pluralName\":\"users\",\"displayName\":\"User\"},\"pluginOptions\":{\"content-manager\":{\"visible\":false},\"content-type-builder\":{\"visible\":false}},\"attributes\":{\"firstname\":{\"type\":\"string\",\"unique\":false,\"minLength\":1,\"configurable\":false,\"required\":false},\"lastname\":{\"type\":\"string\",\"unique\":false,\"minLength\":1,\"configurable\":false,\"required\":false},\"username\":{\"type\":\"string\",\"unique\":false,\"configurable\":false,\"required\":false},\"email\":{\"type\":\"email\",\"minLength\":6,\"configurable\":false,\"required\":true,\"unique\":true,\"private\":true},\"password\":{\"type\":\"password\",\"minLength\":6,\"configurable\":false,\"required\":false,\"private\":true,\"searchable\":false},\"resetPasswordToken\":{\"type\":\"string\",\"configurable\":false,\"private\":true,\"searchable\":false},\"registrationToken\":{\"type\":\"string\",\"configurable\":false,\"private\":true,\"searchable\":false},\"isActive\":{\"type\":\"boolean\",\"default\":false,\"configurable\":false,\"private\":true},\"roles\":{\"configurable\":false,\"private\":true,\"type\":\"relation\",\"relation\":\"manyToMany\",\"inversedBy\":\"users\",\"target\":\"admin::role\",\"collectionName\":\"strapi_users_roles\"},\"blocked\":{\"type\":\"boolean\",\"default\":false,\"configurable\":false,\"private\":true},\"preferedLanguage\":{\"type\":\"string\",\"configurable\":false,\"required\":false,\"searchable\":false},\"createdAt\":{\"type\":\"datetime\"},\"updatedAt\":{\"type\":\"datetime\"},\"publishedAt\":{\"type\":\"datetime\",\"configurable\":false,\"writable\":true,\"visible\":false},\"createdBy\":{\"type\":\"relation\",\"relation\":\"oneToOne\",\"target\":\"admin::user\",\"configurable\":false,\"writable\":false,\"visible\":false,\"useJoinTable\":false,\"private\":true},\"updatedBy\":{\"type\":\"relation\",\"relation\":\"oneToOne\",\"target\":\"admin::user\",\"configurable\":false,\"writable\":false,\"visible\":false,\"useJoinTable\":false,\"private\":true},\"locale\":{\"writable\":true,\"private\":true,\"configurable\":false,\"visible\":false,\"type\":\"string\"},\"localizations\":{\"type\":\"relation\",\"relation\":\"oneToMany\",\"target\":\"admin::user\",\"writable\":false,\"private\":true,\"configurable\":false,\"visible\":false,\"unstable_virtual\":true,\"joinColumn\":{\"name\":\"document_id\",\"referencedColumn\":\"document_id\",\"referencedTable\":\"admin_users\"}}},\"config\":{\"attributes\":{\"resetPasswordToken\":{\"hidden\":true},\"registrationToken\":{\"hidden\":true}}},\"plugin\":\"admin\",\"globalId\":\"AdminUser\",\"uid\":\"admin::user\",\"modelType\":\"contentType\",\"kind\":\"collectionType\",\"__schema__\":{\"collectionName\":\"admin_users\",\"info\":{\"name\":\"User\",\"description\":\"\",\"singularName\":\"user\",\"pluralName\":\"users\",\"displayName\":\"User\"},\"pluginOptions\":{\"content-manager\":{\"visible\":false},\"content-type-builder\":{\"visible\":false}},\"attributes\":{\"firstname\":{\"type\":\"string\",\"unique\":false,\"minLength\":1,\"configurable\":false,\"required\":false},\"lastname\":{\"type\":\"string\",\"unique\":false,\"minLength\":1,\"configurable\":false,\"required\":false},\"username\":{\"type\":\"string\",\"unique\":false,\"configurable\":false,\"required\":false},\"email\":{\"type\":\"email\",\"minLength\":6,\"configurable\":false,\"required\":true,\"unique\":true,\"private\":true},\"password\":{\"type\":\"password\",\"minLength\":6,\"configurable\":false,\"required\":false,\"private\":true,\"searchable\":false},\"resetPasswordToken\":{\"type\":\"string\",\"configurable\":false,\"private\":true,\"searchable\":false},\"registrationToken\":{\"type\":\"string\",\"configurable\":false,\"private\":true,\"searchable\":false},\"isActive\":{\"type\":\"boolean\",\"default\":false,\"configurable\":false,\"private\":true},\"roles\":{\"configurable\":false,\"private\":true,\"type\":\"relation\",\"relation\":\"manyToMany\",\"inversedBy\":\"users\",\"target\":\"admin::role\",\"collectionName\":\"strapi_users_roles\"},\"blocked\":{\"type\":\"boolean\",\"default\":false,\"configurable\":false,\"private\":true},\"preferedLanguage\":{\"type\":\"string\",\"configurable\":false,\"required\":false,\"searchable\":false}},\"kind\":\"collectionType\"},\"modelName\":\"user\",\"options\":{\"draftAndPublish\":false}},\"admin::role\":{\"collectionName\":\"admin_roles\",\"info\":{\"name\":\"Role\",\"description\":\"\",\"singularName\":\"role\",\"pluralName\":\"roles\",\"displayName\":\"Role\"},\"options\":{\"draftAndPublish\":false},\"pluginOptions\":{\"content-manager\":{\"visible\":false},\"content-type-builder\":{\"visible\":false}},\"attributes\":{\"name\":{\"type\":\"string\",\"minLength\":1,\"unique\":true,\"configurable\":false,\"required\":true},\"code\":{\"type\":\"string\",\"minLength\":1,\"unique\":true,\"configurable\":false,\"required\":true},\"description\":{\"type\":\"string\",\"configurable\":false},\"users\":{\"configurable\":false,\"type\":\"relation\",\"relation\":\"manyToMany\",\"mappedBy\":\"roles\",\"target\":\"admin::user\"},\"permissions\":{\"configurable\":false,\"type\":\"relation\",\"relation\":\"oneToMany\",\"mappedBy\":\"role\",\"target\":\"admin::permission\"},\"createdAt\":{\"type\":\"datetime\"},\"updatedAt\":{\"type\":\"datetime\"},\"publishedAt\":{\"type\":\"datetime\",\"configurable\":false,\"writable\":true,\"visible\":false},\"createdBy\":{\"type\":\"relation\",\"relation\":\"oneToOne\",\"target\":\"admin::user\",\"configurable\":false,\"writable\":false,\"visible\":false,\"useJoinTable\":false,\"private\":true},\"updatedBy\":{\"type\":\"relation\",\"relation\":\"oneToOne\",\"target\":\"admin::user\",\"configurable\":false,\"writable\":false,\"visible\":false,\"useJoinTable\":false,\"private\":true},\"locale\":{\"writable\":true,\"private\":true,\"configurable\":false,\"visible\":false,\"type\":\"string\"},\"localizations\":{\"type\":\"relation\",\"relation\":\"oneToMany\",\"target\":\"admin::role\",\"writable\":false,\"private\":true,\"configurable\":false,\"visible\":false,\"unstable_virtual\":true,\"joinColumn\":{\"name\":\"document_id\",\"referencedColumn\":\"document_id\",\"referencedTable\":\"admin_roles\"}}},\"plugin\":\"admin\",\"globalId\":\"AdminRole\",\"uid\":\"admin::role\",\"modelType\":\"contentType\",\"kind\":\"collectionType\",\"__schema__\":{\"collectionName\":\"admin_roles\",\"info\":{\"name\":\"Role\",\"description\":\"\",\"singularName\":\"role\",\"pluralName\":\"roles\",\"displayName\":\"Role\"},\"options\":{},\"pluginOptions\":{\"content-manager\":{\"visible\":false},\"content-type-builder\":{\"visible\":false}},\"attributes\":{\"name\":{\"type\":\"string\",\"minLength\":1,\"unique\":true,\"configurable\":false,\"required\":true},\"code\":{\"type\":\"string\",\"minLength\":1,\"unique\":true,\"configurable\":false,\"required\":true},\"description\":{\"type\":\"string\",\"configurable\":false},\"users\":{\"configurable\":false,\"type\":\"relation\",\"relation\":\"manyToMany\",\"mappedBy\":\"roles\",\"target\":\"admin::user\"},\"permissions\":{\"configurable\":false,\"type\":\"relation\",\"relation\":\"oneToMany\",\"mappedBy\":\"role\",\"target\":\"admin::permission\"}},\"kind\":\"collectionType\"},\"modelName\":\"role\"},\"admin::api-token\":{\"collectionName\":\"strapi_api_tokens\",\"info\":{\"name\":\"Api Token\",\"singularName\":\"api-token\",\"pluralName\":\"api-tokens\",\"displayName\":\"Api Token\",\"description\":\"\"},\"options\":{\"draftAndPublish\":false},\"pluginOptions\":{\"content-manager\":{\"visible\":false},\"content-type-builder\":{\"visible\":false}},\"attributes\":{\"name\":{\"type\":\"string\",\"minLength\":1,\"configurable\":false,\"required\":true,\"unique\":true},\"description\":{\"type\":\"string\",\"minLength\":1,\"configurable\":false,\"required\":false,\"default\":\"\"},\"type\":{\"type\":\"enumeration\",\"enum\":[\"read-only\",\"full-access\",\"custom\"],\"configurable\":false,\"required\":true,\"default\":\"read-only\"},\"accessKey\":{\"type\":\"string\",\"minLength\":1,\"configurable\":false,\"required\":true,\"searchable\":false},\"lastUsedAt\":{\"type\":\"datetime\",\"configurable\":false,\"required\":false},\"permissions\":{\"type\":\"relation\",\"target\":\"admin::api-token-permission\",\"relation\":\"oneToMany\",\"mappedBy\":\"token\",\"configurable\":false,\"required\":false},\"expiresAt\":{\"type\":\"datetime\",\"configurable\":false,\"required\":false},\"lifespan\":{\"type\":\"biginteger\",\"configurable\":false,\"required\":false},\"createdAt\":{\"type\":\"datetime\"},\"updatedAt\":{\"type\":\"datetime\"},\"publishedAt\":{\"type\":\"datetime\",\"configurable\":false,\"writable\":true,\"visible\":false},\"createdBy\":{\"type\":\"relation\",\"relation\":\"oneToOne\",\"target\":\"admin::user\",\"configurable\":false,\"writable\":false,\"visible\":false,\"useJoinTable\":false,\"private\":true},\"updatedBy\":{\"type\":\"relation\",\"relation\":\"oneToOne\",\"target\":\"admin::user\",\"configurable\":false,\"writable\":false,\"visible\":false,\"useJoinTable\":false,\"private\":true},\"locale\":{\"writable\":true,\"private\":true,\"configurable\":false,\"visible\":false,\"type\":\"string\"},\"localizations\":{\"type\":\"relation\",\"relation\":\"oneToMany\",\"target\":\"admin::api-token\",\"writable\":false,\"private\":true,\"configurable\":false,\"visible\":false,\"unstable_virtual\":true,\"joinColumn\":{\"name\":\"document_id\",\"referencedColumn\":\"document_id\",\"referencedTable\":\"strapi_api_tokens\"}}},\"plugin\":\"admin\",\"globalId\":\"AdminApiToken\",\"uid\":\"admin::api-token\",\"modelType\":\"contentType\",\"kind\":\"collectionType\",\"__schema__\":{\"collectionName\":\"strapi_api_tokens\",\"info\":{\"name\":\"Api Token\",\"singularName\":\"api-token\",\"pluralName\":\"api-tokens\",\"displayName\":\"Api Token\",\"description\":\"\"},\"options\":{},\"pluginOptions\":{\"content-manager\":{\"visible\":false},\"content-type-builder\":{\"visible\":false}},\"attributes\":{\"name\":{\"type\":\"string\",\"minLength\":1,\"configurable\":false,\"required\":true,\"unique\":true},\"description\":{\"type\":\"string\",\"minLength\":1,\"configurable\":false,\"required\":false,\"default\":\"\"},\"type\":{\"type\":\"enumeration\",\"enum\":[\"read-only\",\"full-access\",\"custom\"],\"configurable\":false,\"required\":true,\"default\":\"read-only\"},\"accessKey\":{\"type\":\"string\",\"minLength\":1,\"configurable\":false,\"required\":true,\"searchable\":false},\"lastUsedAt\":{\"type\":\"datetime\",\"configurable\":false,\"required\":false},\"permissions\":{\"type\":\"relation\",\"target\":\"admin::api-token-permission\",\"relation\":\"oneToMany\",\"mappedBy\":\"token\",\"configurable\":false,\"required\":false},\"expiresAt\":{\"type\":\"datetime\",\"configurable\":false,\"required\":false},\"lifespan\":{\"type\":\"biginteger\",\"configurable\":false,\"required\":false}},\"kind\":\"collectionType\"},\"modelName\":\"api-token\"},\"admin::api-token-permission\":{\"collectionName\":\"strapi_api_token_permissions\",\"info\":{\"name\":\"API Token Permission\",\"description\":\"\",\"singularName\":\"api-token-permission\",\"pluralName\":\"api-token-permissions\",\"displayName\":\"API Token Permission\"},\"options\":{\"draftAndPublish\":false},\"pluginOptions\":{\"content-manager\":{\"visible\":false},\"content-type-builder\":{\"visible\":false}},\"attributes\":{\"action\":{\"type\":\"string\",\"minLength\":1,\"configurable\":false,\"required\":true},\"token\":{\"configurable\":false,\"type\":\"relation\",\"relation\":\"manyToOne\",\"inversedBy\":\"permissions\",\"target\":\"admin::api-token\"},\"createdAt\":{\"type\":\"datetime\"},\"updatedAt\":{\"type\":\"datetime\"},\"publishedAt\":{\"type\":\"datetime\",\"configurable\":false,\"writable\":true,\"visible\":false},\"createdBy\":{\"type\":\"relation\",\"relation\":\"oneToOne\",\"target\":\"admin::user\",\"configurable\":false,\"writable\":false,\"visible\":false,\"useJoinTable\":false,\"private\":true},\"updatedBy\":{\"type\":\"relation\",\"relation\":\"oneToOne\",\"target\":\"admin::user\",\"configurable\":false,\"writable\":false,\"visible\":false,\"useJoinTable\":false,\"private\":true},\"locale\":{\"writable\":true,\"private\":true,\"configurable\":false,\"visible\":false,\"type\":\"string\"},\"localizations\":{\"type\":\"relation\",\"relation\":\"oneToMany\",\"target\":\"admin::api-token-permission\",\"writable\":false,\"private\":true,\"configurable\":false,\"visible\":false,\"unstable_virtual\":true,\"joinColumn\":{\"name\":\"document_id\",\"referencedColumn\":\"document_id\",\"referencedTable\":\"strapi_api_token_permissions\"}}},\"plugin\":\"admin\",\"globalId\":\"AdminApiTokenPermission\",\"uid\":\"admin::api-token-permission\",\"modelType\":\"contentType\",\"kind\":\"collectionType\",\"__schema__\":{\"collectionName\":\"strapi_api_token_permissions\",\"info\":{\"name\":\"API Token Permission\",\"description\":\"\",\"singularName\":\"api-token-permission\",\"pluralName\":\"api-token-permissions\",\"displayName\":\"API Token Permission\"},\"options\":{},\"pluginOptions\":{\"content-manager\":{\"visible\":false},\"content-type-builder\":{\"visible\":false}},\"attributes\":{\"action\":{\"type\":\"string\",\"minLength\":1,\"configurable\":false,\"required\":true},\"token\":{\"configurable\":false,\"type\":\"relation\",\"relation\":\"manyToOne\",\"inversedBy\":\"permissions\",\"target\":\"admin::api-token\"}},\"kind\":\"collectionType\"},\"modelName\":\"api-token-permission\"},\"admin::transfer-token\":{\"collectionName\":\"strapi_transfer_tokens\",\"info\":{\"name\":\"Transfer Token\",\"singularName\":\"transfer-token\",\"pluralName\":\"transfer-tokens\",\"displayName\":\"Transfer Token\",\"description\":\"\"},\"options\":{\"draftAndPublish\":false},\"pluginOptions\":{\"content-manager\":{\"visible\":false},\"content-type-builder\":{\"visible\":false}},\"attributes\":{\"name\":{\"type\":\"string\",\"minLength\":1,\"configurable\":false,\"required\":true,\"unique\":true},\"description\":{\"type\":\"string\",\"minLength\":1,\"configurable\":false,\"required\":false,\"default\":\"\"},\"accessKey\":{\"type\":\"string\",\"minLength\":1,\"configurable\":false,\"required\":true},\"lastUsedAt\":{\"type\":\"datetime\",\"configurable\":false,\"required\":false},\"permissions\":{\"type\":\"relation\",\"target\":\"admin::transfer-token-permission\",\"relation\":\"oneToMany\",\"mappedBy\":\"token\",\"configurable\":false,\"required\":false},\"expiresAt\":{\"type\":\"datetime\",\"configurable\":false,\"required\":false},\"lifespan\":{\"type\":\"biginteger\",\"configurable\":false,\"required\":false},\"createdAt\":{\"type\":\"datetime\"},\"updatedAt\":{\"type\":\"datetime\"},\"publishedAt\":{\"type\":\"datetime\",\"configurable\":false,\"writable\":true,\"visible\":false},\"createdBy\":{\"type\":\"relation\",\"relation\":\"oneToOne\",\"target\":\"admin::user\",\"configurable\":false,\"writable\":false,\"visible\":false,\"useJoinTable\":false,\"private\":true},\"updatedBy\":{\"type\":\"relation\",\"relation\":\"oneToOne\",\"target\":\"admin::user\",\"configurable\":false,\"writable\":false,\"visible\":false,\"useJoinTable\":false,\"private\":true},\"locale\":{\"writable\":true,\"private\":true,\"configurable\":false,\"visible\":false,\"type\":\"string\"},\"localizations\":{\"type\":\"relation\",\"relation\":\"oneToMany\",\"target\":\"admin::transfer-token\",\"writable\":false,\"private\":true,\"configurable\":false,\"visible\":false,\"unstable_virtual\":true,\"joinColumn\":{\"name\":\"document_id\",\"referencedColumn\":\"document_id\",\"referencedTable\":\"strapi_transfer_tokens\"}}},\"plugin\":\"admin\",\"globalId\":\"AdminTransferToken\",\"uid\":\"admin::transfer-token\",\"modelType\":\"contentType\",\"kind\":\"collectionType\",\"__schema__\":{\"collectionName\":\"strapi_transfer_tokens\",\"info\":{\"name\":\"Transfer Token\",\"singularName\":\"transfer-token\",\"pluralName\":\"transfer-tokens\",\"displayName\":\"Transfer Token\",\"description\":\"\"},\"options\":{},\"pluginOptions\":{\"content-manager\":{\"visible\":false},\"content-type-builder\":{\"visible\":false}},\"attributes\":{\"name\":{\"type\":\"string\",\"minLength\":1,\"configurable\":false,\"required\":true,\"unique\":true},\"description\":{\"type\":\"string\",\"minLength\":1,\"configurable\":false,\"required\":false,\"default\":\"\"},\"accessKey\":{\"type\":\"string\",\"minLength\":1,\"configurable\":false,\"required\":true},\"lastUsedAt\":{\"type\":\"datetime\",\"configurable\":false,\"required\":false},\"permissions\":{\"type\":\"relation\",\"target\":\"admin::transfer-token-permission\",\"relation\":\"oneToMany\",\"mappedBy\":\"token\",\"configurable\":false,\"required\":false},\"expiresAt\":{\"type\":\"datetime\",\"configurable\":false,\"required\":false},\"lifespan\":{\"type\":\"biginteger\",\"configurable\":false,\"required\":false}},\"kind\":\"collectionType\"},\"modelName\":\"transfer-token\"},\"admin::transfer-token-permission\":{\"collectionName\":\"strapi_transfer_token_permissions\",\"info\":{\"name\":\"Transfer Token Permission\",\"description\":\"\",\"singularName\":\"transfer-token-permission\",\"pluralName\":\"transfer-token-permissions\",\"displayName\":\"Transfer Token Permission\"},\"options\":{\"draftAndPublish\":false},\"pluginOptions\":{\"content-manager\":{\"visible\":false},\"content-type-builder\":{\"visible\":false}},\"attributes\":{\"action\":{\"type\":\"string\",\"minLength\":1,\"configurable\":false,\"required\":true},\"token\":{\"configurable\":false,\"type\":\"relation\",\"relation\":\"manyToOne\",\"inversedBy\":\"permissions\",\"target\":\"admin::transfer-token\"},\"createdAt\":{\"type\":\"datetime\"},\"updatedAt\":{\"type\":\"datetime\"},\"publishedAt\":{\"type\":\"datetime\",\"configurable\":false,\"writable\":true,\"visible\":false},\"createdBy\":{\"type\":\"relation\",\"relation\":\"oneToOne\",\"target\":\"admin::user\",\"configurable\":false,\"writable\":false,\"visible\":false,\"useJoinTable\":false,\"private\":true},\"updatedBy\":{\"type\":\"relation\",\"relation\":\"oneToOne\",\"target\":\"admin::user\",\"configurable\":false,\"writable\":false,\"visible\":false,\"useJoinTable\":false,\"private\":true},\"locale\":{\"writable\":true,\"private\":true,\"configurable\":false,\"visible\":false,\"type\":\"string\"},\"localizations\":{\"type\":\"relation\",\"relation\":\"oneToMany\",\"target\":\"admin::transfer-token-permission\",\"writable\":false,\"private\":true,\"configurable\":false,\"visible\":false,\"unstable_virtual\":true,\"joinColumn\":{\"name\":\"document_id\",\"referencedColumn\":\"document_id\",\"referencedTable\":\"strapi_transfer_token_permissions\"}}},\"plugin\":\"admin\",\"globalId\":\"AdminTransferTokenPermission\",\"uid\":\"admin::transfer-token-permission\",\"modelType\":\"contentType\",\"kind\":\"collectionType\",\"__schema__\":{\"collectionName\":\"strapi_transfer_token_permissions\",\"info\":{\"name\":\"Transfer Token Permission\",\"description\":\"\",\"singularName\":\"transfer-token-permission\",\"pluralName\":\"transfer-token-permissions\",\"displayName\":\"Transfer Token Permission\"},\"options\":{},\"pluginOptions\":{\"content-manager\":{\"visible\":false},\"content-type-builder\":{\"visible\":false}},\"attributes\":{\"action\":{\"type\":\"string\",\"minLength\":1,\"configurable\":false,\"required\":true},\"token\":{\"configurable\":false,\"type\":\"relation\",\"relation\":\"manyToOne\",\"inversedBy\":\"permissions\",\"target\":\"admin::transfer-token\"}},\"kind\":\"collectionType\"},\"modelName\":\"transfer-token-permission\"}}','object',NULL,NULL),(2,'plugin_content_manager_configuration_components::shared.slider','{\"settings\":{\"bulkable\":true,\"filterable\":true,\"searchable\":true,\"pageSize\":10,\"mainField\":\"id\",\"defaultSortBy\":\"id\",\"defaultSortOrder\":\"ASC\"},\"metadatas\":{\"id\":{\"edit\":{},\"list\":{\"label\":\"id\",\"searchable\":false,\"sortable\":false}},\"files\":{\"edit\":{\"label\":\"files\",\"description\":\"\",\"placeholder\":\"\",\"visible\":true,\"editable\":true},\"list\":{\"label\":\"files\",\"searchable\":false,\"sortable\":false}}},\"layouts\":{\"list\":[\"id\",\"files\"],\"edit\":[[{\"name\":\"files\",\"size\":6}]]},\"uid\":\"shared.slider\",\"isComponent\":true}','object',NULL,NULL),(3,'plugin_content_manager_configuration_components::shared.seo','{\"settings\":{\"bulkable\":true,\"filterable\":true,\"searchable\":true,\"pageSize\":10,\"mainField\":\"metaTitle\",\"defaultSortBy\":\"metaTitle\",\"defaultSortOrder\":\"ASC\"},\"metadatas\":{\"id\":{\"edit\":{},\"list\":{\"label\":\"id\",\"searchable\":false,\"sortable\":false}},\"metaTitle\":{\"edit\":{\"label\":\"metaTitle\",\"description\":\"\",\"placeholder\":\"\",\"visible\":true,\"editable\":true},\"list\":{\"label\":\"metaTitle\",\"searchable\":true,\"sortable\":true}},\"metaDescription\":{\"edit\":{\"label\":\"metaDescription\",\"description\":\"\",\"placeholder\":\"\",\"visible\":true,\"editable\":true},\"list\":{\"label\":\"metaDescription\",\"searchable\":true,\"sortable\":true}},\"shareImage\":{\"edit\":{\"label\":\"shareImage\",\"description\":\"\",\"placeholder\":\"\",\"visible\":true,\"editable\":true},\"list\":{\"label\":\"shareImage\",\"searchable\":false,\"sortable\":false}}},\"layouts\":{\"list\":[\"id\",\"metaTitle\",\"metaDescription\",\"shareImage\"],\"edit\":[[{\"name\":\"metaTitle\",\"size\":6},{\"name\":\"metaDescription\",\"size\":6}],[{\"name\":\"shareImage\",\"size\":6}]]},\"uid\":\"shared.seo\",\"isComponent\":true}','object',NULL,NULL),(4,'plugin_content_manager_configuration_components::shared.rich-text','{\"settings\":{\"bulkable\":true,\"filterable\":true,\"searchable\":true,\"pageSize\":10,\"mainField\":\"id\",\"defaultSortBy\":\"id\",\"defaultSortOrder\":\"ASC\"},\"metadatas\":{\"id\":{\"edit\":{},\"list\":{\"label\":\"id\",\"searchable\":false,\"sortable\":false}},\"body\":{\"edit\":{\"label\":\"body\",\"description\":\"\",\"placeholder\":\"\",\"visible\":true,\"editable\":true},\"list\":{\"label\":\"body\",\"searchable\":false,\"sortable\":false}}},\"layouts\":{\"list\":[\"id\"],\"edit\":[[{\"name\":\"body\",\"size\":12}]]},\"uid\":\"shared.rich-text\",\"isComponent\":true}','object',NULL,NULL),(5,'plugin_content_manager_configuration_components::shared.quote','{\"settings\":{\"bulkable\":true,\"filterable\":true,\"searchable\":true,\"pageSize\":10,\"mainField\":\"title\",\"defaultSortBy\":\"title\",\"defaultSortOrder\":\"ASC\"},\"metadatas\":{\"id\":{\"edit\":{},\"list\":{\"label\":\"id\",\"searchable\":false,\"sortable\":false}},\"title\":{\"edit\":{\"label\":\"title\",\"description\":\"\",\"placeholder\":\"\",\"visible\":true,\"editable\":true},\"list\":{\"label\":\"title\",\"searchable\":true,\"sortable\":true}},\"body\":{\"edit\":{\"label\":\"body\",\"description\":\"\",\"placeholder\":\"\",\"visible\":true,\"editable\":true},\"list\":{\"label\":\"body\",\"searchable\":true,\"sortable\":true}}},\"layouts\":{\"list\":[\"id\",\"title\",\"body\"],\"edit\":[[{\"name\":\"title\",\"size\":6},{\"name\":\"body\",\"size\":6}]]},\"uid\":\"shared.quote\",\"isComponent\":true}','object',NULL,NULL),(6,'plugin_content_manager_configuration_components::shared.media','{\"settings\":{\"bulkable\":true,\"filterable\":true,\"searchable\":true,\"pageSize\":10,\"mainField\":\"id\",\"defaultSortBy\":\"id\",\"defaultSortOrder\":\"ASC\"},\"metadatas\":{\"id\":{\"edit\":{},\"list\":{\"label\":\"id\",\"searchable\":false,\"sortable\":false}},\"file\":{\"edit\":{\"label\":\"file\",\"description\":\"\",\"placeholder\":\"\",\"visible\":true,\"editable\":true},\"list\":{\"label\":\"file\",\"searchable\":false,\"sortable\":false}}},\"layouts\":{\"list\":[\"id\",\"file\"],\"edit\":[[{\"name\":\"file\",\"size\":6}]]},\"uid\":\"shared.media\",\"isComponent\":true}','object',NULL,NULL),(7,'plugin_content_manager_configuration_content_types::plugin::upload.file','{\"settings\":{\"bulkable\":true,\"filterable\":true,\"searchable\":true,\"pageSize\":10,\"mainField\":\"name\",\"defaultSortBy\":\"name\",\"defaultSortOrder\":\"ASC\"},\"metadatas\":{\"id\":{\"edit\":{},\"list\":{\"label\":\"id\",\"searchable\":true,\"sortable\":true}},\"name\":{\"edit\":{\"label\":\"name\",\"description\":\"\",\"placeholder\":\"\",\"visible\":true,\"editable\":true},\"list\":{\"label\":\"name\",\"searchable\":true,\"sortable\":true}},\"alternativeText\":{\"edit\":{\"label\":\"alternativeText\",\"description\":\"\",\"placeholder\":\"\",\"visible\":true,\"editable\":true},\"list\":{\"label\":\"alternativeText\",\"searchable\":true,\"sortable\":true}},\"caption\":{\"edit\":{\"label\":\"caption\",\"description\":\"\",\"placeholder\":\"\",\"visible\":true,\"editable\":true},\"list\":{\"label\":\"caption\",\"searchable\":true,\"sortable\":true}},\"width\":{\"edit\":{\"label\":\"width\",\"description\":\"\",\"placeholder\":\"\",\"visible\":true,\"editable\":true},\"list\":{\"label\":\"width\",\"searchable\":true,\"sortable\":true}},\"height\":{\"edit\":{\"label\":\"height\",\"description\":\"\",\"placeholder\":\"\",\"visible\":true,\"editable\":true},\"list\":{\"label\":\"height\",\"searchable\":true,\"sortable\":true}},\"formats\":{\"edit\":{\"label\":\"formats\",\"description\":\"\",\"placeholder\":\"\",\"visible\":true,\"editable\":true},\"list\":{\"label\":\"formats\",\"searchable\":false,\"sortable\":false}},\"hash\":{\"edit\":{\"label\":\"hash\",\"description\":\"\",\"placeholder\":\"\",\"visible\":true,\"editable\":true},\"list\":{\"label\":\"hash\",\"searchable\":true,\"sortable\":true}},\"ext\":{\"edit\":{\"label\":\"ext\",\"description\":\"\",\"placeholder\":\"\",\"visible\":true,\"editable\":true},\"list\":{\"label\":\"ext\",\"searchable\":true,\"sortable\":true}},\"mime\":{\"edit\":{\"label\":\"mime\",\"description\":\"\",\"placeholder\":\"\",\"visible\":true,\"editable\":true},\"list\":{\"label\":\"mime\",\"searchable\":true,\"sortable\":true}},\"size\":{\"edit\":{\"label\":\"size\",\"description\":\"\",\"placeholder\":\"\",\"visible\":true,\"editable\":true},\"list\":{\"label\":\"size\",\"searchable\":true,\"sortable\":true}},\"url\":{\"edit\":{\"label\":\"url\",\"description\":\"\",\"placeholder\":\"\",\"visible\":true,\"editable\":true},\"list\":{\"label\":\"url\",\"searchable\":true,\"sortable\":true}},\"previewUrl\":{\"edit\":{\"label\":\"previewUrl\",\"description\":\"\",\"placeholder\":\"\",\"visible\":true,\"editable\":true},\"list\":{\"label\":\"previewUrl\",\"searchable\":true,\"sortable\":true}},\"provider\":{\"edit\":{\"label\":\"provider\",\"description\":\"\",\"placeholder\":\"\",\"visible\":true,\"editable\":true},\"list\":{\"label\":\"provider\",\"searchable\":true,\"sortable\":true}},\"provider_metadata\":{\"edit\":{\"label\":\"provider_metadata\",\"description\":\"\",\"placeholder\":\"\",\"visible\":true,\"editable\":true},\"list\":{\"label\":\"provider_metadata\",\"searchable\":false,\"sortable\":false}},\"folder\":{\"edit\":{\"label\":\"folder\",\"description\":\"\",\"placeholder\":\"\",\"visible\":true,\"editable\":true,\"mainField\":\"name\"},\"list\":{\"label\":\"folder\",\"searchable\":true,\"sortable\":true}},\"folderPath\":{\"edit\":{\"label\":\"folderPath\",\"description\":\"\",\"placeholder\":\"\",\"visible\":true,\"editable\":true},\"list\":{\"label\":\"folderPath\",\"searchable\":true,\"sortable\":true}},\"createdAt\":{\"edit\":{\"label\":\"createdAt\",\"description\":\"\",\"placeholder\":\"\",\"visible\":false,\"editable\":true},\"list\":{\"label\":\"createdAt\",\"searchable\":true,\"sortable\":true}},\"updatedAt\":{\"edit\":{\"label\":\"updatedAt\",\"description\":\"\",\"placeholder\":\"\",\"visible\":false,\"editable\":true},\"list\":{\"label\":\"updatedAt\",\"searchable\":true,\"sortable\":true}},\"createdBy\":{\"edit\":{\"label\":\"createdBy\",\"description\":\"\",\"placeholder\":\"\",\"visible\":false,\"editable\":true,\"mainField\":\"firstname\"},\"list\":{\"label\":\"createdBy\",\"searchable\":true,\"sortable\":true}},\"updatedBy\":{\"edit\":{\"label\":\"updatedBy\",\"description\":\"\",\"placeholder\":\"\",\"visible\":false,\"editable\":true,\"mainField\":\"firstname\"},\"list\":{\"label\":\"updatedBy\",\"searchable\":true,\"sortable\":true}}},\"layouts\":{\"list\":[\"id\",\"name\",\"alternativeText\",\"caption\"],\"edit\":[[{\"name\":\"name\",\"size\":6},{\"name\":\"alternativeText\",\"size\":6}],[{\"name\":\"caption\",\"size\":6},{\"name\":\"width\",\"size\":4}],[{\"name\":\"height\",\"size\":4}],[{\"name\":\"formats\",\"size\":12}],[{\"name\":\"hash\",\"size\":6},{\"name\":\"ext\",\"size\":6}],[{\"name\":\"mime\",\"size\":6},{\"name\":\"size\",\"size\":4}],[{\"name\":\"url\",\"size\":6},{\"name\":\"previewUrl\",\"size\":6}],[{\"name\":\"provider\",\"size\":6}],[{\"name\":\"provider_metadata\",\"size\":12}],[{\"name\":\"folder\",\"size\":6},{\"name\":\"folderPath\",\"size\":6}]]},\"uid\":\"plugin::upload.file\"}','object',NULL,NULL),(8,'plugin_content_manager_configuration_content_types::plugin::upload.folder','{\"settings\":{\"bulkable\":true,\"filterable\":true,\"searchable\":true,\"pageSize\":10,\"mainField\":\"name\",\"defaultSortBy\":\"name\",\"defaultSortOrder\":\"ASC\"},\"metadatas\":{\"id\":{\"edit\":{},\"list\":{\"label\":\"id\",\"searchable\":true,\"sortable\":true}},\"name\":{\"edit\":{\"label\":\"name\",\"description\":\"\",\"placeholder\":\"\",\"visible\":true,\"editable\":true},\"list\":{\"label\":\"name\",\"searchable\":true,\"sortable\":true}},\"pathId\":{\"edit\":{\"label\":\"pathId\",\"description\":\"\",\"placeholder\":\"\",\"visible\":true,\"editable\":true},\"list\":{\"label\":\"pathId\",\"searchable\":true,\"sortable\":true}},\"parent\":{\"edit\":{\"label\":\"parent\",\"description\":\"\",\"placeholder\":\"\",\"visible\":true,\"editable\":true,\"mainField\":\"name\"},\"list\":{\"label\":\"parent\",\"searchable\":true,\"sortable\":true}},\"children\":{\"edit\":{\"label\":\"children\",\"description\":\"\",\"placeholder\":\"\",\"visible\":true,\"editable\":true,\"mainField\":\"name\"},\"list\":{\"label\":\"children\",\"searchable\":false,\"sortable\":false}},\"files\":{\"edit\":{\"label\":\"files\",\"description\":\"\",\"placeholder\":\"\",\"visible\":true,\"editable\":true,\"mainField\":\"name\"},\"list\":{\"label\":\"files\",\"searchable\":false,\"sortable\":false}},\"path\":{\"edit\":{\"label\":\"path\",\"description\":\"\",\"placeholder\":\"\",\"visible\":true,\"editable\":true},\"list\":{\"label\":\"path\",\"searchable\":true,\"sortable\":true}},\"createdAt\":{\"edit\":{\"label\":\"createdAt\",\"description\":\"\",\"placeholder\":\"\",\"visible\":false,\"editable\":true},\"list\":{\"label\":\"createdAt\",\"searchable\":true,\"sortable\":true}},\"updatedAt\":{\"edit\":{\"label\":\"updatedAt\",\"description\":\"\",\"placeholder\":\"\",\"visible\":false,\"editable\":true},\"list\":{\"label\":\"updatedAt\",\"searchable\":true,\"sortable\":true}},\"createdBy\":{\"edit\":{\"label\":\"createdBy\",\"description\":\"\",\"placeholder\":\"\",\"visible\":false,\"editable\":true,\"mainField\":\"firstname\"},\"list\":{\"label\":\"createdBy\",\"searchable\":true,\"sortable\":true}},\"updatedBy\":{\"edit\":{\"label\":\"updatedBy\",\"description\":\"\",\"placeholder\":\"\",\"visible\":false,\"editable\":true,\"mainField\":\"firstname\"},\"list\":{\"label\":\"updatedBy\",\"searchable\":true,\"sortable\":true}}},\"layouts\":{\"list\":[\"id\",\"name\",\"pathId\",\"parent\"],\"edit\":[[{\"name\":\"name\",\"size\":6},{\"name\":\"pathId\",\"size\":4}],[{\"name\":\"parent\",\"size\":6},{\"name\":\"children\",\"size\":6}],[{\"name\":\"files\",\"size\":6},{\"name\":\"path\",\"size\":6}]]},\"uid\":\"plugin::upload.folder\"}','object',NULL,NULL),(9,'plugin_content_manager_configuration_content_types::plugin::i18n.locale','{\"settings\":{\"bulkable\":true,\"filterable\":true,\"searchable\":true,\"pageSize\":10,\"mainField\":\"name\",\"defaultSortBy\":\"name\",\"defaultSortOrder\":\"ASC\"},\"metadatas\":{\"id\":{\"edit\":{},\"list\":{\"label\":\"id\",\"searchable\":true,\"sortable\":true}},\"name\":{\"edit\":{\"label\":\"name\",\"description\":\"\",\"placeholder\":\"\",\"visible\":true,\"editable\":true},\"list\":{\"label\":\"name\",\"searchable\":true,\"sortable\":true}},\"code\":{\"edit\":{\"label\":\"code\",\"description\":\"\",\"placeholder\":\"\",\"visible\":true,\"editable\":true},\"list\":{\"label\":\"code\",\"searchable\":true,\"sortable\":true}},\"createdAt\":{\"edit\":{\"label\":\"createdAt\",\"description\":\"\",\"placeholder\":\"\",\"visible\":false,\"editable\":true},\"list\":{\"label\":\"createdAt\",\"searchable\":true,\"sortable\":true}},\"updatedAt\":{\"edit\":{\"label\":\"updatedAt\",\"description\":\"\",\"placeholder\":\"\",\"visible\":false,\"editable\":true},\"list\":{\"label\":\"updatedAt\",\"searchable\":true,\"sortable\":true}},\"createdBy\":{\"edit\":{\"label\":\"createdBy\",\"description\":\"\",\"placeholder\":\"\",\"visible\":false,\"editable\":true,\"mainField\":\"firstname\"},\"list\":{\"label\":\"createdBy\",\"searchable\":true,\"sortable\":true}},\"updatedBy\":{\"edit\":{\"label\":\"updatedBy\",\"description\":\"\",\"placeholder\":\"\",\"visible\":false,\"editable\":true,\"mainField\":\"firstname\"},\"list\":{\"label\":\"updatedBy\",\"searchable\":true,\"sortable\":true}}},\"layouts\":{\"list\":[\"id\",\"name\",\"code\",\"createdAt\"],\"edit\":[[{\"name\":\"name\",\"size\":6},{\"name\":\"code\",\"size\":6}]]},\"uid\":\"plugin::i18n.locale\"}','object',NULL,NULL),(10,'plugin_content_manager_configuration_content_types::plugin::review-workflows.workflow-stage','{\"settings\":{\"bulkable\":true,\"filterable\":true,\"searchable\":true,\"pageSize\":10,\"mainField\":\"name\",\"defaultSortBy\":\"name\",\"defaultSortOrder\":\"ASC\"},\"metadatas\":{\"id\":{\"edit\":{},\"list\":{\"label\":\"id\",\"searchable\":true,\"sortable\":true}},\"name\":{\"edit\":{\"label\":\"name\",\"description\":\"\",\"placeholder\":\"\",\"visible\":true,\"editable\":true},\"list\":{\"label\":\"name\",\"searchable\":true,\"sortable\":true}},\"color\":{\"edit\":{\"label\":\"color\",\"description\":\"\",\"placeholder\":\"\",\"visible\":true,\"editable\":true},\"list\":{\"label\":\"color\",\"searchable\":true,\"sortable\":true}},\"workflow\":{\"edit\":{\"label\":\"workflow\",\"description\":\"\",\"placeholder\":\"\",\"visible\":true,\"editable\":true,\"mainField\":\"name\"},\"list\":{\"label\":\"workflow\",\"searchable\":true,\"sortable\":true}},\"permissions\":{\"edit\":{\"label\":\"permissions\",\"description\":\"\",\"placeholder\":\"\",\"visible\":true,\"editable\":true,\"mainField\":\"action\"},\"list\":{\"label\":\"permissions\",\"searchable\":false,\"sortable\":false}},\"createdAt\":{\"edit\":{\"label\":\"createdAt\",\"description\":\"\",\"placeholder\":\"\",\"visible\":false,\"editable\":true},\"list\":{\"label\":\"createdAt\",\"searchable\":true,\"sortable\":true}},\"updatedAt\":{\"edit\":{\"label\":\"updatedAt\",\"description\":\"\",\"placeholder\":\"\",\"visible\":false,\"editable\":true},\"list\":{\"label\":\"updatedAt\",\"searchable\":true,\"sortable\":true}},\"createdBy\":{\"edit\":{\"label\":\"createdBy\",\"description\":\"\",\"placeholder\":\"\",\"visible\":false,\"editable\":true,\"mainField\":\"firstname\"},\"list\":{\"label\":\"createdBy\",\"searchable\":true,\"sortable\":true}},\"updatedBy\":{\"edit\":{\"label\":\"updatedBy\",\"description\":\"\",\"placeholder\":\"\",\"visible\":false,\"editable\":true,\"mainField\":\"firstname\"},\"list\":{\"label\":\"updatedBy\",\"searchable\":true,\"sortable\":true}}},\"layouts\":{\"list\":[\"id\",\"name\",\"color\",\"workflow\"],\"edit\":[[{\"name\":\"name\",\"size\":6},{\"name\":\"color\",\"size\":6}],[{\"name\":\"workflow\",\"size\":6},{\"name\":\"permissions\",\"size\":6}]]},\"uid\":\"plugin::review-workflows.workflow-stage\"}','object',NULL,NULL),(11,'plugin_content_manager_configuration_content_types::plugin::content-releases.release-action','{\"settings\":{\"bulkable\":true,\"filterable\":true,\"searchable\":true,\"pageSize\":10,\"mainField\":\"contentType\",\"defaultSortBy\":\"contentType\",\"defaultSortOrder\":\"ASC\"},\"metadatas\":{\"id\":{\"edit\":{},\"list\":{\"label\":\"id\",\"searchable\":true,\"sortable\":true}},\"type\":{\"edit\":{\"label\":\"type\",\"description\":\"\",\"placeholder\":\"\",\"visible\":true,\"editable\":true},\"list\":{\"label\":\"type\",\"searchable\":true,\"sortable\":true}},\"contentType\":{\"edit\":{\"label\":\"contentType\",\"description\":\"\",\"placeholder\":\"\",\"visible\":true,\"editable\":true},\"list\":{\"label\":\"contentType\",\"searchable\":true,\"sortable\":true}},\"entryDocumentId\":{\"edit\":{\"label\":\"entryDocumentId\",\"description\":\"\",\"placeholder\":\"\",\"visible\":true,\"editable\":true},\"list\":{\"label\":\"entryDocumentId\",\"searchable\":true,\"sortable\":true}},\"release\":{\"edit\":{\"label\":\"release\",\"description\":\"\",\"placeholder\":\"\",\"visible\":true,\"editable\":true,\"mainField\":\"name\"},\"list\":{\"label\":\"release\",\"searchable\":true,\"sortable\":true}},\"isEntryValid\":{\"edit\":{\"label\":\"isEntryValid\",\"description\":\"\",\"placeholder\":\"\",\"visible\":true,\"editable\":true},\"list\":{\"label\":\"isEntryValid\",\"searchable\":true,\"sortable\":true}},\"createdAt\":{\"edit\":{\"label\":\"createdAt\",\"description\":\"\",\"placeholder\":\"\",\"visible\":false,\"editable\":true},\"list\":{\"label\":\"createdAt\",\"searchable\":true,\"sortable\":true}},\"updatedAt\":{\"edit\":{\"label\":\"updatedAt\",\"description\":\"\",\"placeholder\":\"\",\"visible\":false,\"editable\":true},\"list\":{\"label\":\"updatedAt\",\"searchable\":true,\"sortable\":true}},\"createdBy\":{\"edit\":{\"label\":\"createdBy\",\"description\":\"\",\"placeholder\":\"\",\"visible\":false,\"editable\":true,\"mainField\":\"firstname\"},\"list\":{\"label\":\"createdBy\",\"searchable\":true,\"sortable\":true}},\"updatedBy\":{\"edit\":{\"label\":\"updatedBy\",\"description\":\"\",\"placeholder\":\"\",\"visible\":false,\"editable\":true,\"mainField\":\"firstname\"},\"list\":{\"label\":\"updatedBy\",\"searchable\":true,\"sortable\":true}}},\"layouts\":{\"list\":[\"id\",\"type\",\"contentType\",\"entryDocumentId\"],\"edit\":[[{\"name\":\"type\",\"size\":6},{\"name\":\"contentType\",\"size\":6}],[{\"name\":\"entryDocumentId\",\"size\":6},{\"name\":\"release\",\"size\":6}],[{\"name\":\"isEntryValid\",\"size\":4}]]},\"uid\":\"plugin::content-releases.release-action\"}','object',NULL,NULL),(12,'plugin_content_manager_configuration_content_types::plugin::content-releases.release','{\"settings\":{\"bulkable\":true,\"filterable\":true,\"searchable\":true,\"pageSize\":10,\"mainField\":\"name\",\"defaultSortBy\":\"name\",\"defaultSortOrder\":\"ASC\"},\"metadatas\":{\"id\":{\"edit\":{},\"list\":{\"label\":\"id\",\"searchable\":true,\"sortable\":true}},\"name\":{\"edit\":{\"label\":\"name\",\"description\":\"\",\"placeholder\":\"\",\"visible\":true,\"editable\":true},\"list\":{\"label\":\"name\",\"searchable\":true,\"sortable\":true}},\"releasedAt\":{\"edit\":{\"label\":\"releasedAt\",\"description\":\"\",\"placeholder\":\"\",\"visible\":true,\"editable\":true},\"list\":{\"label\":\"releasedAt\",\"searchable\":true,\"sortable\":true}},\"scheduledAt\":{\"edit\":{\"label\":\"scheduledAt\",\"description\":\"\",\"placeholder\":\"\",\"visible\":true,\"editable\":true},\"list\":{\"label\":\"scheduledAt\",\"searchable\":true,\"sortable\":true}},\"timezone\":{\"edit\":{\"label\":\"timezone\",\"description\":\"\",\"placeholder\":\"\",\"visible\":true,\"editable\":true},\"list\":{\"label\":\"timezone\",\"searchable\":true,\"sortable\":true}},\"status\":{\"edit\":{\"label\":\"status\",\"description\":\"\",\"placeholder\":\"\",\"visible\":true,\"editable\":true},\"list\":{\"label\":\"status\",\"searchable\":true,\"sortable\":true}},\"actions\":{\"edit\":{\"label\":\"actions\",\"description\":\"\",\"placeholder\":\"\",\"visible\":true,\"editable\":true,\"mainField\":\"contentType\"},\"list\":{\"label\":\"actions\",\"searchable\":false,\"sortable\":false}},\"createdAt\":{\"edit\":{\"label\":\"createdAt\",\"description\":\"\",\"placeholder\":\"\",\"visible\":false,\"editable\":true},\"list\":{\"label\":\"createdAt\",\"searchable\":true,\"sortable\":true}},\"updatedAt\":{\"edit\":{\"label\":\"updatedAt\",\"description\":\"\",\"placeholder\":\"\",\"visible\":false,\"editable\":true},\"list\":{\"label\":\"updatedAt\",\"searchable\":true,\"sortable\":true}},\"createdBy\":{\"edit\":{\"label\":\"createdBy\",\"description\":\"\",\"placeholder\":\"\",\"visible\":false,\"editable\":true,\"mainField\":\"firstname\"},\"list\":{\"label\":\"createdBy\",\"searchable\":true,\"sortable\":true}},\"updatedBy\":{\"edit\":{\"label\":\"updatedBy\",\"description\":\"\",\"placeholder\":\"\",\"visible\":false,\"editable\":true,\"mainField\":\"firstname\"},\"list\":{\"label\":\"updatedBy\",\"searchable\":true,\"sortable\":true}}},\"layouts\":{\"list\":[\"id\",\"name\",\"releasedAt\",\"scheduledAt\"],\"edit\":[[{\"name\":\"name\",\"size\":6},{\"name\":\"releasedAt\",\"size\":6}],[{\"name\":\"scheduledAt\",\"size\":6},{\"name\":\"timezone\",\"size\":6}],[{\"name\":\"status\",\"size\":6},{\"name\":\"actions\",\"size\":6}]]},\"uid\":\"plugin::content-releases.release\"}','object',NULL,NULL),(13,'plugin_content_manager_configuration_content_types::plugin::users-permissions.role','{\"settings\":{\"bulkable\":true,\"filterable\":true,\"searchable\":true,\"pageSize\":10,\"mainField\":\"name\",\"defaultSortBy\":\"name\",\"defaultSortOrder\":\"ASC\"},\"metadatas\":{\"id\":{\"edit\":{},\"list\":{\"label\":\"id\",\"searchable\":true,\"sortable\":true}},\"name\":{\"edit\":{\"label\":\"name\",\"description\":\"\",\"placeholder\":\"\",\"visible\":true,\"editable\":true},\"list\":{\"label\":\"name\",\"searchable\":true,\"sortable\":true}},\"description\":{\"edit\":{\"label\":\"description\",\"description\":\"\",\"placeholder\":\"\",\"visible\":true,\"editable\":true},\"list\":{\"label\":\"description\",\"searchable\":true,\"sortable\":true}},\"type\":{\"edit\":{\"label\":\"type\",\"description\":\"\",\"placeholder\":\"\",\"visible\":true,\"editable\":true},\"list\":{\"label\":\"type\",\"searchable\":true,\"sortable\":true}},\"permissions\":{\"edit\":{\"label\":\"permissions\",\"description\":\"\",\"placeholder\":\"\",\"visible\":true,\"editable\":true,\"mainField\":\"action\"},\"list\":{\"label\":\"permissions\",\"searchable\":false,\"sortable\":false}},\"users\":{\"edit\":{\"label\":\"users\",\"description\":\"\",\"placeholder\":\"\",\"visible\":true,\"editable\":true,\"mainField\":\"username\"},\"list\":{\"label\":\"users\",\"searchable\":false,\"sortable\":false}},\"createdAt\":{\"edit\":{\"label\":\"createdAt\",\"description\":\"\",\"placeholder\":\"\",\"visible\":false,\"editable\":true},\"list\":{\"label\":\"createdAt\",\"searchable\":true,\"sortable\":true}},\"updatedAt\":{\"edit\":{\"label\":\"updatedAt\",\"description\":\"\",\"placeholder\":\"\",\"visible\":false,\"editable\":true},\"list\":{\"label\":\"updatedAt\",\"searchable\":true,\"sortable\":true}},\"createdBy\":{\"edit\":{\"label\":\"createdBy\",\"description\":\"\",\"placeholder\":\"\",\"visible\":false,\"editable\":true,\"mainField\":\"firstname\"},\"list\":{\"label\":\"createdBy\",\"searchable\":true,\"sortable\":true}},\"updatedBy\":{\"edit\":{\"label\":\"updatedBy\",\"description\":\"\",\"placeholder\":\"\",\"visible\":false,\"editable\":true,\"mainField\":\"firstname\"},\"list\":{\"label\":\"updatedBy\",\"searchable\":true,\"sortable\":true}}},\"layouts\":{\"list\":[\"id\",\"name\",\"description\",\"type\"],\"edit\":[[{\"name\":\"name\",\"size\":6},{\"name\":\"description\",\"size\":6}],[{\"name\":\"type\",\"size\":6},{\"name\":\"permissions\",\"size\":6}],[{\"name\":\"users\",\"size\":6}]]},\"uid\":\"plugin::users-permissions.role\"}','object',NULL,NULL),(14,'plugin_content_manager_configuration_content_types::plugin::users-permissions.user','{\"settings\":{\"bulkable\":true,\"filterable\":true,\"searchable\":true,\"pageSize\":10,\"mainField\":\"username\",\"defaultSortBy\":\"username\",\"defaultSortOrder\":\"ASC\"},\"metadatas\":{\"id\":{\"edit\":{},\"list\":{\"label\":\"id\",\"searchable\":true,\"sortable\":true}},\"username\":{\"edit\":{\"label\":\"username\",\"description\":\"\",\"placeholder\":\"\",\"visible\":true,\"editable\":true},\"list\":{\"label\":\"username\",\"searchable\":true,\"sortable\":true}},\"email\":{\"edit\":{\"label\":\"email\",\"description\":\"\",\"placeholder\":\"\",\"visible\":true,\"editable\":true},\"list\":{\"label\":\"email\",\"searchable\":true,\"sortable\":true}},\"provider\":{\"edit\":{\"label\":\"provider\",\"description\":\"\",\"placeholder\":\"\",\"visible\":false,\"editable\":true},\"list\":{\"label\":\"provider\",\"searchable\":true,\"sortable\":true}},\"password\":{\"edit\":{\"label\":\"password\",\"description\":\"\",\"placeholder\":\"\",\"visible\":true,\"editable\":true},\"list\":{\"label\":\"password\",\"searchable\":true,\"sortable\":true}},\"resetPasswordToken\":{\"edit\":{\"label\":\"resetPasswordToken\",\"description\":\"\",\"placeholder\":\"\",\"visible\":false,\"editable\":true},\"list\":{\"label\":\"resetPasswordToken\",\"searchable\":true,\"sortable\":true}},\"confirmationToken\":{\"edit\":{\"label\":\"confirmationToken\",\"description\":\"\",\"placeholder\":\"\",\"visible\":false,\"editable\":true},\"list\":{\"label\":\"confirmationToken\",\"searchable\":true,\"sortable\":true}},\"confirmed\":{\"edit\":{\"label\":\"confirmed\",\"description\":\"\",\"placeholder\":\"\",\"visible\":true,\"editable\":true},\"list\":{\"label\":\"confirmed\",\"searchable\":true,\"sortable\":true}},\"blocked\":{\"edit\":{\"label\":\"blocked\",\"description\":\"\",\"placeholder\":\"\",\"visible\":true,\"editable\":true},\"list\":{\"label\":\"blocked\",\"searchable\":true,\"sortable\":true}},\"role\":{\"edit\":{\"label\":\"role\",\"description\":\"\",\"placeholder\":\"\",\"visible\":true,\"editable\":true,\"mainField\":\"name\"},\"list\":{\"label\":\"role\",\"searchable\":true,\"sortable\":true}},\"createdAt\":{\"edit\":{\"label\":\"createdAt\",\"description\":\"\",\"placeholder\":\"\",\"visible\":false,\"editable\":true},\"list\":{\"label\":\"createdAt\",\"searchable\":true,\"sortable\":true}},\"updatedAt\":{\"edit\":{\"label\":\"updatedAt\",\"description\":\"\",\"placeholder\":\"\",\"visible\":false,\"editable\":true},\"list\":{\"label\":\"updatedAt\",\"searchable\":true,\"sortable\":true}},\"createdBy\":{\"edit\":{\"label\":\"createdBy\",\"description\":\"\",\"placeholder\":\"\",\"visible\":false,\"editable\":true,\"mainField\":\"firstname\"},\"list\":{\"label\":\"createdBy\",\"searchable\":true,\"sortable\":true}},\"updatedBy\":{\"edit\":{\"label\":\"updatedBy\",\"description\":\"\",\"placeholder\":\"\",\"visible\":false,\"editable\":true,\"mainField\":\"firstname\"},\"list\":{\"label\":\"updatedBy\",\"searchable\":true,\"sortable\":true}}},\"layouts\":{\"list\":[\"id\",\"username\",\"email\",\"confirmed\"],\"edit\":[[{\"name\":\"username\",\"size\":6},{\"name\":\"email\",\"size\":6}],[{\"name\":\"password\",\"size\":6},{\"name\":\"confirmed\",\"size\":4}],[{\"name\":\"blocked\",\"size\":4},{\"name\":\"role\",\"size\":6}]]},\"uid\":\"plugin::users-permissions.user\"}','object',NULL,NULL),(15,'plugin_content_manager_configuration_content_types::api::about.about','{\"settings\":{\"bulkable\":true,\"filterable\":true,\"searchable\":true,\"pageSize\":10,\"mainField\":\"title\",\"defaultSortBy\":\"title\",\"defaultSortOrder\":\"ASC\"},\"metadatas\":{\"id\":{\"edit\":{},\"list\":{\"label\":\"id\",\"searchable\":true,\"sortable\":true}},\"title\":{\"edit\":{\"label\":\"title\",\"description\":\"\",\"placeholder\":\"\",\"visible\":true,\"editable\":true},\"list\":{\"label\":\"title\",\"searchable\":true,\"sortable\":true}},\"blocks\":{\"edit\":{\"label\":\"blocks\",\"description\":\"\",\"placeholder\":\"\",\"visible\":true,\"editable\":true},\"list\":{\"label\":\"blocks\",\"searchable\":false,\"sortable\":false}},\"createdAt\":{\"edit\":{\"label\":\"createdAt\",\"description\":\"\",\"placeholder\":\"\",\"visible\":false,\"editable\":true},\"list\":{\"label\":\"createdAt\",\"searchable\":true,\"sortable\":true}},\"updatedAt\":{\"edit\":{\"label\":\"updatedAt\",\"description\":\"\",\"placeholder\":\"\",\"visible\":false,\"editable\":true},\"list\":{\"label\":\"updatedAt\",\"searchable\":true,\"sortable\":true}},\"createdBy\":{\"edit\":{\"label\":\"createdBy\",\"description\":\"\",\"placeholder\":\"\",\"visible\":false,\"editable\":true,\"mainField\":\"firstname\"},\"list\":{\"label\":\"createdBy\",\"searchable\":true,\"sortable\":true}},\"updatedBy\":{\"edit\":{\"label\":\"updatedBy\",\"description\":\"\",\"placeholder\":\"\",\"visible\":false,\"editable\":true,\"mainField\":\"firstname\"},\"list\":{\"label\":\"updatedBy\",\"searchable\":true,\"sortable\":true}}},\"layouts\":{\"list\":[\"id\",\"title\",\"createdAt\",\"updatedAt\"],\"edit\":[[{\"name\":\"title\",\"size\":6}],[{\"name\":\"blocks\",\"size\":12}]]},\"uid\":\"api::about.about\"}','object',NULL,NULL),(16,'plugin_content_manager_configuration_content_types::api::article.article','{\"settings\":{\"bulkable\":true,\"filterable\":true,\"searchable\":true,\"pageSize\":10,\"mainField\":\"title\",\"defaultSortBy\":\"title\",\"defaultSortOrder\":\"ASC\"},\"metadatas\":{\"id\":{\"edit\":{},\"list\":{\"label\":\"id\",\"searchable\":true,\"sortable\":true}},\"title\":{\"edit\":{\"label\":\"title\",\"description\":\"\",\"placeholder\":\"\",\"visible\":true,\"editable\":true},\"list\":{\"label\":\"title\",\"searchable\":true,\"sortable\":true}},\"description\":{\"edit\":{\"label\":\"description\",\"description\":\"\",\"placeholder\":\"\",\"visible\":true,\"editable\":true},\"list\":{\"label\":\"description\",\"searchable\":true,\"sortable\":true}},\"slug\":{\"edit\":{\"label\":\"slug\",\"description\":\"\",\"placeholder\":\"\",\"visible\":true,\"editable\":true},\"list\":{\"label\":\"slug\",\"searchable\":true,\"sortable\":true}},\"cover\":{\"edit\":{\"label\":\"cover\",\"description\":\"\",\"placeholder\":\"\",\"visible\":true,\"editable\":true},\"list\":{\"label\":\"cover\",\"searchable\":false,\"sortable\":false}},\"author\":{\"edit\":{\"label\":\"author\",\"description\":\"\",\"placeholder\":\"\",\"visible\":true,\"editable\":true,\"mainField\":\"name\"},\"list\":{\"label\":\"author\",\"searchable\":true,\"sortable\":true}},\"category\":{\"edit\":{\"label\":\"category\",\"description\":\"\",\"placeholder\":\"\",\"visible\":true,\"editable\":true,\"mainField\":\"name\"},\"list\":{\"label\":\"category\",\"searchable\":true,\"sortable\":true}},\"blocks\":{\"edit\":{\"label\":\"blocks\",\"description\":\"\",\"placeholder\":\"\",\"visible\":true,\"editable\":true},\"list\":{\"label\":\"blocks\",\"searchable\":false,\"sortable\":false}},\"createdAt\":{\"edit\":{\"label\":\"createdAt\",\"description\":\"\",\"placeholder\":\"\",\"visible\":false,\"editable\":true},\"list\":{\"label\":\"createdAt\",\"searchable\":true,\"sortable\":true}},\"updatedAt\":{\"edit\":{\"label\":\"updatedAt\",\"description\":\"\",\"placeholder\":\"\",\"visible\":false,\"editable\":true},\"list\":{\"label\":\"updatedAt\",\"searchable\":true,\"sortable\":true}},\"createdBy\":{\"edit\":{\"label\":\"createdBy\",\"description\":\"\",\"placeholder\":\"\",\"visible\":false,\"editable\":true,\"mainField\":\"firstname\"},\"list\":{\"label\":\"createdBy\",\"searchable\":true,\"sortable\":true}},\"updatedBy\":{\"edit\":{\"label\":\"updatedBy\",\"description\":\"\",\"placeholder\":\"\",\"visible\":false,\"editable\":true,\"mainField\":\"firstname\"},\"list\":{\"label\":\"updatedBy\",\"searchable\":true,\"sortable\":true}}},\"layouts\":{\"list\":[\"id\",\"title\",\"description\",\"slug\"],\"edit\":[[{\"name\":\"title\",\"size\":6},{\"name\":\"description\",\"size\":6}],[{\"name\":\"slug\",\"size\":6},{\"name\":\"cover\",\"size\":6}],[{\"name\":\"author\",\"size\":6},{\"name\":\"category\",\"size\":6}],[{\"name\":\"blocks\",\"size\":12}]]},\"uid\":\"api::article.article\"}','object',NULL,NULL),(17,'plugin_content_manager_configuration_content_types::plugin::review-workflows.workflow','{\"settings\":{\"bulkable\":true,\"filterable\":true,\"searchable\":true,\"pageSize\":10,\"mainField\":\"name\",\"defaultSortBy\":\"name\",\"defaultSortOrder\":\"ASC\"},\"metadatas\":{\"id\":{\"edit\":{},\"list\":{\"label\":\"id\",\"searchable\":true,\"sortable\":true}},\"name\":{\"edit\":{\"label\":\"name\",\"description\":\"\",\"placeholder\":\"\",\"visible\":true,\"editable\":true},\"list\":{\"label\":\"name\",\"searchable\":true,\"sortable\":true}},\"stages\":{\"edit\":{\"label\":\"stages\",\"description\":\"\",\"placeholder\":\"\",\"visible\":true,\"editable\":true,\"mainField\":\"name\"},\"list\":{\"label\":\"stages\",\"searchable\":false,\"sortable\":false}},\"stageRequiredToPublish\":{\"edit\":{\"label\":\"stageRequiredToPublish\",\"description\":\"\",\"placeholder\":\"\",\"visible\":true,\"editable\":true,\"mainField\":\"name\"},\"list\":{\"label\":\"stageRequiredToPublish\",\"searchable\":true,\"sortable\":true}},\"contentTypes\":{\"edit\":{\"label\":\"contentTypes\",\"description\":\"\",\"placeholder\":\"\",\"visible\":true,\"editable\":true},\"list\":{\"label\":\"contentTypes\",\"searchable\":false,\"sortable\":false}},\"createdAt\":{\"edit\":{\"label\":\"createdAt\",\"description\":\"\",\"placeholder\":\"\",\"visible\":false,\"editable\":true},\"list\":{\"label\":\"createdAt\",\"searchable\":true,\"sortable\":true}},\"updatedAt\":{\"edit\":{\"label\":\"updatedAt\",\"description\":\"\",\"placeholder\":\"\",\"visible\":false,\"editable\":true},\"list\":{\"label\":\"updatedAt\",\"searchable\":true,\"sortable\":true}},\"createdBy\":{\"edit\":{\"label\":\"createdBy\",\"description\":\"\",\"placeholder\":\"\",\"visible\":false,\"editable\":true,\"mainField\":\"firstname\"},\"list\":{\"label\":\"createdBy\",\"searchable\":true,\"sortable\":true}},\"updatedBy\":{\"edit\":{\"label\":\"updatedBy\",\"description\":\"\",\"placeholder\":\"\",\"visible\":false,\"editable\":true,\"mainField\":\"firstname\"},\"list\":{\"label\":\"updatedBy\",\"searchable\":true,\"sortable\":true}}},\"layouts\":{\"list\":[\"id\",\"name\",\"stages\",\"stageRequiredToPublish\"],\"edit\":[[{\"name\":\"name\",\"size\":6},{\"name\":\"stages\",\"size\":6}],[{\"name\":\"stageRequiredToPublish\",\"size\":6}],[{\"name\":\"contentTypes\",\"size\":12}]]},\"uid\":\"plugin::review-workflows.workflow\"}','object',NULL,NULL),(18,'plugin_content_manager_configuration_content_types::api::author.author','{\"settings\":{\"bulkable\":true,\"filterable\":true,\"searchable\":true,\"pageSize\":10,\"mainField\":\"name\",\"defaultSortBy\":\"name\",\"defaultSortOrder\":\"ASC\"},\"metadatas\":{\"id\":{\"edit\":{},\"list\":{\"label\":\"id\",\"searchable\":true,\"sortable\":true}},\"name\":{\"edit\":{\"label\":\"name\",\"description\":\"\",\"placeholder\":\"\",\"visible\":true,\"editable\":true},\"list\":{\"label\":\"name\",\"searchable\":true,\"sortable\":true}},\"avatar\":{\"edit\":{\"label\":\"avatar\",\"description\":\"\",\"placeholder\":\"\",\"visible\":true,\"editable\":true},\"list\":{\"label\":\"avatar\",\"searchable\":false,\"sortable\":false}},\"email\":{\"edit\":{\"label\":\"email\",\"description\":\"\",\"placeholder\":\"\",\"visible\":true,\"editable\":true},\"list\":{\"label\":\"email\",\"searchable\":true,\"sortable\":true}},\"articles\":{\"edit\":{\"label\":\"articles\",\"description\":\"\",\"placeholder\":\"\",\"visible\":true,\"editable\":true,\"mainField\":\"title\"},\"list\":{\"label\":\"articles\",\"searchable\":false,\"sortable\":false}},\"createdAt\":{\"edit\":{\"label\":\"createdAt\",\"description\":\"\",\"placeholder\":\"\",\"visible\":false,\"editable\":true},\"list\":{\"label\":\"createdAt\",\"searchable\":true,\"sortable\":true}},\"updatedAt\":{\"edit\":{\"label\":\"updatedAt\",\"description\":\"\",\"placeholder\":\"\",\"visible\":false,\"editable\":true},\"list\":{\"label\":\"updatedAt\",\"searchable\":true,\"sortable\":true}},\"createdBy\":{\"edit\":{\"label\":\"createdBy\",\"description\":\"\",\"placeholder\":\"\",\"visible\":false,\"editable\":true,\"mainField\":\"firstname\"},\"list\":{\"label\":\"createdBy\",\"searchable\":true,\"sortable\":true}},\"updatedBy\":{\"edit\":{\"label\":\"updatedBy\",\"description\":\"\",\"placeholder\":\"\",\"visible\":false,\"editable\":true,\"mainField\":\"firstname\"},\"list\":{\"label\":\"updatedBy\",\"searchable\":true,\"sortable\":true}}},\"layouts\":{\"list\":[\"id\",\"name\",\"avatar\",\"email\"],\"edit\":[[{\"name\":\"name\",\"size\":6},{\"name\":\"avatar\",\"size\":6}],[{\"name\":\"email\",\"size\":6},{\"name\":\"articles\",\"size\":6}]]},\"uid\":\"api::author.author\"}','object',NULL,NULL),(19,'plugin_content_manager_configuration_content_types::api::category.category','{\"settings\":{\"bulkable\":true,\"filterable\":true,\"searchable\":true,\"pageSize\":10,\"mainField\":\"name\",\"defaultSortBy\":\"name\",\"defaultSortOrder\":\"ASC\"},\"metadatas\":{\"id\":{\"edit\":{},\"list\":{\"label\":\"id\",\"searchable\":true,\"sortable\":true}},\"name\":{\"edit\":{\"label\":\"name\",\"description\":\"\",\"placeholder\":\"\",\"visible\":true,\"editable\":true},\"list\":{\"label\":\"name\",\"searchable\":true,\"sortable\":true}},\"slug\":{\"edit\":{\"label\":\"slug\",\"description\":\"\",\"placeholder\":\"\",\"visible\":true,\"editable\":true},\"list\":{\"label\":\"slug\",\"searchable\":true,\"sortable\":true}},\"articles\":{\"edit\":{\"label\":\"articles\",\"description\":\"\",\"placeholder\":\"\",\"visible\":true,\"editable\":true,\"mainField\":\"title\"},\"list\":{\"label\":\"articles\",\"searchable\":false,\"sortable\":false}},\"description\":{\"edit\":{\"label\":\"description\",\"description\":\"\",\"placeholder\":\"\",\"visible\":true,\"editable\":true},\"list\":{\"label\":\"description\",\"searchable\":true,\"sortable\":true}},\"createdAt\":{\"edit\":{\"label\":\"createdAt\",\"description\":\"\",\"placeholder\":\"\",\"visible\":false,\"editable\":true},\"list\":{\"label\":\"createdAt\",\"searchable\":true,\"sortable\":true}},\"updatedAt\":{\"edit\":{\"label\":\"updatedAt\",\"description\":\"\",\"placeholder\":\"\",\"visible\":false,\"editable\":true},\"list\":{\"label\":\"updatedAt\",\"searchable\":true,\"sortable\":true}},\"createdBy\":{\"edit\":{\"label\":\"createdBy\",\"description\":\"\",\"placeholder\":\"\",\"visible\":false,\"editable\":true,\"mainField\":\"firstname\"},\"list\":{\"label\":\"createdBy\",\"searchable\":true,\"sortable\":true}},\"updatedBy\":{\"edit\":{\"label\":\"updatedBy\",\"description\":\"\",\"placeholder\":\"\",\"visible\":false,\"editable\":true,\"mainField\":\"firstname\"},\"list\":{\"label\":\"updatedBy\",\"searchable\":true,\"sortable\":true}}},\"layouts\":{\"list\":[\"id\",\"name\",\"slug\",\"articles\"],\"edit\":[[{\"name\":\"name\",\"size\":6},{\"name\":\"slug\",\"size\":6}],[{\"name\":\"articles\",\"size\":6},{\"name\":\"description\",\"size\":6}]]},\"uid\":\"api::category.category\"}','object',NULL,NULL),(20,'plugin_content_manager_configuration_content_types::api::global.global','{\"settings\":{\"bulkable\":true,\"filterable\":true,\"searchable\":true,\"pageSize\":10,\"mainField\":\"siteName\",\"defaultSortBy\":\"siteName\",\"defaultSortOrder\":\"ASC\"},\"metadatas\":{\"id\":{\"edit\":{},\"list\":{\"label\":\"id\",\"searchable\":true,\"sortable\":true}},\"siteName\":{\"edit\":{\"label\":\"siteName\",\"description\":\"\",\"placeholder\":\"\",\"visible\":true,\"editable\":true},\"list\":{\"label\":\"siteName\",\"searchable\":true,\"sortable\":true}},\"favicon\":{\"edit\":{\"label\":\"favicon\",\"description\":\"\",\"placeholder\":\"\",\"visible\":true,\"editable\":true},\"list\":{\"label\":\"favicon\",\"searchable\":false,\"sortable\":false}},\"siteDescription\":{\"edit\":{\"label\":\"siteDescription\",\"description\":\"\",\"placeholder\":\"\",\"visible\":true,\"editable\":true},\"list\":{\"label\":\"siteDescription\",\"searchable\":true,\"sortable\":true}},\"defaultSeo\":{\"edit\":{\"label\":\"defaultSeo\",\"description\":\"\",\"placeholder\":\"\",\"visible\":true,\"editable\":true},\"list\":{\"label\":\"defaultSeo\",\"searchable\":false,\"sortable\":false}},\"createdAt\":{\"edit\":{\"label\":\"createdAt\",\"description\":\"\",\"placeholder\":\"\",\"visible\":false,\"editable\":true},\"list\":{\"label\":\"createdAt\",\"searchable\":true,\"sortable\":true}},\"updatedAt\":{\"edit\":{\"label\":\"updatedAt\",\"description\":\"\",\"placeholder\":\"\",\"visible\":false,\"editable\":true},\"list\":{\"label\":\"updatedAt\",\"searchable\":true,\"sortable\":true}},\"createdBy\":{\"edit\":{\"label\":\"createdBy\",\"description\":\"\",\"placeholder\":\"\",\"visible\":false,\"editable\":true,\"mainField\":\"firstname\"},\"list\":{\"label\":\"createdBy\",\"searchable\":true,\"sortable\":true}},\"updatedBy\":{\"edit\":{\"label\":\"updatedBy\",\"description\":\"\",\"placeholder\":\"\",\"visible\":false,\"editable\":true,\"mainField\":\"firstname\"},\"list\":{\"label\":\"updatedBy\",\"searchable\":true,\"sortable\":true}}},\"layouts\":{\"list\":[\"id\",\"siteName\",\"favicon\",\"siteDescription\"],\"edit\":[[{\"name\":\"siteName\",\"size\":6},{\"name\":\"favicon\",\"size\":6}],[{\"name\":\"siteDescription\",\"size\":6}],[{\"name\":\"defaultSeo\",\"size\":12}]]},\"uid\":\"api::global.global\"}','object',NULL,NULL),(21,'plugin_content_manager_configuration_content_types::admin::permission','{\"settings\":{\"bulkable\":true,\"filterable\":true,\"searchable\":true,\"pageSize\":10,\"mainField\":\"action\",\"defaultSortBy\":\"action\",\"defaultSortOrder\":\"ASC\"},\"metadatas\":{\"id\":{\"edit\":{},\"list\":{\"label\":\"id\",\"searchable\":true,\"sortable\":true}},\"action\":{\"edit\":{\"label\":\"action\",\"description\":\"\",\"placeholder\":\"\",\"visible\":true,\"editable\":true},\"list\":{\"label\":\"action\",\"searchable\":true,\"sortable\":true}},\"actionParameters\":{\"edit\":{\"label\":\"actionParameters\",\"description\":\"\",\"placeholder\":\"\",\"visible\":true,\"editable\":true},\"list\":{\"label\":\"actionParameters\",\"searchable\":false,\"sortable\":false}},\"subject\":{\"edit\":{\"label\":\"subject\",\"description\":\"\",\"placeholder\":\"\",\"visible\":true,\"editable\":true},\"list\":{\"label\":\"subject\",\"searchable\":true,\"sortable\":true}},\"properties\":{\"edit\":{\"label\":\"properties\",\"description\":\"\",\"placeholder\":\"\",\"visible\":true,\"editable\":true},\"list\":{\"label\":\"properties\",\"searchable\":false,\"sortable\":false}},\"conditions\":{\"edit\":{\"label\":\"conditions\",\"description\":\"\",\"placeholder\":\"\",\"visible\":true,\"editable\":true},\"list\":{\"label\":\"conditions\",\"searchable\":false,\"sortable\":false}},\"role\":{\"edit\":{\"label\":\"role\",\"description\":\"\",\"placeholder\":\"\",\"visible\":true,\"editable\":true,\"mainField\":\"name\"},\"list\":{\"label\":\"role\",\"searchable\":true,\"sortable\":true}},\"createdAt\":{\"edit\":{\"label\":\"createdAt\",\"description\":\"\",\"placeholder\":\"\",\"visible\":false,\"editable\":true},\"list\":{\"label\":\"createdAt\",\"searchable\":true,\"sortable\":true}},\"updatedAt\":{\"edit\":{\"label\":\"updatedAt\",\"description\":\"\",\"placeholder\":\"\",\"visible\":false,\"editable\":true},\"list\":{\"label\":\"updatedAt\",\"searchable\":true,\"sortable\":true}},\"createdBy\":{\"edit\":{\"label\":\"createdBy\",\"description\":\"\",\"placeholder\":\"\",\"visible\":false,\"editable\":true,\"mainField\":\"firstname\"},\"list\":{\"label\":\"createdBy\",\"searchable\":true,\"sortable\":true}},\"updatedBy\":{\"edit\":{\"label\":\"updatedBy\",\"description\":\"\",\"placeholder\":\"\",\"visible\":false,\"editable\":true,\"mainField\":\"firstname\"},\"list\":{\"label\":\"updatedBy\",\"searchable\":true,\"sortable\":true}}},\"layouts\":{\"list\":[\"id\",\"action\",\"subject\",\"role\"],\"edit\":[[{\"name\":\"action\",\"size\":6}],[{\"name\":\"actionParameters\",\"size\":12}],[{\"name\":\"subject\",\"size\":6}],[{\"name\":\"properties\",\"size\":12}],[{\"name\":\"conditions\",\"size\":12}],[{\"name\":\"role\",\"size\":6}]]},\"uid\":\"admin::permission\"}','object',NULL,NULL),(22,'plugin_content_manager_configuration_content_types::admin::role','{\"settings\":{\"bulkable\":true,\"filterable\":true,\"searchable\":true,\"pageSize\":10,\"mainField\":\"name\",\"defaultSortBy\":\"name\",\"defaultSortOrder\":\"ASC\"},\"metadatas\":{\"id\":{\"edit\":{},\"list\":{\"label\":\"id\",\"searchable\":true,\"sortable\":true}},\"name\":{\"edit\":{\"label\":\"name\",\"description\":\"\",\"placeholder\":\"\",\"visible\":true,\"editable\":true},\"list\":{\"label\":\"name\",\"searchable\":true,\"sortable\":true}},\"code\":{\"edit\":{\"label\":\"code\",\"description\":\"\",\"placeholder\":\"\",\"visible\":true,\"editable\":true},\"list\":{\"label\":\"code\",\"searchable\":true,\"sortable\":true}},\"description\":{\"edit\":{\"label\":\"description\",\"description\":\"\",\"placeholder\":\"\",\"visible\":true,\"editable\":true},\"list\":{\"label\":\"description\",\"searchable\":true,\"sortable\":true}},\"users\":{\"edit\":{\"label\":\"users\",\"description\":\"\",\"placeholder\":\"\",\"visible\":true,\"editable\":true,\"mainField\":\"firstname\"},\"list\":{\"label\":\"users\",\"searchable\":false,\"sortable\":false}},\"permissions\":{\"edit\":{\"label\":\"permissions\",\"description\":\"\",\"placeholder\":\"\",\"visible\":true,\"editable\":true,\"mainField\":\"action\"},\"list\":{\"label\":\"permissions\",\"searchable\":false,\"sortable\":false}},\"createdAt\":{\"edit\":{\"label\":\"createdAt\",\"description\":\"\",\"placeholder\":\"\",\"visible\":false,\"editable\":true},\"list\":{\"label\":\"createdAt\",\"searchable\":true,\"sortable\":true}},\"updatedAt\":{\"edit\":{\"label\":\"updatedAt\",\"description\":\"\",\"placeholder\":\"\",\"visible\":false,\"editable\":true},\"list\":{\"label\":\"updatedAt\",\"searchable\":true,\"sortable\":true}},\"createdBy\":{\"edit\":{\"label\":\"createdBy\",\"description\":\"\",\"placeholder\":\"\",\"visible\":false,\"editable\":true,\"mainField\":\"firstname\"},\"list\":{\"label\":\"createdBy\",\"searchable\":true,\"sortable\":true}},\"updatedBy\":{\"edit\":{\"label\":\"updatedBy\",\"description\":\"\",\"placeholder\":\"\",\"visible\":false,\"editable\":true,\"mainField\":\"firstname\"},\"list\":{\"label\":\"updatedBy\",\"searchable\":true,\"sortable\":true}}},\"layouts\":{\"list\":[\"id\",\"name\",\"code\",\"description\"],\"edit\":[[{\"name\":\"name\",\"size\":6},{\"name\":\"code\",\"size\":6}],[{\"name\":\"description\",\"size\":6},{\"name\":\"users\",\"size\":6}],[{\"name\":\"permissions\",\"size\":6}]]},\"uid\":\"admin::role\"}','object',NULL,NULL),(23,'plugin_content_manager_configuration_content_types::admin::api-token','{\"settings\":{\"bulkable\":true,\"filterable\":true,\"searchable\":true,\"pageSize\":10,\"mainField\":\"name\",\"defaultSortBy\":\"name\",\"defaultSortOrder\":\"ASC\"},\"metadatas\":{\"id\":{\"edit\":{},\"list\":{\"label\":\"id\",\"searchable\":true,\"sortable\":true}},\"name\":{\"edit\":{\"label\":\"name\",\"description\":\"\",\"placeholder\":\"\",\"visible\":true,\"editable\":true},\"list\":{\"label\":\"name\",\"searchable\":true,\"sortable\":true}},\"description\":{\"edit\":{\"label\":\"description\",\"description\":\"\",\"placeholder\":\"\",\"visible\":true,\"editable\":true},\"list\":{\"label\":\"description\",\"searchable\":true,\"sortable\":true}},\"type\":{\"edit\":{\"label\":\"type\",\"description\":\"\",\"placeholder\":\"\",\"visible\":true,\"editable\":true},\"list\":{\"label\":\"type\",\"searchable\":true,\"sortable\":true}},\"accessKey\":{\"edit\":{\"label\":\"accessKey\",\"description\":\"\",\"placeholder\":\"\",\"visible\":true,\"editable\":true},\"list\":{\"label\":\"accessKey\",\"searchable\":true,\"sortable\":true}},\"lastUsedAt\":{\"edit\":{\"label\":\"lastUsedAt\",\"description\":\"\",\"placeholder\":\"\",\"visible\":true,\"editable\":true},\"list\":{\"label\":\"lastUsedAt\",\"searchable\":true,\"sortable\":true}},\"permissions\":{\"edit\":{\"label\":\"permissions\",\"description\":\"\",\"placeholder\":\"\",\"visible\":true,\"editable\":true,\"mainField\":\"action\"},\"list\":{\"label\":\"permissions\",\"searchable\":false,\"sortable\":false}},\"expiresAt\":{\"edit\":{\"label\":\"expiresAt\",\"description\":\"\",\"placeholder\":\"\",\"visible\":true,\"editable\":true},\"list\":{\"label\":\"expiresAt\",\"searchable\":true,\"sortable\":true}},\"lifespan\":{\"edit\":{\"label\":\"lifespan\",\"description\":\"\",\"placeholder\":\"\",\"visible\":true,\"editable\":true},\"list\":{\"label\":\"lifespan\",\"searchable\":true,\"sortable\":true}},\"createdAt\":{\"edit\":{\"label\":\"createdAt\",\"description\":\"\",\"placeholder\":\"\",\"visible\":false,\"editable\":true},\"list\":{\"label\":\"createdAt\",\"searchable\":true,\"sortable\":true}},\"updatedAt\":{\"edit\":{\"label\":\"updatedAt\",\"description\":\"\",\"placeholder\":\"\",\"visible\":false,\"editable\":true},\"list\":{\"label\":\"updatedAt\",\"searchable\":true,\"sortable\":true}},\"createdBy\":{\"edit\":{\"label\":\"createdBy\",\"description\":\"\",\"placeholder\":\"\",\"visible\":false,\"editable\":true,\"mainField\":\"firstname\"},\"list\":{\"label\":\"createdBy\",\"searchable\":true,\"sortable\":true}},\"updatedBy\":{\"edit\":{\"label\":\"updatedBy\",\"description\":\"\",\"placeholder\":\"\",\"visible\":false,\"editable\":true,\"mainField\":\"firstname\"},\"list\":{\"label\":\"updatedBy\",\"searchable\":true,\"sortable\":true}}},\"layouts\":{\"list\":[\"id\",\"name\",\"description\",\"type\"],\"edit\":[[{\"name\":\"name\",\"size\":6},{\"name\":\"description\",\"size\":6}],[{\"name\":\"type\",\"size\":6},{\"name\":\"accessKey\",\"size\":6}],[{\"name\":\"lastUsedAt\",\"size\":6},{\"name\":\"permissions\",\"size\":6}],[{\"name\":\"expiresAt\",\"size\":6},{\"name\":\"lifespan\",\"size\":4}]]},\"uid\":\"admin::api-token\"}','object',NULL,NULL),(24,'plugin_content_manager_configuration_content_types::admin::api-token-permission','{\"settings\":{\"bulkable\":true,\"filterable\":true,\"searchable\":true,\"pageSize\":10,\"mainField\":\"action\",\"defaultSortBy\":\"action\",\"defaultSortOrder\":\"ASC\"},\"metadatas\":{\"id\":{\"edit\":{},\"list\":{\"label\":\"id\",\"searchable\":true,\"sortable\":true}},\"action\":{\"edit\":{\"label\":\"action\",\"description\":\"\",\"placeholder\":\"\",\"visible\":true,\"editable\":true},\"list\":{\"label\":\"action\",\"searchable\":true,\"sortable\":true}},\"token\":{\"edit\":{\"label\":\"token\",\"description\":\"\",\"placeholder\":\"\",\"visible\":true,\"editable\":true,\"mainField\":\"name\"},\"list\":{\"label\":\"token\",\"searchable\":true,\"sortable\":true}},\"createdAt\":{\"edit\":{\"label\":\"createdAt\",\"description\":\"\",\"placeholder\":\"\",\"visible\":false,\"editable\":true},\"list\":{\"label\":\"createdAt\",\"searchable\":true,\"sortable\":true}},\"updatedAt\":{\"edit\":{\"label\":\"updatedAt\",\"description\":\"\",\"placeholder\":\"\",\"visible\":false,\"editable\":true},\"list\":{\"label\":\"updatedAt\",\"searchable\":true,\"sortable\":true}},\"createdBy\":{\"edit\":{\"label\":\"createdBy\",\"description\":\"\",\"placeholder\":\"\",\"visible\":false,\"editable\":true,\"mainField\":\"firstname\"},\"list\":{\"label\":\"createdBy\",\"searchable\":true,\"sortable\":true}},\"updatedBy\":{\"edit\":{\"label\":\"updatedBy\",\"description\":\"\",\"placeholder\":\"\",\"visible\":false,\"editable\":true,\"mainField\":\"firstname\"},\"list\":{\"label\":\"updatedBy\",\"searchable\":true,\"sortable\":true}}},\"layouts\":{\"list\":[\"id\",\"action\",\"token\",\"createdAt\"],\"edit\":[[{\"name\":\"action\",\"size\":6},{\"name\":\"token\",\"size\":6}]]},\"uid\":\"admin::api-token-permission\"}','object',NULL,NULL),(25,'plugin_content_manager_configuration_content_types::plugin::users-permissions.permission','{\"settings\":{\"bulkable\":true,\"filterable\":true,\"searchable\":true,\"pageSize\":10,\"mainField\":\"action\",\"defaultSortBy\":\"action\",\"defaultSortOrder\":\"ASC\"},\"metadatas\":{\"id\":{\"edit\":{},\"list\":{\"label\":\"id\",\"searchable\":true,\"sortable\":true}},\"action\":{\"edit\":{\"label\":\"action\",\"description\":\"\",\"placeholder\":\"\",\"visible\":true,\"editable\":true},\"list\":{\"label\":\"action\",\"searchable\":true,\"sortable\":true}},\"role\":{\"edit\":{\"label\":\"role\",\"description\":\"\",\"placeholder\":\"\",\"visible\":true,\"editable\":true,\"mainField\":\"name\"},\"list\":{\"label\":\"role\",\"searchable\":true,\"sortable\":true}},\"createdAt\":{\"edit\":{\"label\":\"createdAt\",\"description\":\"\",\"placeholder\":\"\",\"visible\":false,\"editable\":true},\"list\":{\"label\":\"createdAt\",\"searchable\":true,\"sortable\":true}},\"updatedAt\":{\"edit\":{\"label\":\"updatedAt\",\"description\":\"\",\"placeholder\":\"\",\"visible\":false,\"editable\":true},\"list\":{\"label\":\"updatedAt\",\"searchable\":true,\"sortable\":true}},\"createdBy\":{\"edit\":{\"label\":\"createdBy\",\"description\":\"\",\"placeholder\":\"\",\"visible\":false,\"editable\":true,\"mainField\":\"firstname\"},\"list\":{\"label\":\"createdBy\",\"searchable\":true,\"sortable\":true}},\"updatedBy\":{\"edit\":{\"label\":\"updatedBy\",\"description\":\"\",\"placeholder\":\"\",\"visible\":false,\"editable\":true,\"mainField\":\"firstname\"},\"list\":{\"label\":\"updatedBy\",\"searchable\":true,\"sortable\":true}}},\"layouts\":{\"list\":[\"id\",\"action\",\"role\",\"createdAt\"],\"edit\":[[{\"name\":\"action\",\"size\":6},{\"name\":\"role\",\"size\":6}]]},\"uid\":\"plugin::users-permissions.permission\"}','object',NULL,NULL),(26,'plugin_content_manager_configuration_content_types::admin::user','{\"settings\":{\"bulkable\":true,\"filterable\":true,\"searchable\":true,\"pageSize\":10,\"mainField\":\"firstname\",\"defaultSortBy\":\"firstname\",\"defaultSortOrder\":\"ASC\"},\"metadatas\":{\"id\":{\"edit\":{},\"list\":{\"label\":\"id\",\"searchable\":true,\"sortable\":true}},\"firstname\":{\"edit\":{\"label\":\"firstname\",\"description\":\"\",\"placeholder\":\"\",\"visible\":true,\"editable\":true},\"list\":{\"label\":\"firstname\",\"searchable\":true,\"sortable\":true}},\"lastname\":{\"edit\":{\"label\":\"lastname\",\"description\":\"\",\"placeholder\":\"\",\"visible\":true,\"editable\":true},\"list\":{\"label\":\"lastname\",\"searchable\":true,\"sortable\":true}},\"username\":{\"edit\":{\"label\":\"username\",\"description\":\"\",\"placeholder\":\"\",\"visible\":true,\"editable\":true},\"list\":{\"label\":\"username\",\"searchable\":true,\"sortable\":true}},\"email\":{\"edit\":{\"label\":\"email\",\"description\":\"\",\"placeholder\":\"\",\"visible\":true,\"editable\":true},\"list\":{\"label\":\"email\",\"searchable\":true,\"sortable\":true}},\"password\":{\"edit\":{\"label\":\"password\",\"description\":\"\",\"placeholder\":\"\",\"visible\":true,\"editable\":true},\"list\":{\"label\":\"password\",\"searchable\":true,\"sortable\":true}},\"resetPasswordToken\":{\"edit\":{\"label\":\"resetPasswordToken\",\"description\":\"\",\"placeholder\":\"\",\"visible\":false,\"editable\":true},\"list\":{\"label\":\"resetPasswordToken\",\"searchable\":true,\"sortable\":true}},\"registrationToken\":{\"edit\":{\"label\":\"registrationToken\",\"description\":\"\",\"placeholder\":\"\",\"visible\":false,\"editable\":true},\"list\":{\"label\":\"registrationToken\",\"searchable\":true,\"sortable\":true}},\"isActive\":{\"edit\":{\"label\":\"isActive\",\"description\":\"\",\"placeholder\":\"\",\"visible\":true,\"editable\":true},\"list\":{\"label\":\"isActive\",\"searchable\":true,\"sortable\":true}},\"roles\":{\"edit\":{\"label\":\"roles\",\"description\":\"\",\"placeholder\":\"\",\"visible\":true,\"editable\":true,\"mainField\":\"name\"},\"list\":{\"label\":\"roles\",\"searchable\":false,\"sortable\":false}},\"blocked\":{\"edit\":{\"label\":\"blocked\",\"description\":\"\",\"placeholder\":\"\",\"visible\":true,\"editable\":true},\"list\":{\"label\":\"blocked\",\"searchable\":true,\"sortable\":true}},\"preferedLanguage\":{\"edit\":{\"label\":\"preferedLanguage\",\"description\":\"\",\"placeholder\":\"\",\"visible\":true,\"editable\":true},\"list\":{\"label\":\"preferedLanguage\",\"searchable\":true,\"sortable\":true}},\"createdAt\":{\"edit\":{\"label\":\"createdAt\",\"description\":\"\",\"placeholder\":\"\",\"visible\":false,\"editable\":true},\"list\":{\"label\":\"createdAt\",\"searchable\":true,\"sortable\":true}},\"updatedAt\":{\"edit\":{\"label\":\"updatedAt\",\"description\":\"\",\"placeholder\":\"\",\"visible\":false,\"editable\":true},\"list\":{\"label\":\"updatedAt\",\"searchable\":true,\"sortable\":true}},\"createdBy\":{\"edit\":{\"label\":\"createdBy\",\"description\":\"\",\"placeholder\":\"\",\"visible\":false,\"editable\":true,\"mainField\":\"firstname\"},\"list\":{\"label\":\"createdBy\",\"searchable\":true,\"sortable\":true}},\"updatedBy\":{\"edit\":{\"label\":\"updatedBy\",\"description\":\"\",\"placeholder\":\"\",\"visible\":false,\"editable\":true,\"mainField\":\"firstname\"},\"list\":{\"label\":\"updatedBy\",\"searchable\":true,\"sortable\":true}}},\"layouts\":{\"list\":[\"id\",\"firstname\",\"lastname\",\"username\"],\"edit\":[[{\"name\":\"firstname\",\"size\":6},{\"name\":\"lastname\",\"size\":6}],[{\"name\":\"username\",\"size\":6},{\"name\":\"email\",\"size\":6}],[{\"name\":\"password\",\"size\":6},{\"name\":\"isActive\",\"size\":4}],[{\"name\":\"roles\",\"size\":6},{\"name\":\"blocked\",\"size\":4}],[{\"name\":\"preferedLanguage\",\"size\":6}]]},\"uid\":\"admin::user\"}','object',NULL,NULL),(27,'plugin_content_manager_configuration_content_types::admin::transfer-token-permission','{\"settings\":{\"bulkable\":true,\"filterable\":true,\"searchable\":true,\"pageSize\":10,\"mainField\":\"action\",\"defaultSortBy\":\"action\",\"defaultSortOrder\":\"ASC\"},\"metadatas\":{\"id\":{\"edit\":{},\"list\":{\"label\":\"id\",\"searchable\":true,\"sortable\":true}},\"action\":{\"edit\":{\"label\":\"action\",\"description\":\"\",\"placeholder\":\"\",\"visible\":true,\"editable\":true},\"list\":{\"label\":\"action\",\"searchable\":true,\"sortable\":true}},\"token\":{\"edit\":{\"label\":\"token\",\"description\":\"\",\"placeholder\":\"\",\"visible\":true,\"editable\":true,\"mainField\":\"name\"},\"list\":{\"label\":\"token\",\"searchable\":true,\"sortable\":true}},\"createdAt\":{\"edit\":{\"label\":\"createdAt\",\"description\":\"\",\"placeholder\":\"\",\"visible\":false,\"editable\":true},\"list\":{\"label\":\"createdAt\",\"searchable\":true,\"sortable\":true}},\"updatedAt\":{\"edit\":{\"label\":\"updatedAt\",\"description\":\"\",\"placeholder\":\"\",\"visible\":false,\"editable\":true},\"list\":{\"label\":\"updatedAt\",\"searchable\":true,\"sortable\":true}},\"createdBy\":{\"edit\":{\"label\":\"createdBy\",\"description\":\"\",\"placeholder\":\"\",\"visible\":false,\"editable\":true,\"mainField\":\"firstname\"},\"list\":{\"label\":\"createdBy\",\"searchable\":true,\"sortable\":true}},\"updatedBy\":{\"edit\":{\"label\":\"updatedBy\",\"description\":\"\",\"placeholder\":\"\",\"visible\":false,\"editable\":true,\"mainField\":\"firstname\"},\"list\":{\"label\":\"updatedBy\",\"searchable\":true,\"sortable\":true}}},\"layouts\":{\"list\":[\"id\",\"action\",\"token\",\"createdAt\"],\"edit\":[[{\"name\":\"action\",\"size\":6},{\"name\":\"token\",\"size\":6}]]},\"uid\":\"admin::transfer-token-permission\"}','object',NULL,NULL),(28,'plugin_content_manager_configuration_content_types::admin::transfer-token','{\"settings\":{\"bulkable\":true,\"filterable\":true,\"searchable\":true,\"pageSize\":10,\"mainField\":\"name\",\"defaultSortBy\":\"name\",\"defaultSortOrder\":\"ASC\"},\"metadatas\":{\"id\":{\"edit\":{},\"list\":{\"label\":\"id\",\"searchable\":true,\"sortable\":true}},\"name\":{\"edit\":{\"label\":\"name\",\"description\":\"\",\"placeholder\":\"\",\"visible\":true,\"editable\":true},\"list\":{\"label\":\"name\",\"searchable\":true,\"sortable\":true}},\"description\":{\"edit\":{\"label\":\"description\",\"description\":\"\",\"placeholder\":\"\",\"visible\":true,\"editable\":true},\"list\":{\"label\":\"description\",\"searchable\":true,\"sortable\":true}},\"accessKey\":{\"edit\":{\"label\":\"accessKey\",\"description\":\"\",\"placeholder\":\"\",\"visible\":true,\"editable\":true},\"list\":{\"label\":\"accessKey\",\"searchable\":true,\"sortable\":true}},\"lastUsedAt\":{\"edit\":{\"label\":\"lastUsedAt\",\"description\":\"\",\"placeholder\":\"\",\"visible\":true,\"editable\":true},\"list\":{\"label\":\"lastUsedAt\",\"searchable\":true,\"sortable\":true}},\"permissions\":{\"edit\":{\"label\":\"permissions\",\"description\":\"\",\"placeholder\":\"\",\"visible\":true,\"editable\":true,\"mainField\":\"action\"},\"list\":{\"label\":\"permissions\",\"searchable\":false,\"sortable\":false}},\"expiresAt\":{\"edit\":{\"label\":\"expiresAt\",\"description\":\"\",\"placeholder\":\"\",\"visible\":true,\"editable\":true},\"list\":{\"label\":\"expiresAt\",\"searchable\":true,\"sortable\":true}},\"lifespan\":{\"edit\":{\"label\":\"lifespan\",\"description\":\"\",\"placeholder\":\"\",\"visible\":true,\"editable\":true},\"list\":{\"label\":\"lifespan\",\"searchable\":true,\"sortable\":true}},\"createdAt\":{\"edit\":{\"label\":\"createdAt\",\"description\":\"\",\"placeholder\":\"\",\"visible\":false,\"editable\":true},\"list\":{\"label\":\"createdAt\",\"searchable\":true,\"sortable\":true}},\"updatedAt\":{\"edit\":{\"label\":\"updatedAt\",\"description\":\"\",\"placeholder\":\"\",\"visible\":false,\"editable\":true},\"list\":{\"label\":\"updatedAt\",\"searchable\":true,\"sortable\":true}},\"createdBy\":{\"edit\":{\"label\":\"createdBy\",\"description\":\"\",\"placeholder\":\"\",\"visible\":false,\"editable\":true,\"mainField\":\"firstname\"},\"list\":{\"label\":\"createdBy\",\"searchable\":true,\"sortable\":true}},\"updatedBy\":{\"edit\":{\"label\":\"updatedBy\",\"description\":\"\",\"placeholder\":\"\",\"visible\":false,\"editable\":true,\"mainField\":\"firstname\"},\"list\":{\"label\":\"updatedBy\",\"searchable\":true,\"sortable\":true}}},\"layouts\":{\"list\":[\"id\",\"name\",\"description\",\"accessKey\"],\"edit\":[[{\"name\":\"name\",\"size\":6},{\"name\":\"description\",\"size\":6}],[{\"name\":\"accessKey\",\"size\":6},{\"name\":\"lastUsedAt\",\"size\":6}],[{\"name\":\"permissions\",\"size\":6},{\"name\":\"expiresAt\",\"size\":6}],[{\"name\":\"lifespan\",\"size\":4}]]},\"uid\":\"admin::transfer-token\"}','object',NULL,NULL),(29,'plugin_upload_settings','{\"sizeOptimization\":true,\"responsiveDimensions\":true,\"autoOrientation\":false}','object',NULL,NULL),(30,'plugin_upload_view_configuration','{\"pageSize\":10,\"sort\":\"createdAt:DESC\"}','object',NULL,NULL),(31,'plugin_upload_metrics','{\"weeklySchedule\":\"33 48 15 * * 5\"}','object',NULL,NULL),(32,'plugin_i18n_default_locale','\"en\"','string',NULL,NULL),(33,'plugin_users-permissions_grant','{\"email\":{\"icon\":\"envelope\",\"enabled\":true},\"discord\":{\"icon\":\"discord\",\"enabled\":false,\"key\":\"\",\"secret\":\"\",\"callbackUrl\":\"api/auth/discord/callback\",\"scope\":[\"identify\",\"email\"]},\"facebook\":{\"icon\":\"facebook-square\",\"enabled\":false,\"key\":\"\",\"secret\":\"\",\"callbackUrl\":\"api/auth/facebook/callback\",\"scope\":[\"email\"]},\"google\":{\"icon\":\"google\",\"enabled\":false,\"key\":\"\",\"secret\":\"\",\"callbackUrl\":\"api/auth/google/callback\",\"scope\":[\"email\"]},\"github\":{\"icon\":\"github\",\"enabled\":false,\"key\":\"\",\"secret\":\"\",\"callbackUrl\":\"api/auth/github/callback\",\"scope\":[\"user\",\"user:email\"]},\"microsoft\":{\"icon\":\"windows\",\"enabled\":false,\"key\":\"\",\"secret\":\"\",\"callbackUrl\":\"api/auth/microsoft/callback\",\"scope\":[\"user.read\"]},\"twitter\":{\"icon\":\"twitter\",\"enabled\":false,\"key\":\"\",\"secret\":\"\",\"callbackUrl\":\"api/auth/twitter/callback\"},\"instagram\":{\"icon\":\"instagram\",\"enabled\":false,\"key\":\"\",\"secret\":\"\",\"callbackUrl\":\"api/auth/instagram/callback\",\"scope\":[\"user_profile\"]},\"vk\":{\"icon\":\"vk\",\"enabled\":false,\"key\":\"\",\"secret\":\"\",\"callbackUrl\":\"api/auth/vk/callback\",\"scope\":[\"email\"]},\"twitch\":{\"icon\":\"twitch\",\"enabled\":false,\"key\":\"\",\"secret\":\"\",\"callbackUrl\":\"api/auth/twitch/callback\",\"scope\":[\"user:read:email\"]},\"linkedin\":{\"icon\":\"linkedin\",\"enabled\":false,\"key\":\"\",\"secret\":\"\",\"callbackUrl\":\"api/auth/linkedin/callback\",\"scope\":[\"r_liteprofile\",\"r_emailaddress\"]},\"cognito\":{\"icon\":\"aws\",\"enabled\":false,\"key\":\"\",\"secret\":\"\",\"subdomain\":\"my.subdomain.com\",\"callback\":\"api/auth/cognito/callback\",\"scope\":[\"email\",\"openid\",\"profile\"]},\"reddit\":{\"icon\":\"reddit\",\"enabled\":false,\"key\":\"\",\"secret\":\"\",\"callback\":\"api/auth/reddit/callback\",\"scope\":[\"identity\"]},\"auth0\":{\"icon\":\"\",\"enabled\":false,\"key\":\"\",\"secret\":\"\",\"subdomain\":\"my-tenant.eu\",\"callback\":\"api/auth/auth0/callback\",\"scope\":[\"openid\",\"email\",\"profile\"]},\"cas\":{\"icon\":\"book\",\"enabled\":false,\"key\":\"\",\"secret\":\"\",\"callback\":\"api/auth/cas/callback\",\"scope\":[\"openid email\"],\"subdomain\":\"my.subdomain.com/cas\"},\"patreon\":{\"icon\":\"\",\"enabled\":false,\"key\":\"\",\"secret\":\"\",\"callback\":\"api/auth/patreon/callback\",\"scope\":[\"identity\",\"identity[email]\"]},\"keycloak\":{\"icon\":\"\",\"enabled\":false,\"key\":\"\",\"secret\":\"\",\"subdomain\":\"myKeycloakProvider.com/realms/myrealm\",\"callback\":\"api/auth/keycloak/callback\",\"scope\":[\"openid\",\"email\",\"profile\"]}}','object',NULL,NULL),(34,'plugin_users-permissions_email','{\"reset_password\":{\"display\":\"Email.template.reset_password\",\"icon\":\"sync\",\"options\":{\"from\":{\"name\":\"Administration Panel\",\"email\":\"no-reply@strapi.io\"},\"response_email\":\"\",\"object\":\"Reset password\",\"message\":\"<p>We heard that you lost your password. Sorry about that!</p>\\n\\n<p>But dont worry! You can use the following link to reset your password:</p>\\n<p><%= URL %>?code=<%= TOKEN %></p>\\n\\n<p>Thanks.</p>\"}},\"email_confirmation\":{\"display\":\"Email.template.email_confirmation\",\"icon\":\"check-square\",\"options\":{\"from\":{\"name\":\"Administration Panel\",\"email\":\"no-reply@strapi.io\"},\"response_email\":\"\",\"object\":\"Account confirmation\",\"message\":\"<p>Thank you for registering!</p>\\n\\n<p>You have to confirm your email address. Please click on the link below.</p>\\n\\n<p><%= URL %>?confirmation=<%= CODE %></p>\\n\\n<p>Thanks.</p>\"}}}','object',NULL,NULL),(35,'plugin_users-permissions_advanced','{\"unique_email\":true,\"allow_register\":true,\"email_confirmation\":false,\"email_reset_password\":null,\"email_confirmation_redirection\":null,\"default_role\":\"authenticated\"}','object',NULL,NULL),(36,'core_admin_auth','{\"providers\":{\"autoRegister\":false,\"defaultRole\":null,\"ssoLockedRoles\":null}}','object',NULL,NULL),(37,'type_setup_initHasRun','true','boolean','development',NULL);
/*!40000 ALTER TABLE `strapi_core_store_settings` ENABLE KEYS */;
UNLOCK TABLES;

--
-- Table structure for table `strapi_database_schema`
--

DROP TABLE IF EXISTS `strapi_database_schema`;
/*!40101 SET @saved_cs_client     = @@character_set_client */;
/*!50503 SET character_set_client = utf8mb4 */;
CREATE TABLE `strapi_database_schema` (
  `id` int unsigned NOT NULL AUTO_INCREMENT,
  `schema` json DEFAULT NULL,
  `time` datetime DEFAULT NULL,
  `hash` varchar(255) DEFAULT NULL,
  PRIMARY KEY (`id`)
) ENGINE=InnoDB AUTO_INCREMENT=2 DEFAULT CHARSET=utf8mb4 COLLATE=utf8mb4_0900_ai_ci;
/*!40101 SET character_set_client = @saved_cs_client */;

--
-- Dumping data for table `strapi_database_schema`
--

LOCK TABLES `strapi_database_schema` WRITE;
/*!40000 ALTER TABLE `strapi_database_schema` DISABLE KEYS */;
INSERT INTO `strapi_database_schema` VALUES (1,'{\"tables\": [{\"name\": \"files\", \"columns\": [{\"args\": [{\"primary\": true, \"primaryKey\": true}], \"name\": \"id\", \"type\": \"increments\", \"unsigned\": false, \"defaultTo\": null, \"notNullable\": true}, {\"args\": [], \"name\": \"document_id\", \"type\": \"string\", \"unsigned\": false, \"defaultTo\": null, \"notNullable\": false}, {\"args\": [], \"name\": \"name\", \"type\": \"string\", \"unsigned\": false, \"defaultTo\": null, \"notNullable\": false}, {\"args\": [], \"name\": \"alternative_text\", \"type\": \"string\", \"unsigned\": false, \"defaultTo\": null, \"notNullable\": false}, {\"args\": [], \"name\": \"caption\", \"type\": \"string\", \"unsigned\": false, \"defaultTo\": null, \"notNullable\": false}, {\"args\": [], \"name\": \"width\", \"type\": \"integer\", \"unsigned\": false, \"defaultTo\": null, \"notNullable\": false}, {\"args\": [], \"name\": \"height\", \"type\": \"integer\", \"unsigned\": false, \"defaultTo\": null, \"notNullable\": false}, {\"args\": [], \"name\": \"formats\", \"type\": \"jsonb\", \"unsigned\": false, \"defaultTo\": null, \"notNullable\": false}, {\"args\": [], \"name\": \"hash\", \"type\": \"string\", \"unsigned\": false, \"defaultTo\": null, \"notNullable\": false}, {\"args\": [], \"name\": \"ext\", \"type\": \"string\", \"unsigned\": false, \"defaultTo\": null, \"notNullable\": false}, {\"args\": [], \"name\": \"mime\", \"type\": \"string\", \"unsigned\": false, \"defaultTo\": null, \"notNullable\": false}, {\"args\": [10, 2], \"name\": \"size\", \"type\": \"decimal\", \"unsigned\": false, \"defaultTo\": null, \"notNullable\": false}, {\"args\": [], \"name\": \"url\", \"type\": \"string\", \"unsigned\": false, \"defaultTo\": null, \"notNullable\": false}, {\"args\": [], \"name\": \"preview_url\", \"type\": \"string\", \"unsigned\": false, \"defaultTo\": null, \"notNullable\": false}, {\"args\": [], \"name\": \"provider\", \"type\": \"string\", \"unsigned\": false, \"defaultTo\": null, \"notNullable\": false}, {\"args\": [], \"name\": \"provider_metadata\", \"type\": \"jsonb\", \"unsigned\": false, \"defaultTo\": null, \"notNullable\": false}, {\"args\": [], \"name\": \"folder_path\", \"type\": \"string\", \"unsigned\": false, \"defaultTo\": null, \"notNullable\": false}, {\"args\": [{\"useTz\": false, \"precision\": 6}], \"name\": \"created_at\", \"type\": \"datetime\", \"unsigned\": false, \"defaultTo\": null, \"notNullable\": false}, {\"args\": [{\"useTz\": false, \"precision\": 6}], \"name\": \"updated_at\", \"type\": \"datetime\", \"unsigned\": false, \"defaultTo\": null, \"notNullable\": false}, {\"args\": [{\"useTz\": false, \"precision\": 6}], \"name\": \"published_at\", \"type\": \"datetime\", \"unsigned\": false, \"defaultTo\": null, \"notNullable\": false}, {\"args\": [], \"name\": \"created_by_id\", \"type\": \"integer\", \"unsigned\": true, \"defaultTo\": null, \"notNullable\": false}, {\"args\": [], \"name\": \"updated_by_id\", \"type\": \"integer\", \"unsigned\": true, \"defaultTo\": null, \"notNullable\": false}, {\"args\": [], \"name\": \"locale\", \"type\": \"string\", \"unsigned\": false, \"defaultTo\": null, \"notNullable\": false}], \"indexes\": [{\"name\": \"upload_files_folder_path_index\", \"type\": null, \"columns\": [\"folder_path\"]}, {\"name\": \"upload_files_created_at_index\", \"type\": null, \"columns\": [\"created_at\"]}, {\"name\": \"upload_files_updated_at_index\", \"type\": null, \"columns\": [\"updated_at\"]}, {\"name\": \"upload_files_name_index\", \"type\": null, \"columns\": [\"name\"]}, {\"name\": \"upload_files_size_index\", \"type\": null, \"columns\": [\"size\"]}, {\"name\": \"upload_files_ext_index\", \"type\": null, \"columns\": [\"ext\"]}, {\"name\": \"files_documents_idx\", \"columns\": [\"document_id\", \"locale\", \"published_at\"]}, {\"name\": \"files_created_by_id_fk\", \"columns\": [\"created_by_id\"]}, {\"name\": \"files_updated_by_id_fk\", \"columns\": [\"updated_by_id\"]}], \"foreignKeys\": [{\"name\": \"files_created_by_id_fk\", \"columns\": [\"created_by_id\"], \"onDelete\": \"SET NULL\", \"referencedTable\": \"admin_users\", \"referencedColumns\": [\"id\"]}, {\"name\": \"files_updated_by_id_fk\", \"columns\": [\"updated_by_id\"], \"onDelete\": \"SET NULL\", \"referencedTable\": \"admin_users\", \"referencedColumns\": [\"id\"]}]}, {\"name\": \"upload_folders\", \"columns\": [{\"args\": [{\"primary\": true, \"primaryKey\": true}], \"name\": \"id\", \"type\": \"increments\", \"unsigned\": false, \"defaultTo\": null, \"notNullable\": true}, {\"args\": [], \"name\": \"document_id\", \"type\": \"string\", \"unsigned\": false, \"defaultTo\": null, \"notNullable\": false}, {\"args\": [], \"name\": \"name\", \"type\": \"string\", \"unsigned\": false, \"defaultTo\": null, \"notNullable\": false}, {\"args\": [], \"name\": \"path_id\", \"type\": \"integer\", \"unsigned\": false, \"defaultTo\": null, \"notNullable\": false}, {\"args\": [], \"name\": \"path\", \"type\": \"string\", \"unsigned\": false, \"defaultTo\": null, \"notNullable\": false}, {\"args\": [{\"useTz\": false, \"precision\": 6}], \"name\": \"created_at\", \"type\": \"datetime\", \"unsigned\": false, \"defaultTo\": null, \"notNullable\": false}, {\"args\": [{\"useTz\": false, \"precision\": 6}], \"name\": \"updated_at\", \"type\": \"datetime\", \"unsigned\": false, \"defaultTo\": null, \"notNullable\": false}, {\"args\": [{\"useTz\": false, \"precision\": 6}], \"name\": \"published_at\", \"type\": \"datetime\", \"unsigned\": false, \"defaultTo\": null, \"notNullable\": false}, {\"args\": [], \"name\": \"created_by_id\", \"type\": \"integer\", \"unsigned\": true, \"defaultTo\": null, \"notNullable\": false}, {\"args\": [], \"name\": \"updated_by_id\", \"type\": \"integer\", \"unsigned\": true, \"defaultTo\": null, \"notNullable\": false}, {\"args\": [], \"name\": \"locale\", \"type\": \"string\", \"unsigned\": false, \"defaultTo\": null, \"notNullable\": false}], \"indexes\": [{\"name\": \"upload_folders_path_id_index\", \"type\": \"unique\", \"columns\": [\"path_id\"]}, {\"name\": \"upload_folders_path_index\", \"type\": \"unique\", \"columns\": [\"path\"]}, {\"name\": \"upload_folders_documents_idx\", \"columns\": [\"document_id\", \"locale\", \"published_at\"]}, {\"name\": \"upload_folders_created_by_id_fk\", \"columns\": [\"created_by_id\"]}, {\"name\": \"upload_folders_updated_by_id_fk\", \"columns\": [\"updated_by_id\"]}], \"foreignKeys\": [{\"name\": \"upload_folders_created_by_id_fk\", \"columns\": [\"created_by_id\"], \"onDelete\": \"SET NULL\", \"referencedTable\": \"admin_users\", \"referencedColumns\": [\"id\"]}, {\"name\": \"upload_folders_updated_by_id_fk\", \"columns\": [\"updated_by_id\"], \"onDelete\": \"SET NULL\", \"referencedTable\": \"admin_users\", \"referencedColumns\": [\"id\"]}]}, {\"name\": \"i18n_locale\", \"columns\": [{\"args\": [{\"primary\": true, \"primaryKey\": true}], \"name\": \"id\", \"type\": \"increments\", \"unsigned\": false, \"defaultTo\": null, \"notNullable\": true}, {\"args\": [], \"name\": \"document_id\", \"type\": \"string\", \"unsigned\": false, \"defaultTo\": null, \"notNullable\": false}, {\"args\": [], \"name\": \"name\", \"type\": \"string\", \"unsigned\": false, \"defaultTo\": null, \"notNullable\": false}, {\"args\": [], \"name\": \"code\", \"type\": \"string\", \"unsigned\": false, \"defaultTo\": null, \"notNullable\": false}, {\"args\": [{\"useTz\": false, \"precision\": 6}], \"name\": \"created_at\", \"type\": \"datetime\", \"unsigned\": false, \"defaultTo\": null, \"notNullable\": false}, {\"args\": [{\"useTz\": false, \"precision\": 6}], \"name\": \"updated_at\", \"type\": \"datetime\", \"unsigned\": false, \"defaultTo\": null, \"notNullable\": false}, {\"args\": [{\"useTz\": false, \"precision\": 6}], \"name\": \"published_at\", \"type\": \"datetime\", \"unsigned\": false, \"defaultTo\": null, \"notNullable\": false}, {\"args\": [], \"name\": \"created_by_id\", \"type\": \"integer\", \"unsigned\": true, \"defaultTo\": null, \"notNullable\": false}, {\"args\": [], \"name\": \"updated_by_id\", \"type\": \"integer\", \"unsigned\": true, \"defaultTo\": null, \"notNullable\": false}, {\"args\": [], \"name\": \"locale\", \"type\": \"string\", \"unsigned\": false, \"defaultTo\": null, \"notNullable\": false}], \"indexes\": [{\"name\": \"i18n_locale_documents_idx\", \"columns\": [\"document_id\", \"locale\", \"published_at\"]}, {\"name\": \"i18n_locale_created_by_id_fk\", \"columns\": [\"created_by_id\"]}, {\"name\": \"i18n_locale_updated_by_id_fk\", \"columns\": [\"updated_by_id\"]}], \"foreignKeys\": [{\"name\": \"i18n_locale_created_by_id_fk\", \"columns\": [\"created_by_id\"], \"onDelete\": \"SET NULL\", \"referencedTable\": \"admin_users\", \"referencedColumns\": [\"id\"]}, {\"name\": \"i18n_locale_updated_by_id_fk\", \"columns\": [\"updated_by_id\"], \"onDelete\": \"SET NULL\", \"referencedTable\": \"admin_users\", \"referencedColumns\": [\"id\"]}]}, {\"name\": \"strapi_releases\", \"columns\": [{\"args\": [{\"primary\": true, \"primaryKey\": true}], \"name\": \"id\", \"type\": \"increments\", \"unsigned\": false, \"defaultTo\": null, \"notNullable\": true}, {\"args\": [], \"name\": \"document_id\", \"type\": \"string\", \"unsigned\": false, \"defaultTo\": null, \"notNullable\": false}, {\"args\": [], \"name\": \"name\", \"type\": \"string\", \"unsigned\": false, \"defaultTo\": null, \"notNullable\": false}, {\"args\": [{\"useTz\": false, \"precision\": 6}], \"name\": \"released_at\", \"type\": \"datetime\", \"unsigned\": false, \"defaultTo\": null, \"notNullable\": false}, {\"args\": [{\"useTz\": false, \"precision\": 6}], \"name\": \"scheduled_at\", \"type\": \"datetime\", \"unsigned\": false, \"defaultTo\": null, \"notNullable\": false}, {\"args\": [], \"name\": \"timezone\", \"type\": \"string\", \"unsigned\": false, \"defaultTo\": null, \"notNullable\": false}, {\"args\": [], \"name\": \"status\", \"type\": \"string\", \"unsigned\": false, \"defaultTo\": null, \"notNullable\": false}, {\"args\": [{\"useTz\": false, \"precision\": 6}], \"name\": \"created_at\", \"type\": \"datetime\", \"unsigned\": false, \"defaultTo\": null, \"notNullable\": false}, {\"args\": [{\"useTz\": false, \"precision\": 6}], \"name\": \"updated_at\", \"type\": \"datetime\", \"unsigned\": false, \"defaultTo\": null, \"notNullable\": false}, {\"args\": [{\"useTz\": false, \"precision\": 6}], \"name\": \"published_at\", \"type\": \"datetime\", \"unsigned\": false, \"defaultTo\": null, \"notNullable\": false}, {\"args\": [], \"name\": \"created_by_id\", \"type\": \"integer\", \"unsigned\": true, \"defaultTo\": null, \"notNullable\": false}, {\"args\": [], \"name\": \"updated_by_id\", \"type\": \"integer\", \"unsigned\": true, \"defaultTo\": null, \"notNullable\": false}, {\"args\": [], \"name\": \"locale\", \"type\": \"string\", \"unsigned\": false, \"defaultTo\": null, \"notNullable\": false}], \"indexes\": [{\"name\": \"strapi_releases_documents_idx\", \"columns\": [\"document_id\", \"locale\", \"published_at\"]}, {\"name\": \"strapi_releases_created_by_id_fk\", \"columns\": [\"created_by_id\"]}, {\"name\": \"strapi_releases_updated_by_id_fk\", \"columns\": [\"updated_by_id\"]}], \"foreignKeys\": [{\"name\": \"strapi_releases_created_by_id_fk\", \"columns\": [\"created_by_id\"], \"onDelete\": \"SET NULL\", \"referencedTable\": \"admin_users\", \"referencedColumns\": [\"id\"]}, {\"name\": \"strapi_releases_updated_by_id_fk\", \"columns\": [\"updated_by_id\"], \"onDelete\": \"SET NULL\", \"referencedTable\": \"admin_users\", \"referencedColumns\": [\"id\"]}]}, {\"name\": \"strapi_release_actions\", \"columns\": [{\"args\": [{\"primary\": true, \"primaryKey\": true}], \"name\": \"id\", \"type\": \"increments\", \"unsigned\": false, \"defaultTo\": null, \"notNullable\": true}, {\"args\": [], \"name\": \"document_id\", \"type\": \"string\", \"unsigned\": false, \"defaultTo\": null, \"notNullable\": false}, {\"args\": [], \"name\": \"type\", \"type\": \"string\", \"unsigned\": false, \"defaultTo\": null, \"notNullable\": false}, {\"args\": [], \"name\": \"content_type\", \"type\": \"string\", \"unsigned\": false, \"defaultTo\": null, \"notNullable\": false}, {\"args\": [], \"name\": \"entry_document_id\", \"type\": \"string\", \"unsigned\": false, \"defaultTo\": null, \"notNullable\": false}, {\"args\": [], \"name\": \"locale\", \"type\": \"string\", \"unsigned\": false, \"defaultTo\": null, \"notNullable\": false}, {\"args\": [], \"name\": \"is_entry_valid\", \"type\": \"boolean\", \"unsigned\": false, \"defaultTo\": null, \"notNullable\": false}, {\"args\": [{\"useTz\": false, \"precision\": 6}], \"name\": \"created_at\", \"type\": \"datetime\", \"unsigned\": false, \"defaultTo\": null, \"notNullable\": false}, {\"args\": [{\"useTz\": false, \"precision\": 6}], \"name\": \"updated_at\", \"type\": \"datetime\", \"unsigned\": false, \"defaultTo\": null, \"notNullable\": false}, {\"args\": [{\"useTz\": false, \"precision\": 6}], \"name\": \"published_at\", \"type\": \"datetime\", \"unsigned\": false, \"defaultTo\": null, \"notNullable\": false}, {\"args\": [], \"name\": \"created_by_id\", \"type\": \"integer\", \"unsigned\": true, \"defaultTo\": null, \"notNullable\": false}, {\"args\": [], \"name\": \"updated_by_id\", \"type\": \"integer\", \"unsigned\": true, \"defaultTo\": null, \"notNullable\": false}], \"indexes\": [{\"name\": \"strapi_release_actions_documents_idx\", \"columns\": [\"document_id\", \"locale\", \"published_at\"]}, {\"name\": \"strapi_release_actions_created_by_id_fk\", \"columns\": [\"created_by_id\"]}, {\"name\": \"strapi_release_actions_updated_by_id_fk\", \"columns\": [\"updated_by_id\"]}], \"foreignKeys\": [{\"name\": \"strapi_release_actions_created_by_id_fk\", \"columns\": [\"created_by_id\"], \"onDelete\": \"SET NULL\", \"referencedTable\": \"admin_users\", \"referencedColumns\": [\"id\"]}, {\"name\": \"strapi_release_actions_updated_by_id_fk\", \"columns\": [\"updated_by_id\"], \"onDelete\": \"SET NULL\", \"referencedTable\": \"admin_users\", \"referencedColumns\": [\"id\"]}]}, {\"name\": \"strapi_workflows\", \"columns\": [{\"args\": [{\"primary\": true, \"primaryKey\": true}], \"name\": \"id\", \"type\": \"increments\", \"unsigned\": false, \"defaultTo\": null, \"notNullable\": true}, {\"args\": [], \"name\": \"document_id\", \"type\": \"string\", \"unsigned\": false, \"defaultTo\": null, \"notNullable\": false}, {\"args\": [], \"name\": \"name\", \"type\": \"string\", \"unsigned\": false, \"defaultTo\": null, \"notNullable\": false}, {\"args\": [], \"name\": \"content_types\", \"type\": \"jsonb\", \"unsigned\": false, \"defaultTo\": null, \"notNullable\": false}, {\"args\": [{\"useTz\": false, \"precision\": 6}], \"name\": \"created_at\", \"type\": \"datetime\", \"unsigned\": false, \"defaultTo\": null, \"notNullable\": false}, {\"args\": [{\"useTz\": false, \"precision\": 6}], \"name\": \"updated_at\", \"type\": \"datetime\", \"unsigned\": false, \"defaultTo\": null, \"notNullable\": false}, {\"args\": [{\"useTz\": false, \"precision\": 6}], \"name\": \"published_at\", \"type\": \"datetime\", \"unsigned\": false, \"defaultTo\": null, \"notNullable\": false}, {\"args\": [], \"name\": \"created_by_id\", \"type\": \"integer\", \"unsigned\": true, \"defaultTo\": null, \"notNullable\": false}, {\"args\": [], \"name\": \"updated_by_id\", \"type\": \"integer\", \"unsigned\": true, \"defaultTo\": null, \"notNullable\": false}, {\"args\": [], \"name\": \"locale\", \"type\": \"string\", \"unsigned\": false, \"defaultTo\": null, \"notNullable\": false}], \"indexes\": [{\"name\": \"strapi_workflows_documents_idx\", \"columns\": [\"document_id\", \"locale\", \"published_at\"]}, {\"name\": \"strapi_workflows_created_by_id_fk\", \"columns\": [\"created_by_id\"]}, {\"name\": \"strapi_workflows_updated_by_id_fk\", \"columns\": [\"updated_by_id\"]}], \"foreignKeys\": [{\"name\": \"strapi_workflows_created_by_id_fk\", \"columns\": [\"created_by_id\"], \"onDelete\": \"SET NULL\", \"referencedTable\": \"admin_users\", \"referencedColumns\": [\"id\"]}, {\"name\": \"strapi_workflows_updated_by_id_fk\", \"columns\": [\"updated_by_id\"], \"onDelete\": \"SET NULL\", \"referencedTable\": \"admin_users\", \"referencedColumns\": [\"id\"]}]}, {\"name\": \"strapi_workflows_stages\", \"columns\": [{\"args\": [{\"primary\": true, \"primaryKey\": true}], \"name\": \"id\", \"type\": \"increments\", \"unsigned\": false, \"defaultTo\": null, \"notNullable\": true}, {\"args\": [], \"name\": \"document_id\", \"type\": \"string\", \"unsigned\": false, \"defaultTo\": null, \"notNullable\": false}, {\"args\": [], \"name\": \"name\", \"type\": \"string\", \"unsigned\": false, \"defaultTo\": null, \"notNullable\": false}, {\"args\": [], \"name\": \"color\", \"type\": \"string\", \"unsigned\": false, \"defaultTo\": null, \"notNullable\": false}, {\"args\": [{\"useTz\": false, \"precision\": 6}], \"name\": \"created_at\", \"type\": \"datetime\", \"unsigned\": false, \"defaultTo\": null, \"notNullable\": false}, {\"args\": [{\"useTz\": false, \"precision\": 6}], \"name\": \"updated_at\", \"type\": \"datetime\", \"unsigned\": false, \"defaultTo\": null, \"notNullable\": false}, {\"args\": [{\"useTz\": false, \"precision\": 6}], \"name\": \"published_at\", \"type\": \"datetime\", \"unsigned\": false, \"defaultTo\": null, \"notNullable\": false}, {\"args\": [], \"name\": \"created_by_id\", \"type\": \"integer\", \"unsigned\": true, \"defaultTo\": null, \"notNullable\": false}, {\"args\": [], \"name\": \"updated_by_id\", \"type\": \"integer\", \"unsigned\": true, \"defaultTo\": null, \"notNullable\": false}, {\"args\": [], \"name\": \"locale\", \"type\": \"string\", \"unsigned\": false, \"defaultTo\": null, \"notNullable\": false}], \"indexes\": [{\"name\": \"strapi_workflows_stages_documents_idx\", \"columns\": [\"document_id\", \"locale\", \"published_at\"]}, {\"name\": \"strapi_workflows_stages_created_by_id_fk\", \"columns\": [\"created_by_id\"]}, {\"name\": \"strapi_workflows_stages_updated_by_id_fk\", \"columns\": [\"updated_by_id\"]}], \"foreignKeys\": [{\"name\": \"strapi_workflows_stages_created_by_id_fk\", \"columns\": [\"created_by_id\"], \"onDelete\": \"SET NULL\", \"referencedTable\": \"admin_users\", \"referencedColumns\": [\"id\"]}, {\"name\": \"strapi_workflows_stages_updated_by_id_fk\", \"columns\": [\"updated_by_id\"], \"onDelete\": \"SET NULL\", \"referencedTable\": \"admin_users\", \"referencedColumns\": [\"id\"]}]}, {\"name\": \"up_permissions\", \"columns\": [{\"args\": [{\"primary\": true, \"primaryKey\": true}], \"name\": \"id\", \"type\": \"increments\", \"unsigned\": false, \"defaultTo\": null, \"notNullable\": true}, {\"args\": [], \"name\": \"document_id\", \"type\": \"string\", \"unsigned\": false, \"defaultTo\": null, \"notNullable\": false}, {\"args\": [], \"name\": \"action\", \"type\": \"string\", \"unsigned\": false, \"defaultTo\": null, \"notNullable\": false}, {\"args\": [{\"useTz\": false, \"precision\": 6}], \"name\": \"created_at\", \"type\": \"datetime\", \"unsigned\": false, \"defaultTo\": null, \"notNullable\": false}, {\"args\": [{\"useTz\": false, \"precision\": 6}], \"name\": \"updated_at\", \"type\": \"datetime\", \"unsigned\": false, \"defaultTo\": null, \"notNullable\": false}, {\"args\": [{\"useTz\": false, \"precision\": 6}], \"name\": \"published_at\", \"type\": \"datetime\", \"unsigned\": false, \"defaultTo\": null, \"notNullable\": false}, {\"args\": [], \"name\": \"created_by_id\", \"type\": \"integer\", \"unsigned\": true, \"defaultTo\": null, \"notNullable\": false}, {\"args\": [], \"name\": \"updated_by_id\", \"type\": \"integer\", \"unsigned\": true, \"defaultTo\": null, \"notNullable\": false}, {\"args\": [], \"name\": \"locale\", \"type\": \"string\", \"unsigned\": false, \"defaultTo\": null, \"notNullable\": false}], \"indexes\": [{\"name\": \"up_permissions_documents_idx\", \"columns\": [\"document_id\", \"locale\", \"published_at\"]}, {\"name\": \"up_permissions_created_by_id_fk\", \"columns\": [\"created_by_id\"]}, {\"name\": \"up_permissions_updated_by_id_fk\", \"columns\": [\"updated_by_id\"]}], \"foreignKeys\": [{\"name\": \"up_permissions_created_by_id_fk\", \"columns\": [\"created_by_id\"], \"onDelete\": \"SET NULL\", \"referencedTable\": \"admin_users\", \"referencedColumns\": [\"id\"]}, {\"name\": \"up_permissions_updated_by_id_fk\", \"columns\": [\"updated_by_id\"], \"onDelete\": \"SET NULL\", \"referencedTable\": \"admin_users\", \"referencedColumns\": [\"id\"]}]}, {\"name\": \"up_roles\", \"columns\": [{\"args\": [{\"primary\": true, \"primaryKey\": true}], \"name\": \"id\", \"type\": \"increments\", \"unsigned\": false, \"defaultTo\": null, \"notNullable\": true}, {\"args\": [], \"name\": \"document_id\", \"type\": \"string\", \"unsigned\": false, \"defaultTo\": null, \"notNullable\": false}, {\"args\": [], \"name\": \"name\", \"type\": \"string\", \"unsigned\": false, \"defaultTo\": null, \"notNullable\": false}, {\"args\": [], \"name\": \"description\", \"type\": \"string\", \"unsigned\": false, \"defaultTo\": null, \"notNullable\": false}, {\"args\": [], \"name\": \"type\", \"type\": \"string\", \"unsigned\": false, \"defaultTo\": null, \"notNullable\": false}, {\"args\": [{\"useTz\": false, \"precision\": 6}], \"name\": \"created_at\", \"type\": \"datetime\", \"unsigned\": false, \"defaultTo\": null, \"notNullable\": false}, {\"args\": [{\"useTz\": false, \"precision\": 6}], \"name\": \"updated_at\", \"type\": \"datetime\", \"unsigned\": false, \"defaultTo\": null, \"notNullable\": false}, {\"args\": [{\"useTz\": false, \"precision\": 6}], \"name\": \"published_at\", \"type\": \"datetime\", \"unsigned\": false, \"defaultTo\": null, \"notNullable\": false}, {\"args\": [], \"name\": \"created_by_id\", \"type\": \"integer\", \"unsigned\": true, \"defaultTo\": null, \"notNullable\": false}, {\"args\": [], \"name\": \"updated_by_id\", \"type\": \"integer\", \"unsigned\": true, \"defaultTo\": null, \"notNullable\": false}, {\"args\": [], \"name\": \"locale\", \"type\": \"string\", \"unsigned\": false, \"defaultTo\": null, \"notNullable\": false}], \"indexes\": [{\"name\": \"up_roles_documents_idx\", \"columns\": [\"document_id\", \"locale\", \"published_at\"]}, {\"name\": \"up_roles_created_by_id_fk\", \"columns\": [\"created_by_id\"]}, {\"name\": \"up_roles_updated_by_id_fk\", \"columns\": [\"updated_by_id\"]}], \"foreignKeys\": [{\"name\": \"up_roles_created_by_id_fk\", \"columns\": [\"created_by_id\"], \"onDelete\": \"SET NULL\", \"referencedTable\": \"admin_users\", \"referencedColumns\": [\"id\"]}, {\"name\": \"up_roles_updated_by_id_fk\", \"columns\": [\"updated_by_id\"], \"onDelete\": \"SET NULL\", \"referencedTable\": \"admin_users\", \"referencedColumns\": [\"id\"]}]}, {\"name\": \"up_users\", \"columns\": [{\"args\": [{\"primary\": true, \"primaryKey\": true}], \"name\": \"id\", \"type\": \"increments\", \"unsigned\": false, \"defaultTo\": null, \"notNullable\": true}, {\"args\": [], \"name\": \"document_id\", \"type\": \"string\", \"unsigned\": false, \"defaultTo\": null, \"notNullable\": false}, {\"args\": [], \"name\": \"username\", \"type\": \"string\", \"unsigned\": false, \"defaultTo\": null, \"notNullable\": false}, {\"args\": [], \"name\": \"email\", \"type\": \"string\", \"unsigned\": false, \"defaultTo\": null, \"notNullable\": false}, {\"args\": [], \"name\": \"provider\", \"type\": \"string\", \"unsigned\": false, \"defaultTo\": null, \"notNullable\": false}, {\"args\": [], \"name\": \"password\", \"type\": \"string\", \"unsigned\": false, \"defaultTo\": null, \"notNullable\": false}, {\"args\": [], \"name\": \"reset_password_token\", \"type\": \"string\", \"unsigned\": false, \"defaultTo\": null, \"notNullable\": false}, {\"args\": [], \"name\": \"confirmation_token\", \"type\": \"string\", \"unsigned\": false, \"defaultTo\": null, \"notNullable\": false}, {\"args\": [], \"name\": \"confirmed\", \"type\": \"boolean\", \"unsigned\": false, \"defaultTo\": null, \"notNullable\": false}, {\"args\": [], \"name\": \"blocked\", \"type\": \"boolean\", \"unsigned\": false, \"defaultTo\": null, \"notNullable\": false}, {\"args\": [{\"useTz\": false, \"precision\": 6}], \"name\": \"created_at\", \"type\": \"datetime\", \"unsigned\": false, \"defaultTo\": null, \"notNullable\": false}, {\"args\": [{\"useTz\": false, \"precision\": 6}], \"name\": \"updated_at\", \"type\": \"datetime\", \"unsigned\": false, \"defaultTo\": null, \"notNullable\": false}, {\"args\": [{\"useTz\": false, \"precision\": 6}], \"name\": \"published_at\", \"type\": \"datetime\", \"unsigned\": false, \"defaultTo\": null, \"notNullable\": false}, {\"args\": [], \"name\": \"created_by_id\", \"type\": \"integer\", \"unsigned\": true, \"defaultTo\": null, \"notNullable\": false}, {\"args\": [], \"name\": \"updated_by_id\", \"type\": \"integer\", \"unsigned\": true, \"defaultTo\": null, \"notNullable\": false}, {\"args\": [], \"name\": \"locale\", \"type\": \"string\", \"unsigned\": false, \"defaultTo\": null, \"notNullable\": false}], \"indexes\": [{\"name\": \"up_users_documents_idx\", \"columns\": [\"document_id\", \"locale\", \"published_at\"]}, {\"name\": \"up_users_created_by_id_fk\", \"columns\": [\"created_by_id\"]}, {\"name\": \"up_users_updated_by_id_fk\", \"columns\": [\"updated_by_id\"]}], \"foreignKeys\": [{\"name\": \"up_users_created_by_id_fk\", \"columns\": [\"created_by_id\"], \"onDelete\": \"SET NULL\", \"referencedTable\": \"admin_users\", \"referencedColumns\": [\"id\"]}, {\"name\": \"up_users_updated_by_id_fk\", \"columns\": [\"updated_by_id\"], \"onDelete\": \"SET NULL\", \"referencedTable\": \"admin_users\", \"referencedColumns\": [\"id\"]}]}, {\"name\": \"abouts_cmps\", \"columns\": [{\"args\": [{\"primary\": true, \"primaryKey\": true}], \"name\": \"id\", \"type\": \"increments\", \"unsigned\": false, \"defaultTo\": null, \"notNullable\": true}, {\"args\": [], \"name\": \"entity_id\", \"type\": \"integer\", \"unsigned\": true, \"defaultTo\": null, \"notNullable\": false}, {\"args\": [], \"name\": \"cmp_id\", \"type\": \"integer\", \"unsigned\": true, \"defaultTo\": null, \"notNullable\": false}, {\"args\": [], \"name\": \"component_type\", \"type\": \"string\", \"unsigned\": false, \"defaultTo\": null, \"notNullable\": false}, {\"args\": [], \"name\": \"field\", \"type\": \"string\", \"unsigned\": false, \"defaultTo\": null, \"notNullable\": false}, {\"args\": [], \"name\": \"order\", \"type\": \"double\", \"unsigned\": true, \"defaultTo\": null, \"notNullable\": false}], \"indexes\": [{\"name\": \"abouts_field_idx\", \"columns\": [\"field\"]}, {\"name\": \"abouts_component_type_idx\", \"columns\": [\"component_type\"]}, {\"name\": \"abouts_entity_fk\", \"columns\": [\"entity_id\"]}, {\"name\": \"abouts_uq\", \"type\": \"unique\", \"columns\": [\"entity_id\", \"cmp_id\", \"field\", \"component_type\"]}], \"foreignKeys\": [{\"name\": \"abouts_entity_fk\", \"columns\": [\"entity_id\"], \"onDelete\": \"CASCADE\", \"referencedTable\": \"abouts\", \"referencedColumns\": [\"id\"]}]}, {\"name\": \"abouts\", \"columns\": [{\"args\": [{\"primary\": true, \"primaryKey\": true}], \"name\": \"id\", \"type\": \"increments\", \"unsigned\": false, \"defaultTo\": null, \"notNullable\": true}, {\"args\": [], \"name\": \"document_id\", \"type\": \"string\", \"unsigned\": false, \"defaultTo\": null, \"notNullable\": false}, {\"args\": [], \"name\": \"title\", \"type\": \"string\", \"unsigned\": false, \"defaultTo\": null, \"notNullable\": false}, {\"args\": [{\"useTz\": false, \"precision\": 6}], \"name\": \"created_at\", \"type\": \"datetime\", \"unsigned\": false, \"defaultTo\": null, \"notNullable\": false}, {\"args\": [{\"useTz\": false, \"precision\": 6}], \"name\": \"updated_at\", \"type\": \"datetime\", \"unsigned\": false, \"defaultTo\": null, \"notNullable\": false}, {\"args\": [{\"useTz\": false, \"precision\": 6}], \"name\": \"published_at\", \"type\": \"datetime\", \"unsigned\": false, \"defaultTo\": null, \"notNullable\": false}, {\"args\": [], \"name\": \"created_by_id\", \"type\": \"integer\", \"unsigned\": true, \"defaultTo\": null, \"notNullable\": false}, {\"args\": [], \"name\": \"updated_by_id\", \"type\": \"integer\", \"unsigned\": true, \"defaultTo\": null, \"notNullable\": false}, {\"args\": [], \"name\": \"locale\", \"type\": \"string\", \"unsigned\": false, \"defaultTo\": null, \"notNullable\": false}], \"indexes\": [{\"name\": \"abouts_documents_idx\", \"columns\": [\"document_id\", \"locale\", \"published_at\"]}, {\"name\": \"abouts_created_by_id_fk\", \"columns\": [\"created_by_id\"]}, {\"name\": \"abouts_updated_by_id_fk\", \"columns\": [\"updated_by_id\"]}], \"foreignKeys\": [{\"name\": \"abouts_created_by_id_fk\", \"columns\": [\"created_by_id\"], \"onDelete\": \"SET NULL\", \"referencedTable\": \"admin_users\", \"referencedColumns\": [\"id\"]}, {\"name\": \"abouts_updated_by_id_fk\", \"columns\": [\"updated_by_id\"], \"onDelete\": \"SET NULL\", \"referencedTable\": \"admin_users\", \"referencedColumns\": [\"id\"]}]}, {\"name\": \"articles_cmps\", \"columns\": [{\"args\": [{\"primary\": true, \"primaryKey\": true}], \"name\": \"id\", \"type\": \"increments\", \"unsigned\": false, \"defaultTo\": null, \"notNullable\": true}, {\"args\": [], \"name\": \"entity_id\", \"type\": \"integer\", \"unsigned\": true, \"defaultTo\": null, \"notNullable\": false}, {\"args\": [], \"name\": \"cmp_id\", \"type\": \"integer\", \"unsigned\": true, \"defaultTo\": null, \"notNullable\": false}, {\"args\": [], \"name\": \"component_type\", \"type\": \"string\", \"unsigned\": false, \"defaultTo\": null, \"notNullable\": false}, {\"args\": [], \"name\": \"field\", \"type\": \"string\", \"unsigned\": false, \"defaultTo\": null, \"notNullable\": false}, {\"args\": [], \"name\": \"order\", \"type\": \"double\", \"unsigned\": true, \"defaultTo\": null, \"notNullable\": false}], \"indexes\": [{\"name\": \"articles_field_idx\", \"columns\": [\"field\"]}, {\"name\": \"articles_component_type_idx\", \"columns\": [\"component_type\"]}, {\"name\": \"articles_entity_fk\", \"columns\": [\"entity_id\"]}, {\"name\": \"articles_uq\", \"type\": \"unique\", \"columns\": [\"entity_id\", \"cmp_id\", \"field\", \"component_type\"]}], \"foreignKeys\": [{\"name\": \"articles_entity_fk\", \"columns\": [\"entity_id\"], \"onDelete\": \"CASCADE\", \"referencedTable\": \"articles\", \"referencedColumns\": [\"id\"]}]}, {\"name\": \"articles\", \"columns\": [{\"args\": [{\"primary\": true, \"primaryKey\": true}], \"name\": \"id\", \"type\": \"increments\", \"unsigned\": false, \"defaultTo\": null, \"notNullable\": true}, {\"args\": [], \"name\": \"document_id\", \"type\": \"string\", \"unsigned\": false, \"defaultTo\": null, \"notNullable\": false}, {\"args\": [], \"name\": \"title\", \"type\": \"string\", \"unsigned\": false, \"defaultTo\": null, \"notNullable\": false}, {\"args\": [\"longtext\"], \"name\": \"description\", \"type\": \"text\", \"unsigned\": false, \"defaultTo\": null, \"notNullable\": false}, {\"args\": [], \"name\": \"slug\", \"type\": \"string\", \"unsigned\": false, \"defaultTo\": null, \"notNullable\": false}, {\"args\": [{\"useTz\": false, \"precision\": 6}], \"name\": \"created_at\", \"type\": \"datetime\", \"unsigned\": false, \"defaultTo\": null, \"notNullable\": false}, {\"args\": [{\"useTz\": false, \"precision\": 6}], \"name\": \"updated_at\", \"type\": \"datetime\", \"unsigned\": false, \"defaultTo\": null, \"notNullable\": false}, {\"args\": [{\"useTz\": false, \"precision\": 6}], \"name\": \"published_at\", \"type\": \"datetime\", \"unsigned\": false, \"defaultTo\": null, \"notNullable\": false}, {\"args\": [], \"name\": \"created_by_id\", \"type\": \"integer\", \"unsigned\": true, \"defaultTo\": null, \"notNullable\": false}, {\"args\": [], \"name\": \"updated_by_id\", \"type\": \"integer\", \"unsigned\": true, \"defaultTo\": null, \"notNullable\": false}, {\"args\": [], \"name\": \"locale\", \"type\": \"string\", \"unsigned\": false, \"defaultTo\": null, \"notNullable\": false}], \"indexes\": [{\"name\": \"articles_documents_idx\", \"columns\": [\"document_id\", \"locale\", \"published_at\"]}, {\"name\": \"articles_created_by_id_fk\", \"columns\": [\"created_by_id\"]}, {\"name\": \"articles_updated_by_id_fk\", \"columns\": [\"updated_by_id\"]}], \"foreignKeys\": [{\"name\": \"articles_created_by_id_fk\", \"columns\": [\"created_by_id\"], \"onDelete\": \"SET NULL\", \"referencedTable\": \"admin_users\", \"referencedColumns\": [\"id\"]}, {\"name\": \"articles_updated_by_id_fk\", \"columns\": [\"updated_by_id\"], \"onDelete\": \"SET NULL\", \"referencedTable\": \"admin_users\", \"referencedColumns\": [\"id\"]}]}, {\"name\": \"authors\", \"columns\": [{\"args\": [{\"primary\": true, \"primaryKey\": true}], \"name\": \"id\", \"type\": \"increments\", \"unsigned\": false, \"defaultTo\": null, \"notNullable\": true}, {\"args\": [], \"name\": \"document_id\", \"type\": \"string\", \"unsigned\": false, \"defaultTo\": null, \"notNullable\": false}, {\"args\": [], \"name\": \"name\", \"type\": \"string\", \"unsigned\": false, \"defaultTo\": null, \"notNullable\": false}, {\"args\": [], \"name\": \"email\", \"type\": \"string\", \"unsigned\": false, \"defaultTo\": null, \"notNullable\": false}, {\"args\": [{\"useTz\": false, \"precision\": 6}], \"name\": \"created_at\", \"type\": \"datetime\", \"unsigned\": false, \"defaultTo\": null, \"notNullable\": false}, {\"args\": [{\"useTz\": false, \"precision\": 6}], \"name\": \"updated_at\", \"type\": \"datetime\", \"unsigned\": false, \"defaultTo\": null, \"notNullable\": false}, {\"args\": [{\"useTz\": false, \"precision\": 6}], \"name\": \"published_at\", \"type\": \"datetime\", \"unsigned\": false, \"defaultTo\": null, \"notNullable\": false}, {\"args\": [], \"name\": \"created_by_id\", \"type\": \"integer\", \"unsigned\": true, \"defaultTo\": null, \"notNullable\": false}, {\"args\": [], \"name\": \"updated_by_id\", \"type\": \"integer\", \"unsigned\": true, \"defaultTo\": null, \"notNullable\": false}, {\"args\": [], \"name\": \"locale\", \"type\": \"string\", \"unsigned\": false, \"defaultTo\": null, \"notNullable\": false}], \"indexes\": [{\"name\": \"authors_documents_idx\", \"columns\": [\"document_id\", \"locale\", \"published_at\"]}, {\"name\": \"authors_created_by_id_fk\", \"columns\": [\"created_by_id\"]}, {\"name\": \"authors_updated_by_id_fk\", \"columns\": [\"updated_by_id\"]}], \"foreignKeys\": [{\"name\": \"authors_created_by_id_fk\", \"columns\": [\"created_by_id\"], \"onDelete\": \"SET NULL\", \"referencedTable\": \"admin_users\", \"referencedColumns\": [\"id\"]}, {\"name\": \"authors_updated_by_id_fk\", \"columns\": [\"updated_by_id\"], \"onDelete\": \"SET NULL\", \"referencedTable\": \"admin_users\", \"referencedColumns\": [\"id\"]}]}, {\"name\": \"categories\", \"columns\": [{\"args\": [{\"primary\": true, \"primaryKey\": true}], \"name\": \"id\", \"type\": \"increments\", \"unsigned\": false, \"defaultTo\": null, \"notNullable\": true}, {\"args\": [], \"name\": \"document_id\", \"type\": \"string\", \"unsigned\": false, \"defaultTo\": null, \"notNullable\": false}, {\"args\": [], \"name\": \"name\", \"type\": \"string\", \"unsigned\": false, \"defaultTo\": null, \"notNullable\": false}, {\"args\": [], \"name\": \"slug\", \"type\": \"string\", \"unsigned\": false, \"defaultTo\": null, \"notNullable\": false}, {\"args\": [\"longtext\"], \"name\": \"description\", \"type\": \"text\", \"unsigned\": false, \"defaultTo\": null, \"notNullable\": false}, {\"args\": [{\"useTz\": false, \"precision\": 6}], \"name\": \"created_at\", \"type\": \"datetime\", \"unsigned\": false, \"defaultTo\": null, \"notNullable\": false}, {\"args\": [{\"useTz\": false, \"precision\": 6}], \"name\": \"updated_at\", \"type\": \"datetime\", \"unsigned\": false, \"defaultTo\": null, \"notNullable\": false}, {\"args\": [{\"useTz\": false, \"precision\": 6}], \"name\": \"published_at\", \"type\": \"datetime\", \"unsigned\": false, \"defaultTo\": null, \"notNullable\": false}, {\"args\": [], \"name\": \"created_by_id\", \"type\": \"integer\", \"unsigned\": true, \"defaultTo\": null, \"notNullable\": false}, {\"args\": [], \"name\": \"updated_by_id\", \"type\": \"integer\", \"unsigned\": true, \"defaultTo\": null, \"notNullable\": false}, {\"args\": [], \"name\": \"locale\", \"type\": \"string\", \"unsigned\": false, \"defaultTo\": null, \"notNullable\": false}], \"indexes\": [{\"name\": \"categories_documents_idx\", \"columns\": [\"document_id\", \"locale\", \"published_at\"]}, {\"name\": \"categories_created_by_id_fk\", \"columns\": [\"created_by_id\"]}, {\"name\": \"categories_updated_by_id_fk\", \"columns\": [\"updated_by_id\"]}], \"foreignKeys\": [{\"name\": \"categories_created_by_id_fk\", \"columns\": [\"created_by_id\"], \"onDelete\": \"SET NULL\", \"referencedTable\": \"admin_users\", \"referencedColumns\": [\"id\"]}, {\"name\": \"categories_updated_by_id_fk\", \"columns\": [\"updated_by_id\"], \"onDelete\": \"SET NULL\", \"referencedTable\": \"admin_users\", \"referencedColumns\": [\"id\"]}]}, {\"name\": \"globals_cmps\", \"columns\": [{\"args\": [{\"primary\": true, \"primaryKey\": true}], \"name\": \"id\", \"type\": \"increments\", \"unsigned\": false, \"defaultTo\": null, \"notNullable\": true}, {\"args\": [], \"name\": \"entity_id\", \"type\": \"integer\", \"unsigned\": true, \"defaultTo\": null, \"notNullable\": false}, {\"args\": [], \"name\": \"cmp_id\", \"type\": \"integer\", \"unsigned\": true, \"defaultTo\": null, \"notNullable\": false}, {\"args\": [], \"name\": \"component_type\", \"type\": \"string\", \"unsigned\": false, \"defaultTo\": null, \"notNullable\": false}, {\"args\": [], \"name\": \"field\", \"type\": \"string\", \"unsigned\": false, \"defaultTo\": null, \"notNullable\": false}, {\"args\": [], \"name\": \"order\", \"type\": \"double\", \"unsigned\": true, \"defaultTo\": null, \"notNullable\": false}], \"indexes\": [{\"name\": \"globals_field_idx\", \"columns\": [\"field\"]}, {\"name\": \"globals_component_type_idx\", \"columns\": [\"component_type\"]}, {\"name\": \"globals_entity_fk\", \"columns\": [\"entity_id\"]}, {\"name\": \"globals_uq\", \"type\": \"unique\", \"columns\": [\"entity_id\", \"cmp_id\", \"field\", \"component_type\"]}], \"foreignKeys\": [{\"name\": \"globals_entity_fk\", \"columns\": [\"entity_id\"], \"onDelete\": \"CASCADE\", \"referencedTable\": \"globals\", \"referencedColumns\": [\"id\"]}]}, {\"name\": \"globals\", \"columns\": [{\"args\": [{\"primary\": true, \"primaryKey\": true}], \"name\": \"id\", \"type\": \"increments\", \"unsigned\": false, \"defaultTo\": null, \"notNullable\": true}, {\"args\": [], \"name\": \"document_id\", \"type\": \"string\", \"unsigned\": false, \"defaultTo\": null, \"notNullable\": false}, {\"args\": [], \"name\": \"site_name\", \"type\": \"string\", \"unsigned\": false, \"defaultTo\": null, \"notNullable\": false}, {\"args\": [\"longtext\"], \"name\": \"site_description\", \"type\": \"text\", \"unsigned\": false, \"defaultTo\": null, \"notNullable\": false}, {\"args\": [{\"useTz\": false, \"precision\": 6}], \"name\": \"created_at\", \"type\": \"datetime\", \"unsigned\": false, \"defaultTo\": null, \"notNullable\": false}, {\"args\": [{\"useTz\": false, \"precision\": 6}], \"name\": \"updated_at\", \"type\": \"datetime\", \"unsigned\": false, \"defaultTo\": null, \"notNullable\": false}, {\"args\": [{\"useTz\": false, \"precision\": 6}], \"name\": \"published_at\", \"type\": \"datetime\", \"unsigned\": false, \"defaultTo\": null, \"notNullable\": false}, {\"args\": [], \"name\": \"created_by_id\", \"type\": \"integer\", \"unsigned\": true, \"defaultTo\": null, \"notNullable\": false}, {\"args\": [], \"name\": \"updated_by_id\", \"type\": \"integer\", \"unsigned\": true, \"defaultTo\": null, \"notNullable\": false}, {\"args\": [], \"name\": \"locale\", \"type\": \"string\", \"unsigned\": false, \"defaultTo\": null, \"notNullable\": false}], \"indexes\": [{\"name\": \"globals_documents_idx\", \"columns\": [\"document_id\", \"locale\", \"published_at\"]}, {\"name\": \"globals_created_by_id_fk\", \"columns\": [\"created_by_id\"]}, {\"name\": \"globals_updated_by_id_fk\", \"columns\": [\"updated_by_id\"]}], \"foreignKeys\": [{\"name\": \"globals_created_by_id_fk\", \"columns\": [\"created_by_id\"], \"onDelete\": \"SET NULL\", \"referencedTable\": \"admin_users\", \"referencedColumns\": [\"id\"]}, {\"name\": \"globals_updated_by_id_fk\", \"columns\": [\"updated_by_id\"], \"onDelete\": \"SET NULL\", \"referencedTable\": \"admin_users\", \"referencedColumns\": [\"id\"]}]}, {\"name\": \"admin_permissions\", \"columns\": [{\"args\": [{\"primary\": true, \"primaryKey\": true}], \"name\": \"id\", \"type\": \"increments\", \"unsigned\": false, \"defaultTo\": null, \"notNullable\": true}, {\"args\": [], \"name\": \"document_id\", \"type\": \"string\", \"unsigned\": false, \"defaultTo\": null, \"notNullable\": false}, {\"args\": [], \"name\": \"action\", \"type\": \"string\", \"unsigned\": false, \"defaultTo\": null, \"notNullable\": false}, {\"args\": [], \"name\": \"action_parameters\", \"type\": \"jsonb\", \"unsigned\": false, \"defaultTo\": null, \"notNullable\": false}, {\"args\": [], \"name\": \"subject\", \"type\": \"string\", \"unsigned\": false, \"defaultTo\": null, \"notNullable\": false}, {\"args\": [], \"name\": \"properties\", \"type\": \"jsonb\", \"unsigned\": false, \"defaultTo\": null, \"notNullable\": false}, {\"args\": [], \"name\": \"conditions\", \"type\": \"jsonb\", \"unsigned\": false, \"defaultTo\": null, \"notNullable\": false}, {\"args\": [{\"useTz\": false, \"precision\": 6}], \"name\": \"created_at\", \"type\": \"datetime\", \"unsigned\": false, \"defaultTo\": null, \"notNullable\": false}, {\"args\": [{\"useTz\": false, \"precision\": 6}], \"name\": \"updated_at\", \"type\": \"datetime\", \"unsigned\": false, \"defaultTo\": null, \"notNullable\": false}, {\"args\": [{\"useTz\": false, \"precision\": 6}], \"name\": \"published_at\", \"type\": \"datetime\", \"unsigned\": false, \"defaultTo\": null, \"notNullable\": false}, {\"args\": [], \"name\": \"created_by_id\", \"type\": \"integer\", \"unsigned\": true, \"defaultTo\": null, \"notNullable\": false}, {\"args\": [], \"name\": \"updated_by_id\", \"type\": \"integer\", \"unsigned\": true, \"defaultTo\": null, \"notNullable\": false}, {\"args\": [], \"name\": \"locale\", \"type\": \"string\", \"unsigned\": false, \"defaultTo\": null, \"notNullable\": false}], \"indexes\": [{\"name\": \"admin_permissions_documents_idx\", \"columns\": [\"document_id\", \"locale\", \"published_at\"]}, {\"name\": \"admin_permissions_created_by_id_fk\", \"columns\": [\"created_by_id\"]}, {\"name\": \"admin_permissions_updated_by_id_fk\", \"columns\": [\"updated_by_id\"]}], \"foreignKeys\": [{\"name\": \"admin_permissions_created_by_id_fk\", \"columns\": [\"created_by_id\"], \"onDelete\": \"SET NULL\", \"referencedTable\": \"admin_users\", \"referencedColumns\": [\"id\"]}, {\"name\": \"admin_permissions_updated_by_id_fk\", \"columns\": [\"updated_by_id\"], \"onDelete\": \"SET NULL\", \"referencedTable\": \"admin_users\", \"referencedColumns\": [\"id\"]}]}, {\"name\": \"admin_users\", \"columns\": [{\"args\": [{\"primary\": true, \"primaryKey\": true}], \"name\": \"id\", \"type\": \"increments\", \"unsigned\": false, \"defaultTo\": null, \"notNullable\": true}, {\"args\": [], \"name\": \"document_id\", \"type\": \"string\", \"unsigned\": false, \"defaultTo\": null, \"notNullable\": false}, {\"args\": [], \"name\": \"firstname\", \"type\": \"string\", \"unsigned\": false, \"defaultTo\": null, \"notNullable\": false}, {\"args\": [], \"name\": \"lastname\", \"type\": \"string\", \"unsigned\": false, \"defaultTo\": null, \"notNullable\": false}, {\"args\": [], \"name\": \"username\", \"type\": \"string\", \"unsigned\": false, \"defaultTo\": null, \"notNullable\": false}, {\"args\": [], \"name\": \"email\", \"type\": \"string\", \"unsigned\": false, \"defaultTo\": null, \"notNullable\": false}, {\"args\": [], \"name\": \"password\", \"type\": \"string\", \"unsigned\": false, \"defaultTo\": null, \"notNullable\": false}, {\"args\": [], \"name\": \"reset_password_token\", \"type\": \"string\", \"unsigned\": false, \"defaultTo\": null, \"notNullable\": false}, {\"args\": [], \"name\": \"registration_token\", \"type\": \"string\", \"unsigned\": false, \"defaultTo\": null, \"notNullable\": false}, {\"args\": [], \"name\": \"is_active\", \"type\": \"boolean\", \"unsigned\": false, \"defaultTo\": null, \"notNullable\": false}, {\"args\": [], \"name\": \"blocked\", \"type\": \"boolean\", \"unsigned\": false, \"defaultTo\": null, \"notNullable\": false}, {\"args\": [], \"name\": \"prefered_language\", \"type\": \"string\", \"unsigned\": false, \"defaultTo\": null, \"notNullable\": false}, {\"args\": [{\"useTz\": false, \"precision\": 6}], \"name\": \"created_at\", \"type\": \"datetime\", \"unsigned\": false, \"defaultTo\": null, \"notNullable\": false}, {\"args\": [{\"useTz\": false, \"precision\": 6}], \"name\": \"updated_at\", \"type\": \"datetime\", \"unsigned\": false, \"defaultTo\": null, \"notNullable\": false}, {\"args\": [{\"useTz\": false, \"precision\": 6}], \"name\": \"published_at\", \"type\": \"datetime\", \"unsigned\": false, \"defaultTo\": null, \"notNullable\": false}, {\"args\": [], \"name\": \"created_by_id\", \"type\": \"integer\", \"unsigned\": true, \"defaultTo\": null, \"notNullable\": false}, {\"args\": [], \"name\": \"updated_by_id\", \"type\": \"integer\", \"unsigned\": true, \"defaultTo\": null, \"notNullable\": false}, {\"args\": [], \"name\": \"locale\", \"type\": \"string\", \"unsigned\": false, \"defaultTo\": null, \"notNullable\": false}], \"indexes\": [{\"name\": \"admin_users_documents_idx\", \"columns\": [\"document_id\", \"locale\", \"published_at\"]}, {\"name\": \"admin_users_created_by_id_fk\", \"columns\": [\"created_by_id\"]}, {\"name\": \"admin_users_updated_by_id_fk\", \"columns\": [\"updated_by_id\"]}], \"foreignKeys\": [{\"name\": \"admin_users_created_by_id_fk\", \"columns\": [\"created_by_id\"], \"onDelete\": \"SET NULL\", \"referencedTable\": \"admin_users\", \"referencedColumns\": [\"id\"]}, {\"name\": \"admin_users_updated_by_id_fk\", \"columns\": [\"updated_by_id\"], \"onDelete\": \"SET NULL\", \"referencedTable\": \"admin_users\", \"referencedColumns\": [\"id\"]}]}, {\"name\": \"admin_roles\", \"columns\": [{\"args\": [{\"primary\": true, \"primaryKey\": true}], \"name\": \"id\", \"type\": \"increments\", \"unsigned\": false, \"defaultTo\": null, \"notNullable\": true}, {\"args\": [], \"name\": \"document_id\", \"type\": \"string\", \"unsigned\": false, \"defaultTo\": null, \"notNullable\": false}, {\"args\": [], \"name\": \"name\", \"type\": \"string\", \"unsigned\": false, \"defaultTo\": null, \"notNullable\": false}, {\"args\": [], \"name\": \"code\", \"type\": \"string\", \"unsigned\": false, \"defaultTo\": null, \"notNullable\": false}, {\"args\": [], \"name\": \"description\", \"type\": \"string\", \"unsigned\": false, \"defaultTo\": null, \"notNullable\": false}, {\"args\": [{\"useTz\": false, \"precision\": 6}], \"name\": \"created_at\", \"type\": \"datetime\", \"unsigned\": false, \"defaultTo\": null, \"notNullable\": false}, {\"args\": [{\"useTz\": false, \"precision\": 6}], \"name\": \"updated_at\", \"type\": \"datetime\", \"unsigned\": false, \"defaultTo\": null, \"notNullable\": false}, {\"args\": [{\"useTz\": false, \"precision\": 6}], \"name\": \"published_at\", \"type\": \"datetime\", \"unsigned\": false, \"defaultTo\": null, \"notNullable\": false}, {\"args\": [], \"name\": \"created_by_id\", \"type\": \"integer\", \"unsigned\": true, \"defaultTo\": null, \"notNullable\": false}, {\"args\": [], \"name\": \"updated_by_id\", \"type\": \"integer\", \"unsigned\": true, \"defaultTo\": null, \"notNullable\": false}, {\"args\": [], \"name\": \"locale\", \"type\": \"string\", \"unsigned\": false, \"defaultTo\": null, \"notNullable\": false}], \"indexes\": [{\"name\": \"admin_roles_documents_idx\", \"columns\": [\"document_id\", \"locale\", \"published_at\"]}, {\"name\": \"admin_roles_created_by_id_fk\", \"columns\": [\"created_by_id\"]}, {\"name\": \"admin_roles_updated_by_id_fk\", \"columns\": [\"updated_by_id\"]}], \"foreignKeys\": [{\"name\": \"admin_roles_created_by_id_fk\", \"columns\": [\"created_by_id\"], \"onDelete\": \"SET NULL\", \"referencedTable\": \"admin_users\", \"referencedColumns\": [\"id\"]}, {\"name\": \"admin_roles_updated_by_id_fk\", \"columns\": [\"updated_by_id\"], \"onDelete\": \"SET NULL\", \"referencedTable\": \"admin_users\", \"referencedColumns\": [\"id\"]}]}, {\"name\": \"strapi_api_tokens\", \"columns\": [{\"args\": [{\"primary\": true, \"primaryKey\": true}], \"name\": \"id\", \"type\": \"increments\", \"unsigned\": false, \"defaultTo\": null, \"notNullable\": true}, {\"args\": [], \"name\": \"document_id\", \"type\": \"string\", \"unsigned\": false, \"defaultTo\": null, \"notNullable\": false}, {\"args\": [], \"name\": \"name\", \"type\": \"string\", \"unsigned\": false, \"defaultTo\": null, \"notNullable\": false}, {\"args\": [], \"name\": \"description\", \"type\": \"string\", \"unsigned\": false, \"defaultTo\": null, \"notNullable\": false}, {\"args\": [], \"name\": \"type\", \"type\": \"string\", \"unsigned\": false, \"defaultTo\": null, \"notNullable\": false}, {\"args\": [], \"name\": \"access_key\", \"type\": \"string\", \"unsigned\": false, \"defaultTo\": null, \"notNullable\": false}, {\"args\": [{\"useTz\": false, \"precision\": 6}], \"name\": \"last_used_at\", \"type\": \"datetime\", \"unsigned\": false, \"defaultTo\": null, \"notNullable\": false}, {\"args\": [{\"useTz\": false, \"precision\": 6}], \"name\": \"expires_at\", \"type\": \"datetime\", \"unsigned\": false, \"defaultTo\": null, \"notNullable\": false}, {\"args\": [], \"name\": \"lifespan\", \"type\": \"bigInteger\", \"unsigned\": false, \"defaultTo\": null, \"notNullable\": false}, {\"args\": [{\"useTz\": false, \"precision\": 6}], \"name\": \"created_at\", \"type\": \"datetime\", \"unsigned\": false, \"defaultTo\": null, \"notNullable\": false}, {\"args\": [{\"useTz\": false, \"precision\": 6}], \"name\": \"updated_at\", \"type\": \"datetime\", \"unsigned\": false, \"defaultTo\": null, \"notNullable\": false}, {\"args\": [{\"useTz\": false, \"precision\": 6}], \"name\": \"published_at\", \"type\": \"datetime\", \"unsigned\": false, \"defaultTo\": null, \"notNullable\": false}, {\"args\": [], \"name\": \"created_by_id\", \"type\": \"integer\", \"unsigned\": true, \"defaultTo\": null, \"notNullable\": false}, {\"args\": [], \"name\": \"updated_by_id\", \"type\": \"integer\", \"unsigned\": true, \"defaultTo\": null, \"notNullable\": false}, {\"args\": [], \"name\": \"locale\", \"type\": \"string\", \"unsigned\": false, \"defaultTo\": null, \"notNullable\": false}], \"indexes\": [{\"name\": \"strapi_api_tokens_documents_idx\", \"columns\": [\"document_id\", \"locale\", \"published_at\"]}, {\"name\": \"strapi_api_tokens_created_by_id_fk\", \"columns\": [\"created_by_id\"]}, {\"name\": \"strapi_api_tokens_updated_by_id_fk\", \"columns\": [\"updated_by_id\"]}], \"foreignKeys\": [{\"name\": \"strapi_api_tokens_created_by_id_fk\", \"columns\": [\"created_by_id\"], \"onDelete\": \"SET NULL\", \"referencedTable\": \"admin_users\", \"referencedColumns\": [\"id\"]}, {\"name\": \"strapi_api_tokens_updated_by_id_fk\", \"columns\": [\"updated_by_id\"], \"onDelete\": \"SET NULL\", \"referencedTable\": \"admin_users\", \"referencedColumns\": [\"id\"]}]}, {\"name\": \"strapi_api_token_permissions\", \"columns\": [{\"args\": [{\"primary\": true, \"primaryKey\": true}], \"name\": \"id\", \"type\": \"increments\", \"unsigned\": false, \"defaultTo\": null, \"notNullable\": true}, {\"args\": [], \"name\": \"document_id\", \"type\": \"string\", \"unsigned\": false, \"defaultTo\": null, \"notNullable\": false}, {\"args\": [], \"name\": \"action\", \"type\": \"string\", \"unsigned\": false, \"defaultTo\": null, \"notNullable\": false}, {\"args\": [{\"useTz\": false, \"precision\": 6}], \"name\": \"created_at\", \"type\": \"datetime\", \"unsigned\": false, \"defaultTo\": null, \"notNullable\": false}, {\"args\": [{\"useTz\": false, \"precision\": 6}], \"name\": \"updated_at\", \"type\": \"datetime\", \"unsigned\": false, \"defaultTo\": null, \"notNullable\": false}, {\"args\": [{\"useTz\": false, \"precision\": 6}], \"name\": \"published_at\", \"type\": \"datetime\", \"unsigned\": false, \"defaultTo\": null, \"notNullable\": false}, {\"args\": [], \"name\": \"created_by_id\", \"type\": \"integer\", \"unsigned\": true, \"defaultTo\": null, \"notNullable\": false}, {\"args\": [], \"name\": \"updated_by_id\", \"type\": \"integer\", \"unsigned\": true, \"defaultTo\": null, \"notNullable\": false}, {\"args\": [], \"name\": \"locale\", \"type\": \"string\", \"unsigned\": false, \"defaultTo\": null, \"notNullable\": false}], \"indexes\": [{\"name\": \"strapi_api_token_permissions_documents_idx\", \"columns\": [\"document_id\", \"locale\", \"published_at\"]}, {\"name\": \"strapi_api_token_permissions_created_by_id_fk\", \"columns\": [\"created_by_id\"]}, {\"name\": \"strapi_api_token_permissions_updated_by_id_fk\", \"columns\": [\"updated_by_id\"]}], \"foreignKeys\": [{\"name\": \"strapi_api_token_permissions_created_by_id_fk\", \"columns\": [\"created_by_id\"], \"onDelete\": \"SET NULL\", \"referencedTable\": \"admin_users\", \"referencedColumns\": [\"id\"]}, {\"name\": \"strapi_api_token_permissions_updated_by_id_fk\", \"columns\": [\"updated_by_id\"], \"onDelete\": \"SET NULL\", \"referencedTable\": \"admin_users\", \"referencedColumns\": [\"id\"]}]}, {\"name\": \"strapi_transfer_tokens\", \"columns\": [{\"args\": [{\"primary\": true, \"primaryKey\": true}], \"name\": \"id\", \"type\": \"increments\", \"unsigned\": false, \"defaultTo\": null, \"notNullable\": true}, {\"args\": [], \"name\": \"document_id\", \"type\": \"string\", \"unsigned\": false, \"defaultTo\": null, \"notNullable\": false}, {\"args\": [], \"name\": \"name\", \"type\": \"string\", \"unsigned\": false, \"defaultTo\": null, \"notNullable\": false}, {\"args\": [], \"name\": \"description\", \"type\": \"string\", \"unsigned\": false, \"defaultTo\": null, \"notNullable\": false}, {\"args\": [], \"name\": \"access_key\", \"type\": \"string\", \"unsigned\": false, \"defaultTo\": null, \"notNullable\": false}, {\"args\": [{\"useTz\": false, \"precision\": 6}], \"name\": \"last_used_at\", \"type\": \"datetime\", \"unsigned\": false, \"defaultTo\": null, \"notNullable\": false}, {\"args\": [{\"useTz\": false, \"precision\": 6}], \"name\": \"expires_at\", \"type\": \"datetime\", \"unsigned\": false, \"defaultTo\": null, \"notNullable\": false}, {\"args\": [], \"name\": \"lifespan\", \"type\": \"bigInteger\", \"unsigned\": false, \"defaultTo\": null, \"notNullable\": false}, {\"args\": [{\"useTz\": false, \"precision\": 6}], \"name\": \"created_at\", \"type\": \"datetime\", \"unsigned\": false, \"defaultTo\": null, \"notNullable\": false}, {\"args\": [{\"useTz\": false, \"precision\": 6}], \"name\": \"updated_at\", \"type\": \"datetime\", \"unsigned\": false, \"defaultTo\": null, \"notNullable\": false}, {\"args\": [{\"useTz\": false, \"precision\": 6}], \"name\": \"published_at\", \"type\": \"datetime\", \"unsigned\": false, \"defaultTo\": null, \"notNullable\": false}, {\"args\": [], \"name\": \"created_by_id\", \"type\": \"integer\", \"unsigned\": true, \"defaultTo\": null, \"notNullable\": false}, {\"args\": [], \"name\": \"updated_by_id\", \"type\": \"integer\", \"unsigned\": true, \"defaultTo\": null, \"notNullable\": false}, {\"args\": [], \"name\": \"locale\", \"type\": \"string\", \"unsigned\": false, \"defaultTo\": null, \"notNullable\": false}], \"indexes\": [{\"name\": \"strapi_transfer_tokens_documents_idx\", \"columns\": [\"document_id\", \"locale\", \"published_at\"]}, {\"name\": \"strapi_transfer_tokens_created_by_id_fk\", \"columns\": [\"created_by_id\"]}, {\"name\": \"strapi_transfer_tokens_updated_by_id_fk\", \"columns\": [\"updated_by_id\"]}], \"foreignKeys\": [{\"name\": \"strapi_transfer_tokens_created_by_id_fk\", \"columns\": [\"created_by_id\"], \"onDelete\": \"SET NULL\", \"referencedTable\": \"admin_users\", \"referencedColumns\": [\"id\"]}, {\"name\": \"strapi_transfer_tokens_updated_by_id_fk\", \"columns\": [\"updated_by_id\"], \"onDelete\": \"SET NULL\", \"referencedTable\": \"admin_users\", \"referencedColumns\": [\"id\"]}]}, {\"name\": \"strapi_transfer_token_permissions\", \"columns\": [{\"args\": [{\"primary\": true, \"primaryKey\": true}], \"name\": \"id\", \"type\": \"increments\", \"unsigned\": false, \"defaultTo\": null, \"notNullable\": true}, {\"args\": [], \"name\": \"document_id\", \"type\": \"string\", \"unsigned\": false, \"defaultTo\": null, \"notNullable\": false}, {\"args\": [], \"name\": \"action\", \"type\": \"string\", \"unsigned\": false, \"defaultTo\": null, \"notNullable\": false}, {\"args\": [{\"useTz\": false, \"precision\": 6}], \"name\": \"created_at\", \"type\": \"datetime\", \"unsigned\": false, \"defaultTo\": null, \"notNullable\": false}, {\"args\": [{\"useTz\": false, \"precision\": 6}], \"name\": \"updated_at\", \"type\": \"datetime\", \"unsigned\": false, \"defaultTo\": null, \"notNullable\": false}, {\"args\": [{\"useTz\": false, \"precision\": 6}], \"name\": \"published_at\", \"type\": \"datetime\", \"unsigned\": false, \"defaultTo\": null, \"notNullable\": false}, {\"args\": [], \"name\": \"created_by_id\", \"type\": \"integer\", \"unsigned\": true, \"defaultTo\": null, \"notNullable\": false}, {\"args\": [], \"name\": \"updated_by_id\", \"type\": \"integer\", \"unsigned\": true, \"defaultTo\": null, \"notNullable\": false}, {\"args\": [], \"name\": \"locale\", \"type\": \"string\", \"unsigned\": false, \"defaultTo\": null, \"notNullable\": false}], \"indexes\": [{\"name\": \"strapi_transfer_token_permissions_documents_idx\", \"columns\": [\"document_id\", \"locale\", \"published_at\"]}, {\"name\": \"strapi_transfer_token_permissions_created_by_id_fk\", \"columns\": [\"created_by_id\"]}, {\"name\": \"strapi_transfer_token_permissions_updated_by_id_fk\", \"columns\": [\"updated_by_id\"]}], \"foreignKeys\": [{\"name\": \"strapi_transfer_token_permissions_created_by_id_fk\", \"columns\": [\"created_by_id\"], \"onDelete\": \"SET NULL\", \"referencedTable\": \"admin_users\", \"referencedColumns\": [\"id\"]}, {\"name\": \"strapi_transfer_token_permissions_updated_by_id_fk\", \"columns\": [\"updated_by_id\"], \"onDelete\": \"SET NULL\", \"referencedTable\": \"admin_users\", \"referencedColumns\": [\"id\"]}]}, {\"name\": \"components_shared_sliders\", \"columns\": [{\"args\": [{\"primary\": true, \"primaryKey\": true}], \"name\": \"id\", \"type\": \"increments\", \"unsigned\": false, \"defaultTo\": null, \"notNullable\": true}], \"indexes\": [], \"foreignKeys\": []}, {\"name\": \"components_shared_seos\", \"columns\": [{\"args\": [{\"primary\": true, \"primaryKey\": true}], \"name\": \"id\", \"type\": \"increments\", \"unsigned\": false, \"defaultTo\": null, \"notNullable\": true}, {\"args\": [], \"name\": \"meta_title\", \"type\": \"string\", \"unsigned\": false, \"defaultTo\": null, \"notNullable\": false}, {\"args\": [\"longtext\"], \"name\": \"meta_description\", \"type\": \"text\", \"unsigned\": false, \"defaultTo\": null, \"notNullable\": false}], \"indexes\": [], \"foreignKeys\": []}, {\"name\": \"components_shared_rich_texts\", \"columns\": [{\"args\": [{\"primary\": true, \"primaryKey\": true}], \"name\": \"id\", \"type\": \"increments\", \"unsigned\": false, \"defaultTo\": null, \"notNullable\": true}, {\"args\": [\"longtext\"], \"name\": \"body\", \"type\": \"text\", \"unsigned\": false, \"defaultTo\": null, \"notNullable\": false}], \"indexes\": [], \"foreignKeys\": []}, {\"name\": \"components_shared_quotes\", \"columns\": [{\"args\": [{\"primary\": true, \"primaryKey\": true}], \"name\": \"id\", \"type\": \"increments\", \"unsigned\": false, \"defaultTo\": null, \"notNullable\": true}, {\"args\": [], \"name\": \"title\", \"type\": \"string\", \"unsigned\": false, \"defaultTo\": null, \"notNullable\": false}, {\"args\": [\"longtext\"], \"name\": \"body\", \"type\": \"text\", \"unsigned\": false, \"defaultTo\": null, \"notNullable\": false}], \"indexes\": [], \"foreignKeys\": []}, {\"name\": \"components_shared_media\", \"columns\": [{\"args\": [{\"primary\": true, \"primaryKey\": true}], \"name\": \"id\", \"type\": \"increments\", \"unsigned\": false, \"defaultTo\": null, \"notNullable\": true}], \"indexes\": [], \"foreignKeys\": []}, {\"name\": \"strapi_core_store_settings\", \"columns\": [{\"args\": [{\"primary\": true, \"primaryKey\": true}], \"name\": \"id\", \"type\": \"increments\", \"unsigned\": false, \"defaultTo\": null, \"notNullable\": true}, {\"args\": [], \"name\": \"key\", \"type\": \"string\", \"unsigned\": false, \"defaultTo\": null, \"notNullable\": false}, {\"args\": [\"longtext\"], \"name\": \"value\", \"type\": \"text\", \"unsigned\": false, \"defaultTo\": null, \"notNullable\": false}, {\"args\": [], \"name\": \"type\", \"type\": \"string\", \"unsigned\": false, \"defaultTo\": null, \"notNullable\": false}, {\"args\": [], \"name\": \"environment\", \"type\": \"string\", \"unsigned\": false, \"defaultTo\": null, \"notNullable\": false}, {\"args\": [], \"name\": \"tag\", \"type\": \"string\", \"unsigned\": false, \"defaultTo\": null, \"notNullable\": false}], \"indexes\": [], \"foreignKeys\": []}, {\"name\": \"strapi_webhooks\", \"columns\": [{\"args\": [{\"primary\": true, \"primaryKey\": true}], \"name\": \"id\", \"type\": \"increments\", \"unsigned\": false, \"defaultTo\": null, \"notNullable\": true}, {\"args\": [], \"name\": \"name\", \"type\": \"string\", \"unsigned\": false, \"defaultTo\": null, \"notNullable\": false}, {\"args\": [\"longtext\"], \"name\": \"url\", \"type\": \"text\", \"unsigned\": false, \"defaultTo\": null, \"notNullable\": false}, {\"args\": [], \"name\": \"headers\", \"type\": \"jsonb\", \"unsigned\": false, \"defaultTo\": null, \"notNullable\": false}, {\"args\": [], \"name\": \"events\", \"type\": \"jsonb\", \"unsigned\": false, \"defaultTo\": null, \"notNullable\": false}, {\"args\": [], \"name\": \"enabled\", \"type\": \"boolean\", \"unsigned\": false, \"defaultTo\": null, \"notNullable\": false}], \"indexes\": [], \"foreignKeys\": []}, {\"name\": \"strapi_history_versions\", \"columns\": [{\"args\": [{\"primary\": true, \"primaryKey\": true}], \"name\": \"id\", \"type\": \"increments\", \"unsigned\": false, \"defaultTo\": null, \"notNullable\": true}, {\"args\": [], \"name\": \"content_type\", \"type\": \"string\", \"unsigned\": false, \"defaultTo\": null, \"notNullable\": true}, {\"args\": [], \"name\": \"related_document_id\", \"type\": \"string\", \"unsigned\": false, \"defaultTo\": null, \"notNullable\": false}, {\"args\": [], \"name\": \"locale\", \"type\": \"string\", \"unsigned\": false, \"defaultTo\": null, \"notNullable\": false}, {\"args\": [], \"name\": \"status\", \"type\": \"string\", \"unsigned\": false, \"defaultTo\": null, \"notNullable\": false}, {\"args\": [], \"name\": \"data\", \"type\": \"jsonb\", \"unsigned\": false, \"defaultTo\": null, \"notNullable\": false}, {\"args\": [], \"name\": \"schema\", \"type\": \"jsonb\", \"unsigned\": false, \"defaultTo\": null, \"notNullable\": false}, {\"args\": [{\"useTz\": false, \"precision\": 6}], \"name\": \"created_at\", \"type\": \"datetime\", \"unsigned\": false, \"defaultTo\": null, \"notNullable\": false}, {\"args\": [], \"name\": \"created_by_id\", \"type\": \"integer\", \"unsigned\": true, \"defaultTo\": null, \"notNullable\": false}], \"indexes\": [{\"name\": \"strapi_history_versions_created_by_id_fk\", \"columns\": [\"created_by_id\"]}], \"foreignKeys\": [{\"name\": \"strapi_history_versions_created_by_id_fk\", \"columns\": [\"created_by_id\"], \"onDelete\": \"SET NULL\", \"referencedTable\": \"admin_users\", \"referencedColumns\": [\"id\"]}]}, {\"name\": \"files_related_mph\", \"columns\": [{\"args\": [{\"primary\": true, \"primaryKey\": true}], \"name\": \"id\", \"type\": \"increments\", \"unsigned\": false, \"defaultTo\": null, \"notNullable\": true}, {\"args\": [], \"name\": \"file_id\", \"type\": \"integer\", \"unsigned\": true, \"defaultTo\": null, \"notNullable\": false}, {\"args\": [], \"name\": \"related_id\", \"type\": \"integer\", \"unsigned\": true, \"defaultTo\": null, \"notNullable\": false}, {\"args\": [], \"name\": \"related_type\", \"type\": \"string\", \"unsigned\": false, \"defaultTo\": null, \"notNullable\": false}, {\"args\": [], \"name\": \"field\", \"type\": \"string\", \"unsigned\": false, \"defaultTo\": null, \"notNullable\": false}, {\"args\": [], \"name\": \"order\", \"type\": \"double\", \"unsigned\": true, \"defaultTo\": null, \"notNullable\": false}], \"indexes\": [{\"name\": \"files_related_mph_fk\", \"columns\": [\"file_id\"]}, {\"name\": \"files_related_mph_oidx\", \"columns\": [\"order\"]}, {\"name\": \"files_related_mph_idix\", \"columns\": [\"related_id\"]}], \"foreignKeys\": [{\"name\": \"files_related_mph_fk\", \"columns\": [\"file_id\"], \"onDelete\": \"CASCADE\", \"referencedTable\": \"files\", \"referencedColumns\": [\"id\"]}]}, {\"name\": \"files_folder_lnk\", \"columns\": [{\"args\": [{\"primary\": true, \"primaryKey\": true}], \"name\": \"id\", \"type\": \"increments\", \"unsigned\": false, \"defaultTo\": null, \"notNullable\": true}, {\"args\": [], \"name\": \"file_id\", \"type\": \"integer\", \"unsigned\": true, \"defaultTo\": null, \"notNullable\": false}, {\"args\": [], \"name\": \"folder_id\", \"type\": \"integer\", \"unsigned\": true, \"defaultTo\": null, \"notNullable\": false}, {\"args\": [], \"name\": \"file_ord\", \"type\": \"double\", \"unsigned\": true, \"defaultTo\": null, \"notNullable\": false}], \"indexes\": [{\"name\": \"files_folder_lnk_fk\", \"columns\": [\"file_id\"]}, {\"name\": \"files_folder_lnk_ifk\", \"columns\": [\"folder_id\"]}, {\"name\": \"files_folder_lnk_uq\", \"type\": \"unique\", \"columns\": [\"file_id\", \"folder_id\"]}, {\"name\": \"files_folder_lnk_oifk\", \"columns\": [\"file_ord\"]}], \"foreignKeys\": [{\"name\": \"files_folder_lnk_fk\", \"columns\": [\"file_id\"], \"onDelete\": \"CASCADE\", \"referencedTable\": \"files\", \"referencedColumns\": [\"id\"]}, {\"name\": \"files_folder_lnk_ifk\", \"columns\": [\"folder_id\"], \"onDelete\": \"CASCADE\", \"referencedTable\": \"upload_folders\", \"referencedColumns\": [\"id\"]}]}, {\"name\": \"upload_folders_parent_lnk\", \"columns\": [{\"args\": [{\"primary\": true, \"primaryKey\": true}], \"name\": \"id\", \"type\": \"increments\", \"unsigned\": false, \"defaultTo\": null, \"notNullable\": true}, {\"args\": [], \"name\": \"folder_id\", \"type\": \"integer\", \"unsigned\": true, \"defaultTo\": null, \"notNullable\": false}, {\"args\": [], \"name\": \"inv_folder_id\", \"type\": \"integer\", \"unsigned\": true, \"defaultTo\": null, \"notNullable\": false}, {\"args\": [], \"name\": \"folder_ord\", \"type\": \"double\", \"unsigned\": true, \"defaultTo\": null, \"notNullable\": false}], \"indexes\": [{\"name\": \"upload_folders_parent_lnk_fk\", \"columns\": [\"folder_id\"]}, {\"name\": \"upload_folders_parent_lnk_ifk\", \"columns\": [\"inv_folder_id\"]}, {\"name\": \"upload_folders_parent_lnk_uq\", \"type\": \"unique\", \"columns\": [\"folder_id\", \"inv_folder_id\"]}, {\"name\": \"upload_folders_parent_lnk_oifk\", \"columns\": [\"folder_ord\"]}], \"foreignKeys\": [{\"name\": \"upload_folders_parent_lnk_fk\", \"columns\": [\"folder_id\"], \"onDelete\": \"CASCADE\", \"referencedTable\": \"upload_folders\", \"referencedColumns\": [\"id\"]}, {\"name\": \"upload_folders_parent_lnk_ifk\", \"columns\": [\"inv_folder_id\"], \"onDelete\": \"CASCADE\", \"referencedTable\": \"upload_folders\", \"referencedColumns\": [\"id\"]}]}, {\"name\": \"strapi_release_actions_release_lnk\", \"columns\": [{\"args\": [{\"primary\": true, \"primaryKey\": true}], \"name\": \"id\", \"type\": \"increments\", \"unsigned\": false, \"defaultTo\": null, \"notNullable\": true}, {\"args\": [], \"name\": \"release_action_id\", \"type\": \"integer\", \"unsigned\": true, \"defaultTo\": null, \"notNullable\": false}, {\"args\": [], \"name\": \"release_id\", \"type\": \"integer\", \"unsigned\": true, \"defaultTo\": null, \"notNullable\": false}, {\"args\": [], \"name\": \"release_action_ord\", \"type\": \"double\", \"unsigned\": true, \"defaultTo\": null, \"notNullable\": false}], \"indexes\": [{\"name\": \"strapi_release_actions_release_lnk_fk\", \"columns\": [\"release_action_id\"]}, {\"name\": \"strapi_release_actions_release_lnk_ifk\", \"columns\": [\"release_id\"]}, {\"name\": \"strapi_release_actions_release_lnk_uq\", \"type\": \"unique\", \"columns\": [\"release_action_id\", \"release_id\"]}, {\"name\": \"strapi_release_actions_release_lnk_oifk\", \"columns\": [\"release_action_ord\"]}], \"foreignKeys\": [{\"name\": \"strapi_release_actions_release_lnk_fk\", \"columns\": [\"release_action_id\"], \"onDelete\": \"CASCADE\", \"referencedTable\": \"strapi_release_actions\", \"referencedColumns\": [\"id\"]}, {\"name\": \"strapi_release_actions_release_lnk_ifk\", \"columns\": [\"release_id\"], \"onDelete\": \"CASCADE\", \"referencedTable\": \"strapi_releases\", \"referencedColumns\": [\"id\"]}]}, {\"name\": \"strapi_workflows_stage_required_to_publish_lnk\", \"columns\": [{\"args\": [{\"primary\": true, \"primaryKey\": true}], \"name\": \"id\", \"type\": \"increments\", \"unsigned\": false, \"defaultTo\": null, \"notNullable\": true}, {\"args\": [], \"name\": \"workflow_id\", \"type\": \"integer\", \"unsigned\": true, \"defaultTo\": null, \"notNullable\": false}, {\"args\": [], \"name\": \"workflow_stage_id\", \"type\": \"integer\", \"unsigned\": true, \"defaultTo\": null, \"notNullable\": false}], \"indexes\": [{\"name\": \"strapi_workflows_stage_required_to_publish_lnk_fk\", \"columns\": [\"workflow_id\"]}, {\"name\": \"strapi_workflows_stage_required_to_publish_lnk_ifk\", \"columns\": [\"workflow_stage_id\"]}, {\"name\": \"strapi_workflows_stage_required_to_publish_lnk_uq\", \"type\": \"unique\", \"columns\": [\"workflow_id\", \"workflow_stage_id\"]}], \"foreignKeys\": [{\"name\": \"strapi_workflows_stage_required_to_publish_lnk_fk\", \"columns\": [\"workflow_id\"], \"onDelete\": \"CASCADE\", \"referencedTable\": \"strapi_workflows\", \"referencedColumns\": [\"id\"]}, {\"name\": \"strapi_workflows_stage_required_to_publish_lnk_ifk\", \"columns\": [\"workflow_stage_id\"], \"onDelete\": \"CASCADE\", \"referencedTable\": \"strapi_workflows_stages\", \"referencedColumns\": [\"id\"]}]}, {\"name\": \"strapi_workflows_stages_workflow_lnk\", \"columns\": [{\"args\": [{\"primary\": true, \"primaryKey\": true}], \"name\": \"id\", \"type\": \"increments\", \"unsigned\": false, \"defaultTo\": null, \"notNullable\": true}, {\"args\": [], \"name\": \"workflow_stage_id\", \"type\": \"integer\", \"unsigned\": true, \"defaultTo\": null, \"notNullable\": false}, {\"args\": [], \"name\": \"workflow_id\", \"type\": \"integer\", \"unsigned\": true, \"defaultTo\": null, \"notNullable\": false}, {\"args\": [], \"name\": \"workflow_stage_ord\", \"type\": \"double\", \"unsigned\": true, \"defaultTo\": null, \"notNullable\": false}], \"indexes\": [{\"name\": \"strapi_workflows_stages_workflow_lnk_fk\", \"columns\": [\"workflow_stage_id\"]}, {\"name\": \"strapi_workflows_stages_workflow_lnk_ifk\", \"columns\": [\"workflow_id\"]}, {\"name\": \"strapi_workflows_stages_workflow_lnk_uq\", \"type\": \"unique\", \"columns\": [\"workflow_stage_id\", \"workflow_id\"]}, {\"name\": \"strapi_workflows_stages_workflow_lnk_oifk\", \"columns\": [\"workflow_stage_ord\"]}], \"foreignKeys\": [{\"name\": \"strapi_workflows_stages_workflow_lnk_fk\", \"columns\": [\"workflow_stage_id\"], \"onDelete\": \"CASCADE\", \"referencedTable\": \"strapi_workflows_stages\", \"referencedColumns\": [\"id\"]}, {\"name\": \"strapi_workflows_stages_workflow_lnk_ifk\", \"columns\": [\"workflow_id\"], \"onDelete\": \"CASCADE\", \"referencedTable\": \"strapi_workflows\", \"referencedColumns\": [\"id\"]}]}, {\"name\": \"strapi_workflows_stages_permissions_lnk\", \"columns\": [{\"args\": [{\"primary\": true, \"primaryKey\": true}], \"name\": \"id\", \"type\": \"increments\", \"unsigned\": false, \"defaultTo\": null, \"notNullable\": true}, {\"args\": [], \"name\": \"workflow_stage_id\", \"type\": \"integer\", \"unsigned\": true, \"defaultTo\": null, \"notNullable\": false}, {\"args\": [], \"name\": \"permission_id\", \"type\": \"integer\", \"unsigned\": true, \"defaultTo\": null, \"notNullable\": false}, {\"args\": [], \"name\": \"permission_ord\", \"type\": \"double\", \"unsigned\": true, \"defaultTo\": null, \"notNullable\": false}], \"indexes\": [{\"name\": \"strapi_workflows_stages_permissions_lnk_fk\", \"columns\": [\"workflow_stage_id\"]}, {\"name\": \"strapi_workflows_stages_permissions_lnk_ifk\", \"columns\": [\"permission_id\"]}, {\"name\": \"strapi_workflows_stages_permissions_lnk_uq\", \"type\": \"unique\", \"columns\": [\"workflow_stage_id\", \"permission_id\"]}, {\"name\": \"strapi_workflows_stages_permissions_lnk_ofk\", \"columns\": [\"permission_ord\"]}], \"foreignKeys\": [{\"name\": \"strapi_workflows_stages_permissions_lnk_fk\", \"columns\": [\"workflow_stage_id\"], \"onDelete\": \"CASCADE\", \"referencedTable\": \"strapi_workflows_stages\", \"referencedColumns\": [\"id\"]}, {\"name\": \"strapi_workflows_stages_permissions_lnk_ifk\", \"columns\": [\"permission_id\"], \"onDelete\": \"CASCADE\", \"referencedTable\": \"admin_permissions\", \"referencedColumns\": [\"id\"]}]}, {\"name\": \"up_permissions_role_lnk\", \"columns\": [{\"args\": [{\"primary\": true, \"primaryKey\": true}], \"name\": \"id\", \"type\": \"increments\", \"unsigned\": false, \"defaultTo\": null, \"notNullable\": true}, {\"args\": [], \"name\": \"permission_id\", \"type\": \"integer\", \"unsigned\": true, \"defaultTo\": null, \"notNullable\": false}, {\"args\": [], \"name\": \"role_id\", \"type\": \"integer\", \"unsigned\": true, \"defaultTo\": null, \"notNullable\": false}, {\"args\": [], \"name\": \"permission_ord\", \"type\": \"double\", \"unsigned\": true, \"defaultTo\": null, \"notNullable\": false}], \"indexes\": [{\"name\": \"up_permissions_role_lnk_fk\", \"columns\": [\"permission_id\"]}, {\"name\": \"up_permissions_role_lnk_ifk\", \"columns\": [\"role_id\"]}, {\"name\": \"up_permissions_role_lnk_uq\", \"type\": \"unique\", \"columns\": [\"permission_id\", \"role_id\"]}, {\"name\": \"up_permissions_role_lnk_oifk\", \"columns\": [\"permission_ord\"]}], \"foreignKeys\": [{\"name\": \"up_permissions_role_lnk_fk\", \"columns\": [\"permission_id\"], \"onDelete\": \"CASCADE\", \"referencedTable\": \"up_permissions\", \"referencedColumns\": [\"id\"]}, {\"name\": \"up_permissions_role_lnk_ifk\", \"columns\": [\"role_id\"], \"onDelete\": \"CASCADE\", \"referencedTable\": \"up_roles\", \"referencedColumns\": [\"id\"]}]}, {\"name\": \"up_users_role_lnk\", \"columns\": [{\"args\": [{\"primary\": true, \"primaryKey\": true}], \"name\": \"id\", \"type\": \"increments\", \"unsigned\": false, \"defaultTo\": null, \"notNullable\": true}, {\"args\": [], \"name\": \"user_id\", \"type\": \"integer\", \"unsigned\": true, \"defaultTo\": null, \"notNullable\": false}, {\"args\": [], \"name\": \"role_id\", \"type\": \"integer\", \"unsigned\": true, \"defaultTo\": null, \"notNullable\": false}, {\"args\": [], \"name\": \"user_ord\", \"type\": \"double\", \"unsigned\": true, \"defaultTo\": null, \"notNullable\": false}], \"indexes\": [{\"name\": \"up_users_role_lnk_fk\", \"columns\": [\"user_id\"]}, {\"name\": \"up_users_role_lnk_ifk\", \"columns\": [\"role_id\"]}, {\"name\": \"up_users_role_lnk_uq\", \"type\": \"unique\", \"columns\": [\"user_id\", \"role_id\"]}, {\"name\": \"up_users_role_lnk_oifk\", \"columns\": [\"user_ord\"]}], \"foreignKeys\": [{\"name\": \"up_users_role_lnk_fk\", \"columns\": [\"user_id\"], \"onDelete\": \"CASCADE\", \"referencedTable\": \"up_users\", \"referencedColumns\": [\"id\"]}, {\"name\": \"up_users_role_lnk_ifk\", \"columns\": [\"role_id\"], \"onDelete\": \"CASCADE\", \"referencedTable\": \"up_roles\", \"referencedColumns\": [\"id\"]}]}, {\"name\": \"articles_author_lnk\", \"columns\": [{\"args\": [{\"primary\": true, \"primaryKey\": true}], \"name\": \"id\", \"type\": \"increments\", \"unsigned\": false, \"defaultTo\": null, \"notNullable\": true}, {\"args\": [], \"name\": \"article_id\", \"type\": \"integer\", \"unsigned\": true, \"defaultTo\": null, \"notNullable\": false}, {\"args\": [], \"name\": \"author_id\", \"type\": \"integer\", \"unsigned\": true, \"defaultTo\": null, \"notNullable\": false}, {\"args\": [], \"name\": \"article_ord\", \"type\": \"double\", \"unsigned\": true, \"defaultTo\": null, \"notNullable\": false}], \"indexes\": [{\"name\": \"articles_author_lnk_fk\", \"columns\": [\"article_id\"]}, {\"name\": \"articles_author_lnk_ifk\", \"columns\": [\"author_id\"]}, {\"name\": \"articles_author_lnk_uq\", \"type\": \"unique\", \"columns\": [\"article_id\", \"author_id\"]}, {\"name\": \"articles_author_lnk_oifk\", \"columns\": [\"article_ord\"]}], \"foreignKeys\": [{\"name\": \"articles_author_lnk_fk\", \"columns\": [\"article_id\"], \"onDelete\": \"CASCADE\", \"referencedTable\": \"articles\", \"referencedColumns\": [\"id\"]}, {\"name\": \"articles_author_lnk_ifk\", \"columns\": [\"author_id\"], \"onDelete\": \"CASCADE\", \"referencedTable\": \"authors\", \"referencedColumns\": [\"id\"]}]}, {\"name\": \"articles_category_lnk\", \"columns\": [{\"args\": [{\"primary\": true, \"primaryKey\": true}], \"name\": \"id\", \"type\": \"increments\", \"unsigned\": false, \"defaultTo\": null, \"notNullable\": true}, {\"args\": [], \"name\": \"article_id\", \"type\": \"integer\", \"unsigned\": true, \"defaultTo\": null, \"notNullable\": false}, {\"args\": [], \"name\": \"category_id\", \"type\": \"integer\", \"unsigned\": true, \"defaultTo\": null, \"notNullable\": false}, {\"args\": [], \"name\": \"article_ord\", \"type\": \"double\", \"unsigned\": true, \"defaultTo\": null, \"notNullable\": false}], \"indexes\": [{\"name\": \"articles_category_lnk_fk\", \"columns\": [\"article_id\"]}, {\"name\": \"articles_category_lnk_ifk\", \"columns\": [\"category_id\"]}, {\"name\": \"articles_category_lnk_uq\", \"type\": \"unique\", \"columns\": [\"article_id\", \"category_id\"]}, {\"name\": \"articles_category_lnk_oifk\", \"columns\": [\"article_ord\"]}], \"foreignKeys\": [{\"name\": \"articles_category_lnk_fk\", \"columns\": [\"article_id\"], \"onDelete\": \"CASCADE\", \"referencedTable\": \"articles\", \"referencedColumns\": [\"id\"]}, {\"name\": \"articles_category_lnk_ifk\", \"columns\": [\"category_id\"], \"onDelete\": \"CASCADE\", \"referencedTable\": \"categories\", \"referencedColumns\": [\"id\"]}]}, {\"name\": \"admin_permissions_role_lnk\", \"columns\": [{\"args\": [{\"primary\": true, \"primaryKey\": true}], \"name\": \"id\", \"type\": \"increments\", \"unsigned\": false, \"defaultTo\": null, \"notNullable\": true}, {\"args\": [], \"name\": \"permission_id\", \"type\": \"integer\", \"unsigned\": true, \"defaultTo\": null, \"notNullable\": false}, {\"args\": [], \"name\": \"role_id\", \"type\": \"integer\", \"unsigned\": true, \"defaultTo\": null, \"notNullable\": false}, {\"args\": [], \"name\": \"permission_ord\", \"type\": \"double\", \"unsigned\": true, \"defaultTo\": null, \"notNullable\": false}], \"indexes\": [{\"name\": \"admin_permissions_role_lnk_fk\", \"columns\": [\"permission_id\"]}, {\"name\": \"admin_permissions_role_lnk_ifk\", \"columns\": [\"role_id\"]}, {\"name\": \"admin_permissions_role_lnk_uq\", \"type\": \"unique\", \"columns\": [\"permission_id\", \"role_id\"]}, {\"name\": \"admin_permissions_role_lnk_oifk\", \"columns\": [\"permission_ord\"]}], \"foreignKeys\": [{\"name\": \"admin_permissions_role_lnk_fk\", \"columns\": [\"permission_id\"], \"onDelete\": \"CASCADE\", \"referencedTable\": \"admin_permissions\", \"referencedColumns\": [\"id\"]}, {\"name\": \"admin_permissions_role_lnk_ifk\", \"columns\": [\"role_id\"], \"onDelete\": \"CASCADE\", \"referencedTable\": \"admin_roles\", \"referencedColumns\": [\"id\"]}]}, {\"name\": \"admin_users_roles_lnk\", \"columns\": [{\"args\": [{\"primary\": true, \"primaryKey\": true}], \"name\": \"id\", \"type\": \"increments\", \"unsigned\": false, \"defaultTo\": null, \"notNullable\": true}, {\"args\": [], \"name\": \"user_id\", \"type\": \"integer\", \"unsigned\": true, \"defaultTo\": null, \"notNullable\": false}, {\"args\": [], \"name\": \"role_id\", \"type\": \"integer\", \"unsigned\": true, \"defaultTo\": null, \"notNullable\": false}, {\"args\": [], \"name\": \"role_ord\", \"type\": \"double\", \"unsigned\": true, \"defaultTo\": null, \"notNullable\": false}, {\"args\": [], \"name\": \"user_ord\", \"type\": \"double\", \"unsigned\": true, \"defaultTo\": null, \"notNullable\": false}], \"indexes\": [{\"name\": \"admin_users_roles_lnk_fk\", \"columns\": [\"user_id\"]}, {\"name\": \"admin_users_roles_lnk_ifk\", \"columns\": [\"role_id\"]}, {\"name\": \"admin_users_roles_lnk_uq\", \"type\": \"unique\", \"columns\": [\"user_id\", \"role_id\"]}, {\"name\": \"admin_users_roles_lnk_ofk\", \"columns\": [\"role_ord\"]}, {\"name\": \"admin_users_roles_lnk_oifk\", \"columns\": [\"user_ord\"]}], \"foreignKeys\": [{\"name\": \"admin_users_roles_lnk_fk\", \"columns\": [\"user_id\"], \"onDelete\": \"CASCADE\", \"referencedTable\": \"admin_users\", \"referencedColumns\": [\"id\"]}, {\"name\": \"admin_users_roles_lnk_ifk\", \"columns\": [\"role_id\"], \"onDelete\": \"CASCADE\", \"referencedTable\": \"admin_roles\", \"referencedColumns\": [\"id\"]}]}, {\"name\": \"strapi_api_token_permissions_token_lnk\", \"columns\": [{\"args\": [{\"primary\": true, \"primaryKey\": true}], \"name\": \"id\", \"type\": \"increments\", \"unsigned\": false, \"defaultTo\": null, \"notNullable\": true}, {\"args\": [], \"name\": \"api_token_permission_id\", \"type\": \"integer\", \"unsigned\": true, \"defaultTo\": null, \"notNullable\": false}, {\"args\": [], \"name\": \"api_token_id\", \"type\": \"integer\", \"unsigned\": true, \"defaultTo\": null, \"notNullable\": false}, {\"args\": [], \"name\": \"api_token_permission_ord\", \"type\": \"double\", \"unsigned\": true, \"defaultTo\": null, \"notNullable\": false}], \"indexes\": [{\"name\": \"strapi_api_token_permissions_token_lnk_fk\", \"columns\": [\"api_token_permission_id\"]}, {\"name\": \"strapi_api_token_permissions_token_lnk_ifk\", \"columns\": [\"api_token_id\"]}, {\"name\": \"strapi_api_token_permissions_token_lnk_uq\", \"type\": \"unique\", \"columns\": [\"api_token_permission_id\", \"api_token_id\"]}, {\"name\": \"strapi_api_token_permissions_token_lnk_oifk\", \"columns\": [\"api_token_permission_ord\"]}], \"foreignKeys\": [{\"name\": \"strapi_api_token_permissions_token_lnk_fk\", \"columns\": [\"api_token_permission_id\"], \"onDelete\": \"CASCADE\", \"referencedTable\": \"strapi_api_token_permissions\", \"referencedColumns\": [\"id\"]}, {\"name\": \"strapi_api_token_permissions_token_lnk_ifk\", \"columns\": [\"api_token_id\"], \"onDelete\": \"CASCADE\", \"referencedTable\": \"strapi_api_tokens\", \"referencedColumns\": [\"id\"]}]}, {\"name\": \"strapi_transfer_token_permissions_token_lnk\", \"columns\": [{\"args\": [{\"primary\": true, \"primaryKey\": true}], \"name\": \"id\", \"type\": \"increments\", \"unsigned\": false, \"defaultTo\": null, \"notNullable\": true}, {\"args\": [], \"name\": \"transfer_token_permission_id\", \"type\": \"integer\", \"unsigned\": true, \"defaultTo\": null, \"notNullable\": false}, {\"args\": [], \"name\": \"transfer_token_id\", \"type\": \"integer\", \"unsigned\": true, \"defaultTo\": null, \"notNullable\": false}, {\"args\": [], \"name\": \"transfer_token_permission_ord\", \"type\": \"double\", \"unsigned\": true, \"defaultTo\": null, \"notNullable\": false}], \"indexes\": [{\"name\": \"strapi_transfer_token_permissions_token_lnk_fk\", \"columns\": [\"transfer_token_permission_id\"]}, {\"name\": \"strapi_transfer_token_permissions_token_lnk_ifk\", \"columns\": [\"transfer_token_id\"]}, {\"name\": \"strapi_transfer_token_permissions_token_lnk_uq\", \"type\": \"unique\", \"columns\": [\"transfer_token_permission_id\", \"transfer_token_id\"]}, {\"name\": \"strapi_transfer_token_permissions_token_lnk_oifk\", \"columns\": [\"transfer_token_permission_ord\"]}], \"foreignKeys\": [{\"name\": \"strapi_transfer_token_permissions_token_lnk_fk\", \"columns\": [\"transfer_token_permission_id\"], \"onDelete\": \"CASCADE\", \"referencedTable\": \"strapi_transfer_token_permissions\", \"referencedColumns\": [\"id\"]}, {\"name\": \"strapi_transfer_token_permissions_token_lnk_ifk\", \"columns\": [\"transfer_token_id\"], \"onDelete\": \"CASCADE\", \"referencedTable\": \"strapi_transfer_tokens\", \"referencedColumns\": [\"id\"]}]}]}','2024-11-15 15:42:09','4e63a6af5764ac28a614a8fd8aa591f6');
/*!40000 ALTER TABLE `strapi_database_schema` ENABLE KEYS */;
UNLOCK TABLES;

--
-- Table structure for table `strapi_history_versions`
--

DROP TABLE IF EXISTS `strapi_history_versions`;
/*!40101 SET @saved_cs_client     = @@character_set_client */;
/*!50503 SET character_set_client = utf8mb4 */;
CREATE TABLE `strapi_history_versions` (
  `id` int unsigned NOT NULL AUTO_INCREMENT,
  `content_type` varchar(255) NOT NULL,
  `related_document_id` varchar(255) DEFAULT NULL,
  `locale` varchar(255) DEFAULT NULL,
  `status` varchar(255) DEFAULT NULL,
  `data` json DEFAULT NULL,
  `schema` json DEFAULT NULL,
  `created_at` datetime(6) DEFAULT NULL,
  `created_by_id` int unsigned DEFAULT NULL,
  PRIMARY KEY (`id`),
  KEY `strapi_history_versions_created_by_id_fk` (`created_by_id`),
  CONSTRAINT `strapi_history_versions_created_by_id_fk` FOREIGN KEY (`created_by_id`) REFERENCES `admin_users` (`id`) ON DELETE SET NULL
) ENGINE=InnoDB DEFAULT CHARSET=utf8mb4 COLLATE=utf8mb4_0900_ai_ci;
/*!40101 SET character_set_client = @saved_cs_client */;

--
-- Dumping data for table `strapi_history_versions`
--

LOCK TABLES `strapi_history_versions` WRITE;
/*!40000 ALTER TABLE `strapi_history_versions` DISABLE KEYS */;
/*!40000 ALTER TABLE `strapi_history_versions` ENABLE KEYS */;
UNLOCK TABLES;

--
-- Table structure for table `strapi_migrations`
--

DROP TABLE IF EXISTS `strapi_migrations`;
/*!40101 SET @saved_cs_client     = @@character_set_client */;
/*!50503 SET character_set_client = utf8mb4 */;
CREATE TABLE `strapi_migrations` (
  `id` int unsigned NOT NULL AUTO_INCREMENT,
  `name` varchar(255) DEFAULT NULL,
  `time` datetime DEFAULT NULL,
  PRIMARY KEY (`id`)
) ENGINE=InnoDB DEFAULT CHARSET=utf8mb4 COLLATE=utf8mb4_0900_ai_ci;
/*!40101 SET character_set_client = @saved_cs_client */;

--
-- Dumping data for table `strapi_migrations`
--

LOCK TABLES `strapi_migrations` WRITE;
/*!40000 ALTER TABLE `strapi_migrations` DISABLE KEYS */;
/*!40000 ALTER TABLE `strapi_migrations` ENABLE KEYS */;
UNLOCK TABLES;

--
-- Table structure for table `strapi_migrations_internal`
--

DROP TABLE IF EXISTS `strapi_migrations_internal`;
/*!40101 SET @saved_cs_client     = @@character_set_client */;
/*!50503 SET character_set_client = utf8mb4 */;
CREATE TABLE `strapi_migrations_internal` (
  `id` int unsigned NOT NULL AUTO_INCREMENT,
  `name` varchar(255) DEFAULT NULL,
  `time` datetime DEFAULT NULL,
  PRIMARY KEY (`id`)
) ENGINE=InnoDB AUTO_INCREMENT=7 DEFAULT CHARSET=utf8mb4 COLLATE=utf8mb4_0900_ai_ci;
/*!40101 SET character_set_client = @saved_cs_client */;

--
-- Dumping data for table `strapi_migrations_internal`
--

LOCK TABLES `strapi_migrations_internal` WRITE;
/*!40000 ALTER TABLE `strapi_migrations_internal` DISABLE KEYS */;
INSERT INTO `strapi_migrations_internal` VALUES (1,'5.0.0-rename-identifiers-longer-than-max-length','2024-11-15 15:42:07'),(2,'5.0.0-02-created-document-id','2024-11-15 15:42:07'),(3,'5.0.0-03-created-locale','2024-11-15 15:42:07'),(4,'5.0.0-04-created-published-at','2024-11-15 15:42:07'),(5,'5.0.0-05-drop-slug-fields-index','2024-11-15 15:42:07'),(6,'core::5.0.0-discard-drafts','2024-11-15 15:42:07');
/*!40000 ALTER TABLE `strapi_migrations_internal` ENABLE KEYS */;
UNLOCK TABLES;

--
-- Table structure for table `strapi_release_actions`
--

DROP TABLE IF EXISTS `strapi_release_actions`;
/*!40101 SET @saved_cs_client     = @@character_set_client */;
/*!50503 SET character_set_client = utf8mb4 */;
CREATE TABLE `strapi_release_actions` (
  `id` int unsigned NOT NULL AUTO_INCREMENT,
  `document_id` varchar(255) DEFAULT NULL,
  `type` varchar(255) DEFAULT NULL,
  `content_type` varchar(255) DEFAULT NULL,
  `entry_document_id` varchar(255) DEFAULT NULL,
  `locale` varchar(255) DEFAULT NULL,
  `is_entry_valid` tinyint(1) DEFAULT NULL,
  `created_at` datetime(6) DEFAULT NULL,
  `updated_at` datetime(6) DEFAULT NULL,
  `published_at` datetime(6) DEFAULT NULL,
  `created_by_id` int unsigned DEFAULT NULL,
  `updated_by_id` int unsigned DEFAULT NULL,
  PRIMARY KEY (`id`),
  KEY `strapi_release_actions_documents_idx` (`document_id`,`locale`,`published_at`),
  KEY `strapi_release_actions_created_by_id_fk` (`created_by_id`),
  KEY `strapi_release_actions_updated_by_id_fk` (`updated_by_id`),
  CONSTRAINT `strapi_release_actions_created_by_id_fk` FOREIGN KEY (`created_by_id`) REFERENCES `admin_users` (`id`) ON DELETE SET NULL,
  CONSTRAINT `strapi_release_actions_updated_by_id_fk` FOREIGN KEY (`updated_by_id`) REFERENCES `admin_users` (`id`) ON DELETE SET NULL
) ENGINE=InnoDB DEFAULT CHARSET=utf8mb4 COLLATE=utf8mb4_0900_ai_ci;
/*!40101 SET character_set_client = @saved_cs_client */;

--
-- Dumping data for table `strapi_release_actions`
--

LOCK TABLES `strapi_release_actions` WRITE;
/*!40000 ALTER TABLE `strapi_release_actions` DISABLE KEYS */;
/*!40000 ALTER TABLE `strapi_release_actions` ENABLE KEYS */;
UNLOCK TABLES;

--
-- Table structure for table `strapi_release_actions_release_lnk`
--

DROP TABLE IF EXISTS `strapi_release_actions_release_lnk`;
/*!40101 SET @saved_cs_client     = @@character_set_client */;
/*!50503 SET character_set_client = utf8mb4 */;
CREATE TABLE `strapi_release_actions_release_lnk` (
  `id` int unsigned NOT NULL AUTO_INCREMENT,
  `release_action_id` int unsigned DEFAULT NULL,
  `release_id` int unsigned DEFAULT NULL,
  `release_action_ord` double unsigned DEFAULT NULL,
  PRIMARY KEY (`id`),
  UNIQUE KEY `strapi_release_actions_release_lnk_uq` (`release_action_id`,`release_id`),
  KEY `strapi_release_actions_release_lnk_fk` (`release_action_id`),
  KEY `strapi_release_actions_release_lnk_ifk` (`release_id`),
  KEY `strapi_release_actions_release_lnk_oifk` (`release_action_ord`),
  CONSTRAINT `strapi_release_actions_release_lnk_fk` FOREIGN KEY (`release_action_id`) REFERENCES `strapi_release_actions` (`id`) ON DELETE CASCADE,
  CONSTRAINT `strapi_release_actions_release_lnk_ifk` FOREIGN KEY (`release_id`) REFERENCES `strapi_releases` (`id`) ON DELETE CASCADE
) ENGINE=InnoDB DEFAULT CHARSET=utf8mb4 COLLATE=utf8mb4_0900_ai_ci;
/*!40101 SET character_set_client = @saved_cs_client */;

--
-- Dumping data for table `strapi_release_actions_release_lnk`
--

LOCK TABLES `strapi_release_actions_release_lnk` WRITE;
/*!40000 ALTER TABLE `strapi_release_actions_release_lnk` DISABLE KEYS */;
/*!40000 ALTER TABLE `strapi_release_actions_release_lnk` ENABLE KEYS */;
UNLOCK TABLES;

--
-- Table structure for table `strapi_releases`
--

DROP TABLE IF EXISTS `strapi_releases`;
/*!40101 SET @saved_cs_client     = @@character_set_client */;
/*!50503 SET character_set_client = utf8mb4 */;
CREATE TABLE `strapi_releases` (
  `id` int unsigned NOT NULL AUTO_INCREMENT,
  `document_id` varchar(255) DEFAULT NULL,
  `name` varchar(255) DEFAULT NULL,
  `released_at` datetime(6) DEFAULT NULL,
  `scheduled_at` datetime(6) DEFAULT NULL,
  `timezone` varchar(255) DEFAULT NULL,
  `status` varchar(255) DEFAULT NULL,
  `created_at` datetime(6) DEFAULT NULL,
  `updated_at` datetime(6) DEFAULT NULL,
  `published_at` datetime(6) DEFAULT NULL,
  `created_by_id` int unsigned DEFAULT NULL,
  `updated_by_id` int unsigned DEFAULT NULL,
  `locale` varchar(255) DEFAULT NULL,
  PRIMARY KEY (`id`),
  KEY `strapi_releases_documents_idx` (`document_id`,`locale`,`published_at`),
  KEY `strapi_releases_created_by_id_fk` (`created_by_id`),
  KEY `strapi_releases_updated_by_id_fk` (`updated_by_id`),
  CONSTRAINT `strapi_releases_created_by_id_fk` FOREIGN KEY (`created_by_id`) REFERENCES `admin_users` (`id`) ON DELETE SET NULL,
  CONSTRAINT `strapi_releases_updated_by_id_fk` FOREIGN KEY (`updated_by_id`) REFERENCES `admin_users` (`id`) ON DELETE SET NULL
) ENGINE=InnoDB DEFAULT CHARSET=utf8mb4 COLLATE=utf8mb4_0900_ai_ci;
/*!40101 SET character_set_client = @saved_cs_client */;

--
-- Dumping data for table `strapi_releases`
--

LOCK TABLES `strapi_releases` WRITE;
/*!40000 ALTER TABLE `strapi_releases` DISABLE KEYS */;
/*!40000 ALTER TABLE `strapi_releases` ENABLE KEYS */;
UNLOCK TABLES;

--
-- Table structure for table `strapi_transfer_token_permissions`
--

DROP TABLE IF EXISTS `strapi_transfer_token_permissions`;
/*!40101 SET @saved_cs_client     = @@character_set_client */;
/*!50503 SET character_set_client = utf8mb4 */;
CREATE TABLE `strapi_transfer_token_permissions` (
  `id` int unsigned NOT NULL AUTO_INCREMENT,
  `document_id` varchar(255) DEFAULT NULL,
  `action` varchar(255) DEFAULT NULL,
  `created_at` datetime(6) DEFAULT NULL,
  `updated_at` datetime(6) DEFAULT NULL,
  `published_at` datetime(6) DEFAULT NULL,
  `created_by_id` int unsigned DEFAULT NULL,
  `updated_by_id` int unsigned DEFAULT NULL,
  `locale` varchar(255) DEFAULT NULL,
  PRIMARY KEY (`id`),
  KEY `strapi_transfer_token_permissions_documents_idx` (`document_id`,`locale`,`published_at`),
  KEY `strapi_transfer_token_permissions_created_by_id_fk` (`created_by_id`),
  KEY `strapi_transfer_token_permissions_updated_by_id_fk` (`updated_by_id`),
  CONSTRAINT `strapi_transfer_token_permissions_created_by_id_fk` FOREIGN KEY (`created_by_id`) REFERENCES `admin_users` (`id`) ON DELETE SET NULL,
  CONSTRAINT `strapi_transfer_token_permissions_updated_by_id_fk` FOREIGN KEY (`updated_by_id`) REFERENCES `admin_users` (`id`) ON DELETE SET NULL
) ENGINE=InnoDB DEFAULT CHARSET=utf8mb4 COLLATE=utf8mb4_0900_ai_ci;
/*!40101 SET character_set_client = @saved_cs_client */;

--
-- Dumping data for table `strapi_transfer_token_permissions`
--

LOCK TABLES `strapi_transfer_token_permissions` WRITE;
/*!40000 ALTER TABLE `strapi_transfer_token_permissions` DISABLE KEYS */;
/*!40000 ALTER TABLE `strapi_transfer_token_permissions` ENABLE KEYS */;
UNLOCK TABLES;

--
-- Table structure for table `strapi_transfer_token_permissions_token_lnk`
--

DROP TABLE IF EXISTS `strapi_transfer_token_permissions_token_lnk`;
/*!40101 SET @saved_cs_client     = @@character_set_client */;
/*!50503 SET character_set_client = utf8mb4 */;
CREATE TABLE `strapi_transfer_token_permissions_token_lnk` (
  `id` int unsigned NOT NULL AUTO_INCREMENT,
  `transfer_token_permission_id` int unsigned DEFAULT NULL,
  `transfer_token_id` int unsigned DEFAULT NULL,
  `transfer_token_permission_ord` double unsigned DEFAULT NULL,
  PRIMARY KEY (`id`),
  UNIQUE KEY `strapi_transfer_token_permissions_token_lnk_uq` (`transfer_token_permission_id`,`transfer_token_id`),
  KEY `strapi_transfer_token_permissions_token_lnk_fk` (`transfer_token_permission_id`),
  KEY `strapi_transfer_token_permissions_token_lnk_ifk` (`transfer_token_id`),
  KEY `strapi_transfer_token_permissions_token_lnk_oifk` (`transfer_token_permission_ord`),
  CONSTRAINT `strapi_transfer_token_permissions_token_lnk_fk` FOREIGN KEY (`transfer_token_permission_id`) REFERENCES `strapi_transfer_token_permissions` (`id`) ON DELETE CASCADE,
  CONSTRAINT `strapi_transfer_token_permissions_token_lnk_ifk` FOREIGN KEY (`transfer_token_id`) REFERENCES `strapi_transfer_tokens` (`id`) ON DELETE CASCADE
) ENGINE=InnoDB DEFAULT CHARSET=utf8mb4 COLLATE=utf8mb4_0900_ai_ci;
/*!40101 SET character_set_client = @saved_cs_client */;

--
-- Dumping data for table `strapi_transfer_token_permissions_token_lnk`
--

LOCK TABLES `strapi_transfer_token_permissions_token_lnk` WRITE;
/*!40000 ALTER TABLE `strapi_transfer_token_permissions_token_lnk` DISABLE KEYS */;
/*!40000 ALTER TABLE `strapi_transfer_token_permissions_token_lnk` ENABLE KEYS */;
UNLOCK TABLES;

--
-- Table structure for table `strapi_transfer_tokens`
--

DROP TABLE IF EXISTS `strapi_transfer_tokens`;
/*!40101 SET @saved_cs_client     = @@character_set_client */;
/*!50503 SET character_set_client = utf8mb4 */;
CREATE TABLE `strapi_transfer_tokens` (
  `id` int unsigned NOT NULL AUTO_INCREMENT,
  `document_id` varchar(255) DEFAULT NULL,
  `name` varchar(255) DEFAULT NULL,
  `description` varchar(255) DEFAULT NULL,
  `access_key` varchar(255) DEFAULT NULL,
  `last_used_at` datetime(6) DEFAULT NULL,
  `expires_at` datetime(6) DEFAULT NULL,
  `lifespan` bigint DEFAULT NULL,
  `created_at` datetime(6) DEFAULT NULL,
  `updated_at` datetime(6) DEFAULT NULL,
  `published_at` datetime(6) DEFAULT NULL,
  `created_by_id` int unsigned DEFAULT NULL,
  `updated_by_id` int unsigned DEFAULT NULL,
  `locale` varchar(255) DEFAULT NULL,
  PRIMARY KEY (`id`),
  KEY `strapi_transfer_tokens_documents_idx` (`document_id`,`locale`,`published_at`),
  KEY `strapi_transfer_tokens_created_by_id_fk` (`created_by_id`),
  KEY `strapi_transfer_tokens_updated_by_id_fk` (`updated_by_id`),
  CONSTRAINT `strapi_transfer_tokens_created_by_id_fk` FOREIGN KEY (`created_by_id`) REFERENCES `admin_users` (`id`) ON DELETE SET NULL,
  CONSTRAINT `strapi_transfer_tokens_updated_by_id_fk` FOREIGN KEY (`updated_by_id`) REFERENCES `admin_users` (`id`) ON DELETE SET NULL
) ENGINE=InnoDB DEFAULT CHARSET=utf8mb4 COLLATE=utf8mb4_0900_ai_ci;
/*!40101 SET character_set_client = @saved_cs_client */;

--
-- Dumping data for table `strapi_transfer_tokens`
--

LOCK TABLES `strapi_transfer_tokens` WRITE;
/*!40000 ALTER TABLE `strapi_transfer_tokens` DISABLE KEYS */;
/*!40000 ALTER TABLE `strapi_transfer_tokens` ENABLE KEYS */;
UNLOCK TABLES;

--
-- Table structure for table `strapi_webhooks`
--

DROP TABLE IF EXISTS `strapi_webhooks`;
/*!40101 SET @saved_cs_client     = @@character_set_client */;
/*!50503 SET character_set_client = utf8mb4 */;
CREATE TABLE `strapi_webhooks` (
  `id` int unsigned NOT NULL AUTO_INCREMENT,
  `name` varchar(255) DEFAULT NULL,
  `url` longtext,
  `headers` json DEFAULT NULL,
  `events` json DEFAULT NULL,
  `enabled` tinyint(1) DEFAULT NULL,
  PRIMARY KEY (`id`)
) ENGINE=InnoDB DEFAULT CHARSET=utf8mb4 COLLATE=utf8mb4_0900_ai_ci;
/*!40101 SET character_set_client = @saved_cs_client */;

--
-- Dumping data for table `strapi_webhooks`
--

LOCK TABLES `strapi_webhooks` WRITE;
/*!40000 ALTER TABLE `strapi_webhooks` DISABLE KEYS */;
/*!40000 ALTER TABLE `strapi_webhooks` ENABLE KEYS */;
UNLOCK TABLES;

--
-- Table structure for table `strapi_workflows`
--

DROP TABLE IF EXISTS `strapi_workflows`;
/*!40101 SET @saved_cs_client     = @@character_set_client */;
/*!50503 SET character_set_client = utf8mb4 */;
CREATE TABLE `strapi_workflows` (
  `id` int unsigned NOT NULL AUTO_INCREMENT,
  `document_id` varchar(255) DEFAULT NULL,
  `name` varchar(255) DEFAULT NULL,
  `content_types` json DEFAULT NULL,
  `created_at` datetime(6) DEFAULT NULL,
  `updated_at` datetime(6) DEFAULT NULL,
  `published_at` datetime(6) DEFAULT NULL,
  `created_by_id` int unsigned DEFAULT NULL,
  `updated_by_id` int unsigned DEFAULT NULL,
  `locale` varchar(255) DEFAULT NULL,
  PRIMARY KEY (`id`),
  KEY `strapi_workflows_documents_idx` (`document_id`,`locale`,`published_at`),
  KEY `strapi_workflows_created_by_id_fk` (`created_by_id`),
  KEY `strapi_workflows_updated_by_id_fk` (`updated_by_id`),
  CONSTRAINT `strapi_workflows_created_by_id_fk` FOREIGN KEY (`created_by_id`) REFERENCES `admin_users` (`id`) ON DELETE SET NULL,
  CONSTRAINT `strapi_workflows_updated_by_id_fk` FOREIGN KEY (`updated_by_id`) REFERENCES `admin_users` (`id`) ON DELETE SET NULL
) ENGINE=InnoDB DEFAULT CHARSET=utf8mb4 COLLATE=utf8mb4_0900_ai_ci;
/*!40101 SET character_set_client = @saved_cs_client */;

--
-- Dumping data for table `strapi_workflows`
--

LOCK TABLES `strapi_workflows` WRITE;
/*!40000 ALTER TABLE `strapi_workflows` DISABLE KEYS */;
/*!40000 ALTER TABLE `strapi_workflows` ENABLE KEYS */;
UNLOCK TABLES;

--
-- Table structure for table `strapi_workflows_stage_required_to_publish_lnk`
--

DROP TABLE IF EXISTS `strapi_workflows_stage_required_to_publish_lnk`;
/*!40101 SET @saved_cs_client     = @@character_set_client */;
/*!50503 SET character_set_client = utf8mb4 */;
CREATE TABLE `strapi_workflows_stage_required_to_publish_lnk` (
  `id` int unsigned NOT NULL AUTO_INCREMENT,
  `workflow_id` int unsigned DEFAULT NULL,
  `workflow_stage_id` int unsigned DEFAULT NULL,
  PRIMARY KEY (`id`),
  UNIQUE KEY `strapi_workflows_stage_required_to_publish_lnk_uq` (`workflow_id`,`workflow_stage_id`),
  KEY `strapi_workflows_stage_required_to_publish_lnk_fk` (`workflow_id`),
  KEY `strapi_workflows_stage_required_to_publish_lnk_ifk` (`workflow_stage_id`),
  CONSTRAINT `strapi_workflows_stage_required_to_publish_lnk_fk` FOREIGN KEY (`workflow_id`) REFERENCES `strapi_workflows` (`id`) ON DELETE CASCADE,
  CONSTRAINT `strapi_workflows_stage_required_to_publish_lnk_ifk` FOREIGN KEY (`workflow_stage_id`) REFERENCES `strapi_workflows_stages` (`id`) ON DELETE CASCADE
) ENGINE=InnoDB DEFAULT CHARSET=utf8mb4 COLLATE=utf8mb4_0900_ai_ci;
/*!40101 SET character_set_client = @saved_cs_client */;

--
-- Dumping data for table `strapi_workflows_stage_required_to_publish_lnk`
--

LOCK TABLES `strapi_workflows_stage_required_to_publish_lnk` WRITE;
/*!40000 ALTER TABLE `strapi_workflows_stage_required_to_publish_lnk` DISABLE KEYS */;
/*!40000 ALTER TABLE `strapi_workflows_stage_required_to_publish_lnk` ENABLE KEYS */;
UNLOCK TABLES;

--
-- Table structure for table `strapi_workflows_stages`
--

DROP TABLE IF EXISTS `strapi_workflows_stages`;
/*!40101 SET @saved_cs_client     = @@character_set_client */;
/*!50503 SET character_set_client = utf8mb4 */;
CREATE TABLE `strapi_workflows_stages` (
  `id` int unsigned NOT NULL AUTO_INCREMENT,
  `document_id` varchar(255) DEFAULT NULL,
  `name` varchar(255) DEFAULT NULL,
  `color` varchar(255) DEFAULT NULL,
  `created_at` datetime(6) DEFAULT NULL,
  `updated_at` datetime(6) DEFAULT NULL,
  `published_at` datetime(6) DEFAULT NULL,
  `created_by_id` int unsigned DEFAULT NULL,
  `updated_by_id` int unsigned DEFAULT NULL,
  `locale` varchar(255) DEFAULT NULL,
  PRIMARY KEY (`id`),
  KEY `strapi_workflows_stages_documents_idx` (`document_id`,`locale`,`published_at`),
  KEY `strapi_workflows_stages_created_by_id_fk` (`created_by_id`),
  KEY `strapi_workflows_stages_updated_by_id_fk` (`updated_by_id`),
  CONSTRAINT `strapi_workflows_stages_created_by_id_fk` FOREIGN KEY (`created_by_id`) REFERENCES `admin_users` (`id`) ON DELETE SET NULL,
  CONSTRAINT `strapi_workflows_stages_updated_by_id_fk` FOREIGN KEY (`updated_by_id`) REFERENCES `admin_users` (`id`) ON DELETE SET NULL
) ENGINE=InnoDB DEFAULT CHARSET=utf8mb4 COLLATE=utf8mb4_0900_ai_ci;
/*!40101 SET character_set_client = @saved_cs_client */;

--
-- Dumping data for table `strapi_workflows_stages`
--

LOCK TABLES `strapi_workflows_stages` WRITE;
/*!40000 ALTER TABLE `strapi_workflows_stages` DISABLE KEYS */;
/*!40000 ALTER TABLE `strapi_workflows_stages` ENABLE KEYS */;
UNLOCK TABLES;

--
-- Table structure for table `strapi_workflows_stages_permissions_lnk`
--

DROP TABLE IF EXISTS `strapi_workflows_stages_permissions_lnk`;
/*!40101 SET @saved_cs_client     = @@character_set_client */;
/*!50503 SET character_set_client = utf8mb4 */;
CREATE TABLE `strapi_workflows_stages_permissions_lnk` (
  `id` int unsigned NOT NULL AUTO_INCREMENT,
  `workflow_stage_id` int unsigned DEFAULT NULL,
  `permission_id` int unsigned DEFAULT NULL,
  `permission_ord` double unsigned DEFAULT NULL,
  PRIMARY KEY (`id`),
  UNIQUE KEY `strapi_workflows_stages_permissions_lnk_uq` (`workflow_stage_id`,`permission_id`),
  KEY `strapi_workflows_stages_permissions_lnk_fk` (`workflow_stage_id`),
  KEY `strapi_workflows_stages_permissions_lnk_ifk` (`permission_id`),
  KEY `strapi_workflows_stages_permissions_lnk_ofk` (`permission_ord`),
  CONSTRAINT `strapi_workflows_stages_permissions_lnk_fk` FOREIGN KEY (`workflow_stage_id`) REFERENCES `strapi_workflows_stages` (`id`) ON DELETE CASCADE,
  CONSTRAINT `strapi_workflows_stages_permissions_lnk_ifk` FOREIGN KEY (`permission_id`) REFERENCES `admin_permissions` (`id`) ON DELETE CASCADE
) ENGINE=InnoDB DEFAULT CHARSET=utf8mb4 COLLATE=utf8mb4_0900_ai_ci;
/*!40101 SET character_set_client = @saved_cs_client */;

--
-- Dumping data for table `strapi_workflows_stages_permissions_lnk`
--

LOCK TABLES `strapi_workflows_stages_permissions_lnk` WRITE;
/*!40000 ALTER TABLE `strapi_workflows_stages_permissions_lnk` DISABLE KEYS */;
/*!40000 ALTER TABLE `strapi_workflows_stages_permissions_lnk` ENABLE KEYS */;
UNLOCK TABLES;

--
-- Table structure for table `strapi_workflows_stages_workflow_lnk`
--

DROP TABLE IF EXISTS `strapi_workflows_stages_workflow_lnk`;
/*!40101 SET @saved_cs_client     = @@character_set_client */;
/*!50503 SET character_set_client = utf8mb4 */;
CREATE TABLE `strapi_workflows_stages_workflow_lnk` (
  `id` int unsigned NOT NULL AUTO_INCREMENT,
  `workflow_stage_id` int unsigned DEFAULT NULL,
  `workflow_id` int unsigned DEFAULT NULL,
  `workflow_stage_ord` double unsigned DEFAULT NULL,
  PRIMARY KEY (`id`),
  UNIQUE KEY `strapi_workflows_stages_workflow_lnk_uq` (`workflow_stage_id`,`workflow_id`),
  KEY `strapi_workflows_stages_workflow_lnk_fk` (`workflow_stage_id`),
  KEY `strapi_workflows_stages_workflow_lnk_ifk` (`workflow_id`),
  KEY `strapi_workflows_stages_workflow_lnk_oifk` (`workflow_stage_ord`),
  CONSTRAINT `strapi_workflows_stages_workflow_lnk_fk` FOREIGN KEY (`workflow_stage_id`) REFERENCES `strapi_workflows_stages` (`id`) ON DELETE CASCADE,
  CONSTRAINT `strapi_workflows_stages_workflow_lnk_ifk` FOREIGN KEY (`workflow_id`) REFERENCES `strapi_workflows` (`id`) ON DELETE CASCADE
) ENGINE=InnoDB DEFAULT CHARSET=utf8mb4 COLLATE=utf8mb4_0900_ai_ci;
/*!40101 SET character_set_client = @saved_cs_client */;

--
-- Dumping data for table `strapi_workflows_stages_workflow_lnk`
--

LOCK TABLES `strapi_workflows_stages_workflow_lnk` WRITE;
/*!40000 ALTER TABLE `strapi_workflows_stages_workflow_lnk` DISABLE KEYS */;
/*!40000 ALTER TABLE `strapi_workflows_stages_workflow_lnk` ENABLE KEYS */;
UNLOCK TABLES;

--
-- Table structure for table `up_permissions`
--

DROP TABLE IF EXISTS `up_permissions`;
/*!40101 SET @saved_cs_client     = @@character_set_client */;
/*!50503 SET character_set_client = utf8mb4 */;
CREATE TABLE `up_permissions` (
  `id` int unsigned NOT NULL AUTO_INCREMENT,
  `document_id` varchar(255) DEFAULT NULL,
  `action` varchar(255) DEFAULT NULL,
  `created_at` datetime(6) DEFAULT NULL,
  `updated_at` datetime(6) DEFAULT NULL,
  `published_at` datetime(6) DEFAULT NULL,
  `created_by_id` int unsigned DEFAULT NULL,
  `updated_by_id` int unsigned DEFAULT NULL,
  `locale` varchar(255) DEFAULT NULL,
  PRIMARY KEY (`id`),
  KEY `up_permissions_documents_idx` (`document_id`,`locale`,`published_at`),
  KEY `up_permissions_created_by_id_fk` (`created_by_id`),
  KEY `up_permissions_updated_by_id_fk` (`updated_by_id`),
  CONSTRAINT `up_permissions_created_by_id_fk` FOREIGN KEY (`created_by_id`) REFERENCES `admin_users` (`id`) ON DELETE SET NULL,
  CONSTRAINT `up_permissions_updated_by_id_fk` FOREIGN KEY (`updated_by_id`) REFERENCES `admin_users` (`id`) ON DELETE SET NULL
) ENGINE=InnoDB AUTO_INCREMENT=20 DEFAULT CHARSET=utf8mb4 COLLATE=utf8mb4_0900_ai_ci;
/*!40101 SET character_set_client = @saved_cs_client */;

--
-- Dumping data for table `up_permissions`
--

LOCK TABLES `up_permissions` WRITE;
/*!40000 ALTER TABLE `up_permissions` DISABLE KEYS */;
INSERT INTO `up_permissions` VALUES (1,'to3qzjb8obhytvsbc0s10ie2','plugin::users-permissions.user.me','2024-11-15 15:42:09.497000','2024-11-15 15:42:09.497000','2024-11-15 15:42:09.497000',NULL,NULL,NULL),(2,'p3ad6aa82qkqdg58ghggwa60','plugin::users-permissions.auth.changePassword','2024-11-15 15:42:09.497000','2024-11-15 15:42:09.497000','2024-11-15 15:42:09.498000',NULL,NULL,NULL),(3,'jzajou4we8hi8ey7jgm4nv6f','plugin::users-permissions.auth.callback','2024-11-15 15:42:09.510000','2024-11-15 15:42:09.510000','2024-11-15 15:42:09.511000',NULL,NULL,NULL),(4,'s618eow28dl6dc1itah96htm','plugin::users-permissions.auth.connect','2024-11-15 15:42:09.510000','2024-11-15 15:42:09.510000','2024-11-15 15:42:09.511000',NULL,NULL,NULL),(5,'c8x7mfnn3200ji83bysancbz','plugin::users-permissions.auth.forgotPassword','2024-11-15 15:42:09.510000','2024-11-15 15:42:09.510000','2024-11-15 15:42:09.511000',NULL,NULL,NULL),(6,'npry67xuhrzv6ouzyhlgrje2','plugin::users-permissions.auth.resetPassword','2024-11-15 15:42:09.510000','2024-11-15 15:42:09.510000','2024-11-15 15:42:09.511000',NULL,NULL,NULL),(7,'x7tmynhbzme80ag9rrm9yt1z','plugin::users-permissions.auth.register','2024-11-15 15:42:09.510000','2024-11-15 15:42:09.510000','2024-11-15 15:42:09.511000',NULL,NULL,NULL),(8,'t3mvobtxnwgvr1i5j9ryci4i','plugin::users-permissions.auth.emailConfirmation','2024-11-15 15:42:09.510000','2024-11-15 15:42:09.510000','2024-11-15 15:42:09.511000',NULL,NULL,NULL),(9,'fz925h2p479vzw5lqg84tzef','plugin::users-permissions.auth.sendEmailConfirmation','2024-11-15 15:42:09.510000','2024-11-15 15:42:09.510000','2024-11-15 15:42:09.511000',NULL,NULL,NULL),(10,'t1fywn3is0f7dhh0n7crohkd','api::article.article.find','2024-11-15 15:42:10.351000','2024-11-15 15:42:10.351000','2024-11-15 15:42:10.351000',NULL,NULL,NULL),(11,'tpcoj2g6uzl4r5mne508kpmy','api::article.article.findOne','2024-11-15 15:42:10.351000','2024-11-15 15:42:10.351000','2024-11-15 15:42:10.352000',NULL,NULL,NULL),(12,'evndzzy0ls5otorei0bx0gui','api::category.category.findOne','2024-11-15 15:42:10.351000','2024-11-15 15:42:10.351000','2024-11-15 15:42:10.352000',NULL,NULL,NULL),(13,'p2up1vp8rvpol0t7c9h45exq','api::author.author.find','2024-11-15 15:42:10.351000','2024-11-15 15:42:10.351000','2024-11-15 15:42:10.352000',NULL,NULL,NULL),(14,'la3rt0mai4g71mo466q0p7wp','api::category.category.find','2024-11-15 15:42:10.351000','2024-11-15 15:42:10.351000','2024-11-15 15:42:10.352000',NULL,NULL,NULL),(15,'nom7cfu2fai841exwre4cd3w','api::author.author.findOne','2024-11-15 15:42:10.351000','2024-11-15 15:42:10.351000','2024-11-15 15:42:10.352000',NULL,NULL,NULL),(16,'p50e75wndhk83ye132u08l2v','api::global.global.find','2024-11-15 15:42:10.351000','2024-11-15 15:42:10.351000','2024-11-15 15:42:10.352000',NULL,NULL,NULL),(19,'wbdnosu16y6ty31d11el4fj1','api::about.about.find','2024-11-15 15:42:10.351000','2024-11-15 15:42:10.351000','2024-11-15 15:42:10.352000',NULL,NULL,NULL);
/*!40000 ALTER TABLE `up_permissions` ENABLE KEYS */;
UNLOCK TABLES;

--
-- Table structure for table `up_permissions_role_lnk`
--

DROP TABLE IF EXISTS `up_permissions_role_lnk`;
/*!40101 SET @saved_cs_client     = @@character_set_client */;
/*!50503 SET character_set_client = utf8mb4 */;
CREATE TABLE `up_permissions_role_lnk` (
  `id` int unsigned NOT NULL AUTO_INCREMENT,
  `permission_id` int unsigned DEFAULT NULL,
  `role_id` int unsigned DEFAULT NULL,
  `permission_ord` double unsigned DEFAULT NULL,
  PRIMARY KEY (`id`),
  UNIQUE KEY `up_permissions_role_lnk_uq` (`permission_id`,`role_id`),
  KEY `up_permissions_role_lnk_fk` (`permission_id`),
  KEY `up_permissions_role_lnk_ifk` (`role_id`),
  KEY `up_permissions_role_lnk_oifk` (`permission_ord`),
  CONSTRAINT `up_permissions_role_lnk_fk` FOREIGN KEY (`permission_id`) REFERENCES `up_permissions` (`id`) ON DELETE CASCADE,
  CONSTRAINT `up_permissions_role_lnk_ifk` FOREIGN KEY (`role_id`) REFERENCES `up_roles` (`id`) ON DELETE CASCADE
) ENGINE=InnoDB AUTO_INCREMENT=20 DEFAULT CHARSET=utf8mb4 COLLATE=utf8mb4_0900_ai_ci;
/*!40101 SET character_set_client = @saved_cs_client */;

--
-- Dumping data for table `up_permissions_role_lnk`
--

LOCK TABLES `up_permissions_role_lnk` WRITE;
/*!40000 ALTER TABLE `up_permissions_role_lnk` DISABLE KEYS */;
INSERT INTO `up_permissions_role_lnk` VALUES (1,2,1,1),(2,1,1,1),(3,3,2,1),(4,4,2,1),(5,9,2,1),(6,6,2,1),(7,7,2,1),(8,5,2,1),(9,8,2,1),(11,11,2,2),(13,13,2,2),(14,19,2,2),(15,14,2,2),(16,15,2,2),(17,12,2,2),(18,10,2,2),(19,16,2,3);
/*!40000 ALTER TABLE `up_permissions_role_lnk` ENABLE KEYS */;
UNLOCK TABLES;

--
-- Table structure for table `up_roles`
--

DROP TABLE IF EXISTS `up_roles`;
/*!40101 SET @saved_cs_client     = @@character_set_client */;
/*!50503 SET character_set_client = utf8mb4 */;
CREATE TABLE `up_roles` (
  `id` int unsigned NOT NULL AUTO_INCREMENT,
  `document_id` varchar(255) DEFAULT NULL,
  `name` varchar(255) DEFAULT NULL,
  `description` varchar(255) DEFAULT NULL,
  `type` varchar(255) DEFAULT NULL,
  `created_at` datetime(6) DEFAULT NULL,
  `updated_at` datetime(6) DEFAULT NULL,
  `published_at` datetime(6) DEFAULT NULL,
  `created_by_id` int unsigned DEFAULT NULL,
  `updated_by_id` int unsigned DEFAULT NULL,
  `locale` varchar(255) DEFAULT NULL,
  PRIMARY KEY (`id`),
  KEY `up_roles_documents_idx` (`document_id`,`locale`,`published_at`),
  KEY `up_roles_created_by_id_fk` (`created_by_id`),
  KEY `up_roles_updated_by_id_fk` (`updated_by_id`),
  CONSTRAINT `up_roles_created_by_id_fk` FOREIGN KEY (`created_by_id`) REFERENCES `admin_users` (`id`) ON DELETE SET NULL,
  CONSTRAINT `up_roles_updated_by_id_fk` FOREIGN KEY (`updated_by_id`) REFERENCES `admin_users` (`id`) ON DELETE SET NULL
) ENGINE=InnoDB AUTO_INCREMENT=3 DEFAULT CHARSET=utf8mb4 COLLATE=utf8mb4_0900_ai_ci;
/*!40101 SET character_set_client = @saved_cs_client */;

--
-- Dumping data for table `up_roles`
--

LOCK TABLES `up_roles` WRITE;
/*!40000 ALTER TABLE `up_roles` DISABLE KEYS */;
INSERT INTO `up_roles` VALUES (1,'wj11mdkucic0me3jsm9u7i5y','Authenticated','Default role given to authenticated user.','authenticated','2024-11-15 15:42:09.488000','2024-11-15 15:42:09.488000','2024-11-15 15:42:09.488000',NULL,NULL,NULL),(2,'ndcsm34w39lmhq0io2sitlyh','Public','Default role given to unauthenticated user.','public','2024-11-15 15:42:09.491000','2024-11-15 15:42:09.491000','2024-11-15 15:42:09.491000',NULL,NULL,NULL);
/*!40000 ALTER TABLE `up_roles` ENABLE KEYS */;
UNLOCK TABLES;

--
-- Table structure for table `up_users`
--

DROP TABLE IF EXISTS `up_users`;
/*!40101 SET @saved_cs_client     = @@character_set_client */;
/*!50503 SET character_set_client = utf8mb4 */;
CREATE TABLE `up_users` (
  `id` int unsigned NOT NULL AUTO_INCREMENT,
  `document_id` varchar(255) DEFAULT NULL,
  `username` varchar(255) DEFAULT NULL,
  `email` varchar(255) DEFAULT NULL,
  `provider` varchar(255) DEFAULT NULL,
  `password` varchar(255) DEFAULT NULL,
  `reset_password_token` varchar(255) DEFAULT NULL,
  `confirmation_token` varchar(255) DEFAULT NULL,
  `confirmed` tinyint(1) DEFAULT NULL,
  `blocked` tinyint(1) DEFAULT NULL,
  `created_at` datetime(6) DEFAULT NULL,
  `updated_at` datetime(6) DEFAULT NULL,
  `published_at` datetime(6) DEFAULT NULL,
  `created_by_id` int unsigned DEFAULT NULL,
  `updated_by_id` int unsigned DEFAULT NULL,
  `locale` varchar(255) DEFAULT NULL,
  PRIMARY KEY (`id`),
  KEY `up_users_documents_idx` (`document_id`,`locale`,`published_at`),
  KEY `up_users_created_by_id_fk` (`created_by_id`),
  KEY `up_users_updated_by_id_fk` (`updated_by_id`),
  CONSTRAINT `up_users_created_by_id_fk` FOREIGN KEY (`created_by_id`) REFERENCES `admin_users` (`id`) ON DELETE SET NULL,
  CONSTRAINT `up_users_updated_by_id_fk` FOREIGN KEY (`updated_by_id`) REFERENCES `admin_users` (`id`) ON DELETE SET NULL
) ENGINE=InnoDB DEFAULT CHARSET=utf8mb4 COLLATE=utf8mb4_0900_ai_ci;
/*!40101 SET character_set_client = @saved_cs_client */;

--
-- Dumping data for table `up_users`
--

LOCK TABLES `up_users` WRITE;
/*!40000 ALTER TABLE `up_users` DISABLE KEYS */;
/*!40000 ALTER TABLE `up_users` ENABLE KEYS */;
UNLOCK TABLES;

--
-- Table structure for table `up_users_role_lnk`
--

DROP TABLE IF EXISTS `up_users_role_lnk`;
/*!40101 SET @saved_cs_client     = @@character_set_client */;
/*!50503 SET character_set_client = utf8mb4 */;
CREATE TABLE `up_users_role_lnk` (
  `id` int unsigned NOT NULL AUTO_INCREMENT,
  `user_id` int unsigned DEFAULT NULL,
  `role_id` int unsigned DEFAULT NULL,
  `user_ord` double unsigned DEFAULT NULL,
  PRIMARY KEY (`id`),
  UNIQUE KEY `up_users_role_lnk_uq` (`user_id`,`role_id`),
  KEY `up_users_role_lnk_fk` (`user_id`),
  KEY `up_users_role_lnk_ifk` (`role_id`),
  KEY `up_users_role_lnk_oifk` (`user_ord`),
  CONSTRAINT `up_users_role_lnk_fk` FOREIGN KEY (`user_id`) REFERENCES `up_users` (`id`) ON DELETE CASCADE,
  CONSTRAINT `up_users_role_lnk_ifk` FOREIGN KEY (`role_id`) REFERENCES `up_roles` (`id`) ON DELETE CASCADE
) ENGINE=InnoDB DEFAULT CHARSET=utf8mb4 COLLATE=utf8mb4_0900_ai_ci;
/*!40101 SET character_set_client = @saved_cs_client */;

--
-- Dumping data for table `up_users_role_lnk`
--

LOCK TABLES `up_users_role_lnk` WRITE;
/*!40000 ALTER TABLE `up_users_role_lnk` DISABLE KEYS */;
/*!40000 ALTER TABLE `up_users_role_lnk` ENABLE KEYS */;
UNLOCK TABLES;

--
-- Table structure for table `upload_folders`
--

DROP TABLE IF EXISTS `upload_folders`;
/*!40101 SET @saved_cs_client     = @@character_set_client */;
/*!50503 SET character_set_client = utf8mb4 */;
CREATE TABLE `upload_folders` (
  `id` int unsigned NOT NULL AUTO_INCREMENT,
  `document_id` varchar(255) DEFAULT NULL,
  `name` varchar(255) DEFAULT NULL,
  `path_id` int DEFAULT NULL,
  `path` varchar(255) DEFAULT NULL,
  `created_at` datetime(6) DEFAULT NULL,
  `updated_at` datetime(6) DEFAULT NULL,
  `published_at` datetime(6) DEFAULT NULL,
  `created_by_id` int unsigned DEFAULT NULL,
  `updated_by_id` int unsigned DEFAULT NULL,
  `locale` varchar(255) DEFAULT NULL,
  PRIMARY KEY (`id`),
  UNIQUE KEY `upload_folders_path_id_index` (`path_id`),
  UNIQUE KEY `upload_folders_path_index` (`path`),
  KEY `upload_folders_documents_idx` (`document_id`,`locale`,`published_at`),
  KEY `upload_folders_created_by_id_fk` (`created_by_id`),
  KEY `upload_folders_updated_by_id_fk` (`updated_by_id`),
  CONSTRAINT `upload_folders_created_by_id_fk` FOREIGN KEY (`created_by_id`) REFERENCES `admin_users` (`id`) ON DELETE SET NULL,
  CONSTRAINT `upload_folders_updated_by_id_fk` FOREIGN KEY (`updated_by_id`) REFERENCES `admin_users` (`id`) ON DELETE SET NULL
) ENGINE=InnoDB DEFAULT CHARSET=utf8mb4 COLLATE=utf8mb4_0900_ai_ci;
/*!40101 SET character_set_client = @saved_cs_client */;

--
-- Dumping data for table `upload_folders`
--

LOCK TABLES `upload_folders` WRITE;
/*!40000 ALTER TABLE `upload_folders` DISABLE KEYS */;
/*!40000 ALTER TABLE `upload_folders` ENABLE KEYS */;
UNLOCK TABLES;

--
-- Table structure for table `upload_folders_parent_lnk`
--

DROP TABLE IF EXISTS `upload_folders_parent_lnk`;
/*!40101 SET @saved_cs_client     = @@character_set_client */;
/*!50503 SET character_set_client = utf8mb4 */;
CREATE TABLE `upload_folders_parent_lnk` (
  `id` int unsigned NOT NULL AUTO_INCREMENT,
  `folder_id` int unsigned DEFAULT NULL,
  `inv_folder_id` int unsigned DEFAULT NULL,
  `folder_ord` double unsigned DEFAULT NULL,
  PRIMARY KEY (`id`),
  UNIQUE KEY `upload_folders_parent_lnk_uq` (`folder_id`,`inv_folder_id`),
  KEY `upload_folders_parent_lnk_fk` (`folder_id`),
  KEY `upload_folders_parent_lnk_ifk` (`inv_folder_id`),
  KEY `upload_folders_parent_lnk_oifk` (`folder_ord`),
  CONSTRAINT `upload_folders_parent_lnk_fk` FOREIGN KEY (`folder_id`) REFERENCES `upload_folders` (`id`) ON DELETE CASCADE,
  CONSTRAINT `upload_folders_parent_lnk_ifk` FOREIGN KEY (`inv_folder_id`) REFERENCES `upload_folders` (`id`) ON DELETE CASCADE
) ENGINE=InnoDB DEFAULT CHARSET=utf8mb4 COLLATE=utf8mb4_0900_ai_ci;
/*!40101 SET character_set_client = @saved_cs_client */;

--
-- Dumping data for table `upload_folders_parent_lnk`
--

LOCK TABLES `upload_folders_parent_lnk` WRITE;
/*!40000 ALTER TABLE `upload_folders_parent_lnk` DISABLE KEYS */;
/*!40000 ALTER TABLE `upload_folders_parent_lnk` ENABLE KEYS */;
UNLOCK TABLES;
/*!40103 SET TIME_ZONE=@OLD_TIME_ZONE */;

/*!40101 SET SQL_MODE=@OLD_SQL_MODE */;
/*!40014 SET FOREIGN_KEY_CHECKS=@OLD_FOREIGN_KEY_CHECKS */;
/*!40014 SET UNIQUE_CHECKS=@OLD_UNIQUE_CHECKS */;
/*!40101 SET CHARACTER_SET_CLIENT=@OLD_CHARACTER_SET_CLIENT */;
/*!40101 SET CHARACTER_SET_RESULTS=@OLD_CHARACTER_SET_RESULTS */;
/*!40101 SET COLLATION_CONNECTION=@OLD_COLLATION_CONNECTION */;
/*!40111 SET SQL_NOTES=@OLD_SQL_NOTES */;

-- Dump completed on 2024-11-15 12:45:28
